{"type":"FeatureCollection","features":[{"type":"Feature","geometry":{"type":"Polygon","coordinates":[[[79.45866232020596,11.150554685663923],[79.45582104059045,11.155884718837573],[79.46008368764907,11.159368721250493],[79.46388165777081,11.170537128715079],[79.4723526433393,11.177197471702303],[79.4817970110103,11.177632939998132],[79.49563060465168,11.198981397849892],[79.50182068057721,11.203347893184414],[79.50547045203326,11.222406557151489],[79.51021149060827,11.228140124416187],[79.50494853803968,11.232748503968077],[79.50505153707356,11.23803263480643],[79.49517367568409,11.248409734217658],[79.4948878434388,11.258510150105844],[79.50398435917728,11.257773745126672],[79.50524522822187,11.264581659573006],[79.50389545201529,11.272405489110486],[79.50116599827959,11.272689067730377],[79.50174390426483,11.29099597696579],[79.49750256883797,11.292997993408104],[79.49710355874831,11.303060016591806],[79.49508403459853,11.303589652257278],[79.49830327138669,11.313889834944908],[79.48741753528276,11.316827486290482],[79.47355266859138,11.314065760818972],[79.47090206178481,11.318125665981624],[79.4632304007494,11.318326754989744],[79.46408312563456,11.321210378782787],[79.46080360111102,11.320781854432445],[79.46149587700495,11.323213512433416],[79.45809852675386,11.327635114117571],[79.455267466373,11.325877488567258],[79.4519474341184,11.328563262042834],[79.45236967913289,11.332075321342272],[79.44865116320138,11.335235766659927],[79.43752509002971,11.333796133758499],[79.43553846667719,11.340590287966656],[79.43309694724458,11.339912696332402],[79.43079850158897,11.34554971169691],[79.43658439672204,11.348920732882759],[79.43732348382542,11.357287386146046],[79.42843225918052,11.357392880211776],[79.42580431597028,11.366659579402219],[79.42469938367923,11.360358658324245],[79.40853872765054,11.364862615337747],[79.4053678947848,11.354141094300768],[79.40033801371,11.349901547310164],[79.3952032857668,11.353513418855139],[79.39362347527049,11.366707793967741],[79.38923497513883,11.366938460382297],[79.3890975939858,11.368760082108029],[79.3940682590154,11.377167387615444],[79.3913150699933,11.378234241353256],[79.39197967058995,11.388160445577702],[79.3897485976823,11.387952587057239],[79.38974408634294,11.390542625787832],[79.39055059470337,11.397404171642112],[79.39402336840406,11.399248265765832],[79.39406928578978,11.401702696845984],[79.38464525867177,11.406584674044922],[79.38508053374942,11.409206347188501],[79.37980712029938,11.410508150703919],[79.37771346178246,11.401689348022758],[79.38202920107102,11.40016609602817],[79.3824323685638,11.402245357371843],[79.38542864888832,11.401915368286229],[79.38403584966787,11.397119515587224],[79.37329244623078,11.39852967387491],[79.37455675043302,11.404885019382014],[79.37737437381384,11.405300929890217],[79.37771789766333,11.411272029311693],[79.36998388456405,11.41699429739765],[79.3620803198448,11.41869795378824],[79.35319173175525,11.418905140859335],[79.34613165993495,11.41581711176323],[79.32226940920893,11.419696008048911],[79.3127396575685,11.418491557286437],[79.31265770696007,11.416348995658078],[79.2997430350571,11.412413146933957],[79.29258654795566,11.41232516900008],[79.29000115434717,11.40230324618399],[79.29580804131183,11.37993486728749],[79.27361696783136,11.38033885677948],[79.27292772914143,11.385771801799743],[79.25861028671832,11.388473698439054],[79.25549605310542,11.386171628168178],[79.24942746444061,11.372835016264332],[79.24155668373767,11.369617165845309],[79.23817702939932,11.372660398283982],[79.23783022580076,11.388616614686214],[79.23335071195778,11.391524636366906],[79.22603463016299,11.392046899215556],[79.18970684720978,11.379318498152651],[79.18346659857902,11.375111375804684],[79.17352108057392,11.374331020426164],[79.16814751395285,11.378420763311842],[79.16322304658337,11.375299603022777],[79.16350190520714,11.370395207369317],[79.15313950423155,11.366834282964808],[79.15023027155634,11.360320894133993],[79.15960603578743,11.348780259305093],[79.15746144728544,11.338420259398948],[79.1503160085637,11.339731629394405],[79.14961028399165,11.334967425985687],[79.14710015842418,11.333801338388856],[79.13004747711497,11.33097209740087],[79.12496382378554,11.31075784988973],[79.14091135541143,11.30930684069046],[79.14270170855244,11.299113868424936],[79.13962402828678,11.295741863151106],[79.13926667128023,11.29001027762596],[79.1301026318768,11.297577153073796],[79.11409191724543,11.293734517787525],[79.11102378786784,11.288956458368148],[79.11340084778891,11.286981300937857],[79.1130301148678,11.282800108162357],[79.10958627590242,11.282872223923498],[79.1089782071849,11.270229258277618],[79.1152335924282,11.27043302559837],[79.12196552943816,11.264109683746625],[79.12244193657604,11.259065178940796],[79.1199828892156,11.258852588889154],[79.12217399607624,11.248729128599315],[79.10944463942988,11.244384506641376],[79.11116731259908,11.230602594803205],[79.10740339311819,11.232188870871418],[79.10390093458895,11.229462909002857],[79.09891000985473,11.230664818164097],[79.09344709320227,11.199849992134496],[79.08912523459,11.199754439268377],[79.08548013167845,11.204766784880688],[79.07456540873693,11.204556980803515],[79.07313165891591,11.208114068588433],[79.0659261076303,11.204360849176362],[79.0672344445528,11.18885684802993],[79.07063588034183,11.188880187694979],[79.0757702579421,11.189265151338322],[79.07836070277745,11.180446968907905],[79.06936571912395,11.177113823580044],[79.07298369830379,11.170180579680064],[79.07246865642217,11.159246097302367],[79.07075304670602,11.154458797109926],[79.05952026356007,11.152273058422628],[79.06056666432214,11.141271105400307],[79.05609931007488,11.140533242986722],[79.05506766324301,11.129869795347949],[79.05714109978459,11.129888412698875],[79.05924767158375,11.12554495566084],[79.06117403055708,11.128090279781805],[79.06539904359525,11.126866332679322],[79.064521387766,11.12195718481212],[79.06749719189195,11.118323540318716],[79.06609287716786,11.114770322185981],[79.06940781777142,11.108894776583899],[79.0543564328966,11.084974792354588],[79.04880006809836,11.08670000464356],[79.03227987305532,11.083883366400302],[79.03042005139672,11.07605824160283],[79.02443980934515,11.07313163262716],[79.02441439241251,11.067666671818419],[79.01825074492264,11.066443920002863],[79.01843514210104,11.062904652288731],[79.01315430766843,11.062708268280991],[79.0064474210785,11.058854294211763],[79.00997384935445,11.040860636321824],[79.01004978304711,11.034337983307715],[79.00805079258808,11.032981158809084],[79.01231997039883,11.010092299710484],[78.99408146530392,11.00060917715923],[78.99185646231267,11.001401810286566],[78.98962124637494,10.978491406612877],[78.98226227272025,10.975530308668075],[78.98743134595172,10.966798338363859],[78.97561096669355,10.969020179373905],[78.97295526015114,10.971711319592721],[78.95339180738576,10.97306875605993],[78.94679830704929,10.976569255057967],[78.9462120853595,10.974982272920874],[78.94742440405625,10.961777909987058],[78.95028648775543,10.95552100239383],[78.96089555083668,10.949778435296292],[78.97204140311428,10.948368119600653],[78.97780001641222,10.943231988302873],[78.98269839940077,10.921667326176731],[78.9861278518469,10.927599566437417],[78.99033081843133,10.928419374623251],[79.00194696301466,10.922154058946798],[79.00694293178923,10.901283162791989],[79.00570955388726,10.89359668089016],[79.03253233917602,10.886567192049739],[79.04799952365315,10.887773973800854],[79.05509682435378,10.890614506037656],[79.06405883264979,10.899354338429706],[79.07160608779814,10.916958078569143],[79.08464009100514,10.926882341237329],[79.10991678496006,10.924954595049229],[79.14201329990583,10.940477594876619],[79.15698971767524,10.942216822180423],[79.17862600960255,10.93968704742865],[79.18921668506823,10.946452035159338],[79.2029035065686,10.949008165179068],[79.20477197002025,10.940478925796977],[79.20827563768185,10.940252399365901],[79.22219659787451,10.946451126729716],[79.23966339444485,10.964716303195384],[79.26888968066673,10.986446109905959],[79.27466774967708,10.993296430604568],[79.27332497314323,10.997079287424263],[79.28018580222677,11.000858669885398],[79.28054349071164,11.003829624355076],[79.29101745256406,11.014419377319985],[79.30324668205748,11.01718468167556],[79.30881404582806,11.02087008425832],[79.31182548342636,11.017602659071994],[79.33337362277649,11.030245515908808],[79.34332878958604,11.040648043576708],[79.35803005338394,11.049247083921363],[79.39891680257374,11.066939818906185],[79.41343862519867,11.081991047568765],[79.41740758244823,11.092070723941282],[79.42274461638331,11.097516929406163],[79.43111472923023,11.12145930170598],[79.45866232020596,11.150554685663923]]]},"properties":{"name":"Ariyalur","sourceVintage":"2011_c"},"id":668},{"type":"Feature","geometry":{"type":"Polygon","coordinates":[[[80.14455541543933,13.024325170912952],[80.14428382688115,13.031633382963069],[80.14650112322559,13.032116835324329],[80.14640441419536,13.034584562742639],[80.14564401007027,13.037477145188811],[80.13882641240978,13.041432041819602],[80.13990524774353,13.045694026816184],[80.12939475410342,13.045142791387935],[80.12873564490809,13.034969154755112],[80.1230519996139,13.033242541112003],[80.11841003533328,13.03550214638661],[80.11646446409092,13.039877036994673],[80.1087430552534,13.04177473967764],[80.10185633402843,13.03907129409016],[80.09950589927405,13.03494010792666],[80.08858919914059,13.041107791571733],[80.08212633181276,13.041188003094037],[80.08086363289992,13.038995713195405],[80.08377440528749,13.028452081251558],[80.0803105276031,13.016180714595501],[80.07603025290364,13.01724576756666],[80.07314119369477,13.012612654019522],[80.0577201556738,13.007528261338711],[80.05723386167789,13.002374286212929],[80.0607445936909,13.001286879313781],[80.06122660272288,12.992194897712618],[80.06416378288489,12.987499876583174],[80.062381932298,12.981958347038947],[80.05290507435981,12.982786611040092],[80.0469195044003,12.967947360641396],[80.04762201929182,12.96474763707617],[80.05022578434622,12.964698843151812],[80.0540527323224,12.958341041147344],[80.06189608835807,12.95786433131493],[80.06275663756932,12.961728816051869],[80.06496402010627,12.958305571014572],[80.07073767569361,12.963339999686214],[80.07254710725465,12.969704005751824],[80.07984227716797,12.969506889623498],[80.08050505508292,12.972991610437221],[80.08567195169645,12.969462851800321],[80.08449382108279,12.961607570354483],[80.10416667787,12.953359182326412],[80.09983666974144,12.945680791114315],[80.09117371779001,12.9467918155901],[80.08399992644128,12.926107476845141],[80.07029357826157,12.917483934587361],[80.06015203438676,12.900090425432087],[80.05194683785297,12.882027278922369],[80.05908034515112,12.872828033141175],[80.06134423531273,12.863679701612902],[80.05367145407816,12.851442580563583],[80.0506422882277,12.83904610566535],[80.04016389408767,12.839667394040392],[80.04027343734838,12.834275555358929],[80.03190866857908,12.830408171681126],[80.03037386457682,12.822630291361234],[80.0223186408814,12.822170242219247],[80.01732121324285,12.817483957960311],[80.01212620295419,12.816996191044046],[80.00851081271898,12.814519675076165],[80.00937180569798,12.80942618635109],[80.00681124781214,12.809236459732066],[80.00610213479484,12.812956011987486],[79.99207158373078,12.809614612905397],[79.97834632870929,12.814617231246112],[79.96778333033751,12.814044615852739],[79.96051412173588,12.824103428011384],[79.9568433476685,12.825269591392642],[79.95601089506435,12.817229229272371],[79.95834783981813,12.81080233141093],[79.9637318098285,12.809388936199746],[79.95599718856978,12.790771312929255],[79.94026113922641,12.79059206879787],[79.9393428993093,12.783413004160282],[79.93262139533306,12.787071004983689],[79.92667365343017,12.798385893136516],[79.9251817610507,12.794736587772896],[79.91027381017729,12.799874907864197],[79.90126788234868,12.784463417318424],[79.87687380921155,12.780022764061462],[79.87707284713241,12.777519122013793],[79.88750954956181,12.776784752107941],[79.88709934017554,12.774362698905547],[79.8910277339984,12.773337286611673],[79.88249165830109,12.767012841435358],[79.90356382799288,12.755626133241911],[79.91849681401494,12.75242004969236],[79.92658819040898,12.745776637883203],[79.94133694005112,12.730230469567363],[79.94221049596938,12.725150060258361],[79.95171378324153,12.710838367415086],[79.95275098256016,12.699398707233962],[79.94324091839748,12.702695934868547],[79.9311012096154,12.702382110995547],[79.93224609358039,12.69531758959014],[79.91705023535337,12.696242090264104],[79.91698847258431,12.682479572212733],[79.92128751937828,12.680169386401193],[79.92305959629485,12.650967198599734],[79.92851581241365,12.637172080022326],[79.92449714059964,12.632580714011704],[79.91310682439386,12.636121263624494],[79.91349826258396,12.638014983115559],[79.90914000333807,12.640175904696179],[79.89695737933991,12.641632250097325],[79.89538764165287,12.636326172819361],[79.88800525071538,12.630373970902511],[79.87364149924107,12.631020265001046],[79.87049831831644,12.626550138403198],[79.86306113194324,12.626622047704089],[79.8478225543329,12.631483803428889],[79.84066717036262,12.623889655377997],[79.82968187128078,12.623494539397141],[79.82354782597447,12.620654886724772],[79.8052841626617,12.629066051655553],[79.81527695810185,12.606112971955794],[79.81345243843732,12.5969419585647],[79.81127621755924,12.595544797096219],[79.81475714975933,12.587505059412939],[79.81758682763297,12.588545290800383],[79.81710059741742,12.582384758938327],[79.82061690796837,12.578900852667076],[79.82133695258433,12.569287502580844],[79.8192857295831,12.565494962790034],[79.79590190361114,12.568195859781632],[79.79276189643441,12.560619734630844],[79.78012748812029,12.56048419032924],[79.77888231893193,12.55615831438598],[79.77626895987032,12.556188941201317],[79.77685961744098,12.551895405612202],[79.76369263841912,12.550222165656768],[79.76303184488263,12.55650433168804],[79.75367549144823,12.56174295027151],[79.75227854919768,12.54894234866258],[79.75476804944623,12.54802602368016],[79.75495906541164,12.543140260304439],[79.75065381934388,12.54108171089301],[79.74831272437353,12.536678633076486],[79.7458333939523,12.53761533886373],[79.74392632540133,12.531894122123088],[79.74865895484696,12.523601178796229],[79.75383203276796,12.524134149941775],[79.75280848604504,12.519415027059434],[79.75578849608313,12.511940744745933],[79.7497047959586,12.507327683055097],[79.74975306423545,12.502853127068166],[79.74463616874895,12.503274682685483],[79.73041743680254,12.498619063774951],[79.72104820601854,12.500778224248528],[79.72082561516926,12.495679978418845],[79.73994881080039,12.488834616121348],[79.74126270559955,12.485010345328547],[79.74728786880522,12.484144564603403],[79.74410436699905,12.472511942572627],[79.7494646205876,12.456744615606016],[79.73336650077742,12.454084404435623],[79.73387400669216,12.447267108053616],[79.73848766595648,12.438975970605478],[79.73627103167043,12.42840512669566],[79.71783485139888,12.439246666422752],[79.71672391387015,12.431576934787909],[79.7058571304221,12.431385708435334],[79.70863827681247,12.427872997172361],[79.70732384841402,12.415127508384577],[79.6915434321771,12.420939346748895],[79.69120604202438,12.413739307584235],[79.69876949828884,12.410334180401064],[79.69775574230421,12.402248469590019],[79.68885848367555,12.403366849800097],[79.68244258655895,12.39674203404519],[79.66945710764867,12.393806223174565],[79.66419613317038,12.387682487353938],[79.66008912642123,12.3789686821624],[79.66756838539075,12.37700330616541],[79.66367394608898,12.368061922782076],[79.65556771156014,12.361481824398957],[79.64712195607476,12.358865409025347],[79.6403907008861,12.344682487582109],[79.6490790958213,12.340871850298194],[79.65323848243638,12.329856728871393],[79.66047372933033,12.327184835628945],[79.66063413160916,12.32309889071745],[79.67000619208629,12.317692008431287],[79.68110229117191,12.315782846016766],[79.68334565033766,12.316645717859487],[79.685548999439,12.323768592947232],[79.69745048758415,12.324932160215093],[79.70007754685219,12.333302290392236],[79.70620572705798,12.33462502843701],[79.71597007014161,12.33547648068641],[79.72190791710166,12.331176233710698],[79.75030221604676,12.32483728423896],[79.75431873459901,12.327257292366703],[79.7589992931992,12.325365626275811],[79.76044075236194,12.329655585745154],[79.77881583192283,12.338987523268377],[79.78826401114557,12.335998791647755],[79.79922762759138,12.33739894495824],[79.80277481503524,12.32797162493256],[79.809509814402,12.326242388959162],[79.8082001012605,12.324773093061442],[79.81430125475265,12.320539578122151],[79.8198516502458,12.311817600408428],[79.82140476820177,12.314258659647438],[79.82742213313244,12.312922045011133],[79.8321777154319,12.298943074155057],[79.84162509156077,12.287757994177015],[79.84417248014458,12.280192124574944],[79.84119425595725,12.279798477402837],[79.84922868814543,12.276251457815603],[79.86242497560177,12.26194283507306],[79.86764050790308,12.248913993979777],[79.8849886675671,12.235960436436077],[79.89537398007404,12.233338565162526],[79.90087430077831,12.229405975930472],[79.9087368367436,12.23040868783552],[79.91426100143046,12.235524567765639],[79.92451257814778,12.231590918048552],[79.9213571576774,12.25005238084686],[79.94420581411553,12.24225846421114],[79.95531856706818,12.228831734403025],[79.95986484639799,12.234186480650006],[79.96399569173985,12.233154816186646],[79.96966745411943,12.236796000158078],[79.97309905892898,12.233364372410254],[79.98318866490898,12.241071652612405],[79.98770082712264,12.25114020258527],[79.99247032342754,12.253737712348496],[80.00378275300321,12.2567757386969],[80.00401673718525,12.254106069029019],[80.00863868520473,12.254805014174007],[80.03424937188399,12.30175464339026],[80.06982999816762,12.350084096271392],[80.11336716372115,12.40194249814196],[80.15580172272188,12.464935786893717],[80.1613187916163,12.512188481259981],[80.16633080699677,12.52968844521553],[80.18546432427053,12.574322390785934],[80.18680610636939,12.587126567886973],[80.191852720363,12.601407874208018],[80.20072454768597,12.617138917392053],[80.19913896910724,12.62530195967189],[80.20833334641445,12.65455425869018],[80.20980371875297,12.654020724863978],[80.2122733985731,12.660323934951967],[80.2551531356792,12.782702013935145],[80.25456808000263,12.789570324621721],[80.2499916127877,12.794312390159313],[80.24824246806368,12.808953776063637],[80.24912215678039,12.856697328929283],[80.23638212725011,12.858344575056098],[80.23287195758249,12.852210076679572],[80.2200163014004,12.852507716977726],[80.21288022671719,12.86085322613459],[80.20893025985276,12.872847486781895],[80.21648221319003,12.890209378093704],[80.2173793274266,12.91055921104406],[80.19882753038476,12.91110441784873],[80.20139543289638,12.92388215234132],[80.19870792958613,12.927120200586536],[80.199224718691,12.933359447337113],[80.19432125483115,12.937157902700985],[80.18793825222365,12.937853394959072],[80.19011115562337,12.941916736858902],[80.19875488722097,12.94621632768832],[80.19894510009252,12.950325052279766],[80.20229322715761,12.953110662207251],[80.200953226418,12.958499097090161],[80.19576857639947,12.959927057884936],[80.19588023878592,12.96853739565955],[80.19062843161511,12.970099792244765],[80.18602427472985,12.968207039600989],[80.18169290655196,12.971177166210959],[80.17998913483464,12.979091230892621],[80.1689655549453,12.980186568585589],[80.16068089703474,12.997980950878215],[80.16516851637653,13.004240873019528],[80.15970588898155,13.007973881962958],[80.16128264610423,13.010992737172867],[80.15819048499617,13.01542232718756],[80.15551695498019,13.014080345270665],[80.15184372042721,13.017009432420412],[80.14484222415332,13.017001024946557],[80.14455541543933,13.024325170912952]]]},"properties":{"name":"Chengalpattu","sourceVintage":"201920"},"id":669},{"type":"Feature","geometry":{"type":"Polygon","coordinates":[[[80.33188192539187,13.235440511575504],[80.31767646695212,13.229619736801888],[80.3102076302365,13.2160767460751],[80.30334748656752,13.21284742966859],[80.29874229482301,13.21266118079777],[80.29057672926463,13.21854337093703],[80.28466800299115,13.219858362413001],[80.28280804928023,13.229925855204515],[80.27531027064279,13.229325812578676],[80.27048548572712,13.223465300675572],[80.27268274155587,13.218058348167393],[80.27043910391238,13.20326838257657],[80.2499891226577,13.206092452214277],[80.24888145769158,13.198648258787157],[80.23854900115765,13.199476941276577],[80.23845358120987,13.202789796903271],[80.23589394769043,13.203861986015466],[80.23454867922996,13.196325645625391],[80.22275130582624,13.199762080427213],[80.22395819959696,13.184264257389668],[80.21592809010195,13.172259741689343],[80.19956187079016,13.18122688622886],[80.19914515939787,13.17544650302447],[80.19466657800615,13.17516292041928],[80.19080017332776,13.168718779563585],[80.19388444992259,13.16436568234894],[80.19240288816886,13.160334671825556],[80.19459176810594,13.153984170760099],[80.18450415458919,13.147555437393821],[80.17847699892025,13.149129555858558],[80.17596784532991,13.147340337921277],[80.17713297462645,13.139629802719616],[80.16966309856005,13.142970610171309],[80.1658620768613,13.135748896753057],[80.15810157513921,13.142054615432917],[80.14577911758732,13.139411672999833],[80.14798247028195,13.130454919084032],[80.1440808166101,13.125013728572917],[80.14043624100962,13.098552112220718],[80.14488531184594,13.094316999062942],[80.14609740596387,13.088188406826413],[80.16136667092263,13.081140735949749],[80.16340330079207,13.07342557925783],[80.15898831383429,13.052238553275588],[80.1603195371353,13.04488054043181],[80.15796345467274,13.041292324854435],[80.1457152868965,13.039860899215842],[80.14951457305013,13.04887708022868],[80.15335927443127,13.049491344616598],[80.14944100192668,13.050766261136927],[80.14931679366897,13.053405691116396],[80.1528112347343,13.054268573334111],[80.15405693303036,13.062855581714068],[80.14848804661541,13.064410874251898],[80.14629271857123,13.054038696779841],[80.14234194771463,13.053573479766886],[80.14058987268616,13.048954607867778],[80.13548211037116,13.048335688254154],[80.13438906638457,13.04465218138061],[80.13990524774353,13.045694026816184],[80.13882641240978,13.041432041819602],[80.14564401007027,13.037477145188811],[80.14455541543933,13.024325170912952],[80.15024357566614,13.026019684033397],[80.16165176744774,13.02316217828607],[80.16451907305364,13.025182064903351],[80.16557760017376,13.02192092556439],[80.16748261158271,13.025255161815599],[80.17411142559129,13.025316237805042],[80.1797058807542,13.02243825010162],[80.18341332494981,13.025282862844065],[80.18857535269451,13.023040047110111],[80.19587842868064,13.02955558095172],[80.20047838863691,13.028279912730055],[80.19874193890448,13.016136243930687],[80.21081602216181,13.008898443715301],[80.20415541857191,12.98304860118707],[80.21625225256213,12.967384933668296],[80.22121343856887,12.965084027582694],[80.22880709619321,12.972556859767058],[80.24365558667962,12.979895192134622],[80.24335129944514,12.983918243644409],[80.25297995559836,12.980327884255574],[80.25301716830901,12.976666720057407],[80.26782849818707,12.975088805732765],[80.27804960674493,13.016215824621725],[80.28227839719884,13.046028646579703],[80.28749369324323,13.066237688304444],[80.29561601659881,13.082321180651808],[80.30231727973505,13.090020143253051],[80.30467485160436,13.100230569342473],[80.31075429101949,13.108028522833955],[80.30477131539452,13.101197745195464],[80.30379805276793,13.102589538689982],[80.30077233644819,13.09117665440814],[80.29494841473077,13.092914809754689],[80.2969104224479,13.099256375295182],[80.30172892993635,13.098670358065645],[80.29827444862981,13.101805898291271],[80.30148487114839,13.112079853403545],[80.3033865408245,13.106064940198904],[80.30496685886892,13.110069728588583],[80.30041669702047,13.121412487085419],[80.30553243008698,13.130385364032911],[80.29960923464922,13.122930813885223],[80.2968605821193,13.12393326114709],[80.29915066086635,13.129059156702498],[80.2978398050678,13.132710519218097],[80.30423206840756,13.130389455609976],[80.30271846644261,13.133665725788925],[80.29804206524558,13.134753404363813],[80.29843770126303,13.137487911100571],[80.31277595136304,13.167452199432072],[80.33342513942183,13.234829674254605],[80.33188192539187,13.235440511575504]]]},"properties":{"name":"Chennai","sourceVintage":"2011_c"},"id":670},{"type":"Feature","geometry":{"type":"Polygon","coordinates":[[[77.14708257108667,11.336217153911695],[77.14173330389407,11.336709521092585],[77.13814239544531,11.33998665968091],[77.13621862811154,11.343797248387297],[77.13770729014925,11.345790529246539],[77.1322839766244,11.351250957616708],[77.13223350657677,11.354627469777526],[77.12931565097318,11.354161952733115],[77.13312681644813,11.363197688697083],[77.12952161310827,11.366646595304482],[77.13053854643408,11.374986234384794],[77.1284037962811,11.378376303219092],[77.11475209172181,11.378931792764655],[77.11311194857437,11.380943142046135],[77.11065452896125,11.406133714188075],[77.09150873800577,11.40333822190367],[77.0931907004246,11.399003680424808],[77.08848132027686,11.396964471560496],[77.09134972003079,11.393556648260013],[77.08118022956751,11.387751254737728],[77.07569110187167,11.391687260200499],[77.07610844657626,11.389413749082175],[77.07046505389162,11.386090300596068],[77.07042490099506,11.402498343343659],[77.064272162646,11.401538702383673],[77.0598549945787,11.40436280037815],[77.04542835115306,11.402532718731788],[77.0455576160275,11.399165254713484],[77.03696042434812,11.39288414920489],[77.0325101937868,11.38481426459091],[77.0262829338967,11.388541225007614],[77.02344293258386,11.387708419985527],[77.0257110825565,11.374130813658722],[77.02040778575024,11.370155656761177],[77.01597291458364,11.371419575123271],[77.01347280074,11.36877431756886],[76.992212459149,11.377166490219574],[76.98761715695748,11.382209183326152],[76.98149491371741,11.383047962008346],[76.98083649981811,11.378195449159744],[76.97181916518201,11.38610584293439],[76.96608284178126,11.386128427714365],[76.95951242904593,11.380794805934848],[76.94810854827938,11.376421123153316],[76.93341172665055,11.37643448813376],[76.9290788969137,11.36800477821924],[76.93455711726534,11.370400418377741],[76.93417223318356,11.36813623726176],[76.93749190701035,11.36657377584436],[76.95011795021253,11.3658016782889],[76.93759443802196,11.363500050031947],[76.93769793741741,11.359696667083227],[76.93349340237448,11.35938862460578],[76.93264827813496,11.35614599019278],[76.9329265007515,11.362734160187443],[76.925309493218,11.360230626963151],[76.92526631299891,11.357310642561513],[76.92073655099223,11.358992625240006],[76.92069965089529,11.357103210698835],[76.9143460420622,11.356068861288882],[76.91291596994394,11.35266536889387],[76.90266480824832,11.350794898666631],[76.90005428606634,11.35792333384392],[76.90308245388852,11.361864697622682],[76.89736101018208,11.362529630681303],[76.89288570584455,11.366064457434131],[76.88843305342522,11.364690462840628],[76.89031568959709,11.361232508787447],[76.88613336090799,11.357670723956169],[76.88422264968855,11.351690525706488],[76.87858835603943,11.35835320459953],[76.8735634812757,11.351857817311343],[76.86786544856389,11.354980920886915],[76.863829966576,11.35302347625258],[76.86321189511779,11.348164282559992],[76.86947369163728,11.345583613944285],[76.86712850484079,11.344417306327214],[76.86170034670158,11.347449998146017],[76.85921300959622,11.343395710259891],[76.8563549251967,11.346025734393882],[76.85410588867833,11.34053803238985],[76.85025396035074,11.342856515297823],[76.84831225455906,11.339163338857254],[76.84823947844463,11.334837549424599],[76.8549132755911,11.33304826112747],[76.85107098259321,11.327212367863362],[76.86034622534399,11.324577948811879],[76.85456659775664,11.318113645964958],[76.86002215361366,11.309932623305063],[76.85995340195174,11.303595570957846],[76.8539998686102,11.305769046254625],[76.85442673455849,11.296064304880828],[76.8508317342836,11.294942945961626],[76.85083195257423,11.292913393989865],[76.84590877518546,11.292673254306841],[76.84273064260977,11.287420570433193],[76.82998498782919,11.29326755032386],[76.82810744330837,11.290708979913884],[76.82424210133698,11.292796386262765],[76.81780823072819,11.289933797758632],[76.80697031464176,11.299156891766115],[76.79786211721132,11.295493113130014],[76.79633456530837,11.288459308410575],[76.78954596436692,11.278992060860391],[76.77966862130538,11.28584660161993],[76.76914131569477,11.289557732026072],[76.76516259735133,11.283672711091814],[76.76982522108686,11.276705518719803],[76.76782198339316,11.264370811830668],[76.7559698774358,11.255203690680222],[76.75186303507836,11.254700120357796],[76.75584317275994,11.252581909081892],[76.75348748555611,11.248051350801177],[76.7483235183487,11.249058281217524],[76.74381519822953,11.253331259308425],[76.73711747355716,11.244632902639493],[76.73278430785042,11.244588522217779],[76.72288886822747,11.25379491197846],[76.71147871093206,11.257346504868059],[76.71050885112373,11.260759488674529],[76.70600814781986,11.263364257422792],[76.70022326778302,11.258646881270904],[76.70085015800238,11.24565531567053],[76.70695572222257,11.2402747260055],[76.71110482582257,11.232190641900166],[76.7217463369502,11.224924566562045],[76.72565341285309,11.225520762105706],[76.72582423918247,11.218668315212016],[76.73176851718164,11.213668525767268],[76.72217933659525,11.20363042589316],[76.72819891766974,11.195846326975897],[76.72903856667762,11.19103966212439],[76.72363050744457,11.19238152768036],[76.71843349301452,11.186405116122547],[76.71033372096586,11.187843465016023],[76.70658685240737,11.1793639590916],[76.70023854004117,11.18181943689138],[76.70077417220742,11.176059871211692],[76.69295556385953,11.172362540315817],[76.68973410643598,11.15919436758089],[76.69562595156864,11.155488140634015],[76.69623204758578,11.150460607812287],[76.70091324039657,11.149767293244025],[76.70206153706133,11.147567987660956],[76.70026018764288,11.146546171187541],[76.70660646622326,11.14163639711033],[76.71274269623235,11.142702268160024],[76.70886969612313,11.14627306376455],[76.71003184930113,11.147992390790103],[76.71846960528893,11.147640609591917],[76.71741573503525,11.14406991539056],[76.72474696062912,11.13854857162354],[76.7263704014005,11.133847068030986],[76.728709382635,11.133895992333978],[76.72875405226081,11.130451641208344],[76.73502686302399,11.136393586159567],[76.74039497417633,11.133702220068484],[76.73930955508987,11.13197137225828],[76.74622334974092,11.137709458106963],[76.74829611434265,11.13583732604966],[76.74532786684487,11.130192737731049],[76.74741678135878,11.111202531387372],[76.74529662703254,11.108482123089182],[76.74072467744519,11.109193470586357],[76.73898368762733,11.10430327974518],[76.74657650892013,11.09251172427711],[76.75167903585366,11.093187032271972],[76.75453265293129,11.084155638356982],[76.75416226316659,11.07778752558652],[76.75014185221421,11.078942270400542],[76.74798086496673,11.07432226937582],[76.74571437957229,11.075643117385338],[76.74457148986721,11.072481999691503],[76.74104285443059,11.072336934382882],[76.74376974886606,11.068443194338048],[76.74257177716272,11.063338582781766],[76.74574842302663,11.060022344307967],[76.74414856931968,11.05707475608794],[76.74612892961804,11.054823562044582],[76.76070258233993,11.052308685202242],[76.76202685537557,11.04798031212731],[76.76894305301997,11.043434079042143],[76.77815990258233,11.04209098295206],[76.78779431873316,11.044701362434296],[76.7962161556758,11.055852571940761],[76.80085956714237,11.05396555408357],[76.79314771188787,11.043395075257116],[76.79184086257548,11.037360120943028],[76.77364918935125,11.03353908263852],[76.76659984970362,11.029093007612316],[76.74928558617023,11.033433899881258],[76.737603223174,11.03973873174255],[76.73241563207128,11.03844498223969],[76.72616260221065,11.04114464295495],[76.7154182582375,11.041011799086428],[76.71088737513331,11.038721694304037],[76.7091164830946,11.03289061932808],[76.69416432073615,11.021557148714098],[76.68546232530754,10.99380460189161],[76.68603742405747,10.989201950902354],[76.66678531479317,10.968334873609374],[76.66748406574366,10.959587216419266],[76.66359497231613,10.950930783379912],[76.66582869255892,10.94742300989788],[76.66472670225043,10.94348394080417],[76.65579714020414,10.93900564007582],[76.65909484303573,10.930496453092873],[76.67675049422488,10.918055495432128],[76.69521099458608,10.91022671802154],[76.71490196140941,10.908608885196738],[76.73755211981414,10.895877398687265],[76.74078741758126,10.890970033232016],[76.74999956985297,10.89224732356489],[76.75241269623442,10.895061202121575],[76.76125277889189,10.893457826932503],[76.76789923132107,10.88703305862431],[76.7814298618447,10.890420366292158],[76.79092128327027,10.884453424852905],[76.79179970715906,10.881106862686165],[76.80813120389017,10.876798526343388],[76.81146304360087,10.877878949781136],[76.81668951558574,10.872744907635738],[76.82831544012757,10.871909633829107],[76.83075628312879,10.869928225585248],[76.8319412014127,10.86012730417963],[76.84841763502672,10.84939017630259],[76.85378353093358,10.838958580764567],[76.85319059164208,10.832922557691374],[76.84508365822397,10.826097926962014],[76.84817226469845,10.8188045506359],[76.8639634795834,10.817274277620921],[76.87005956298411,10.808327336763519],[76.88898527477983,10.809575445395616],[76.90068203507508,10.807304936388023],[76.9006264877495,10.800874241760422],[76.90721024855165,10.782688014014717],[76.90531185413307,10.771431659039925],[76.90257642300749,10.770788761818649],[76.90358549068469,10.761114762611413],[76.89630599277982,10.75198457913995],[76.89616374814783,10.74533401837254],[76.8882964556031,10.732465647352615],[76.89294007188555,10.721460458259335],[76.89029863597973,10.716916503892875],[76.88634972014417,10.71862705092756],[76.88220938589798,10.717341543931797],[76.86758909444315,10.694775140349147],[76.87084097780534,10.692875591766551],[76.86603441880848,10.685313555577956],[76.8675387699226,10.679053981298361],[76.87840003861317,10.675032865873618],[76.87813602195453,10.667354370939448],[76.88373806967822,10.649998426964444],[76.88247547586829,10.63970710536446],[76.86065842314291,10.63234178423304],[76.84620064321118,10.635829401297004],[76.83927804866366,10.634302012792446],[76.83065601407507,10.63762096560068],[76.8211323898432,10.63441735309687],[76.81435265617193,10.635017968663364],[76.81496902622098,10.629633049409485],[76.81009734295924,10.624180958279908],[76.8183292266435,10.61114687434685],[76.8158321131729,10.60852271679971],[76.81692063683697,10.603715212807527],[76.8260068471025,10.596125386782889],[76.83233430957094,10.599277358226082],[76.83836234828384,10.596409473282428],[76.83754191334158,10.581857435104606],[76.83356524675025,10.574355772889822],[76.8392229145631,10.564754122367374],[76.83567752824136,10.557866009887531],[76.835187375083,10.545401283919682],[76.84205479510577,10.54078202941898],[76.84309609523366,10.537285306397179],[76.83103664732894,10.500032705002381],[76.82832588394106,10.45016552159349],[76.81637855656362,10.423519041146616],[76.82317485786368,10.41700661863709],[76.82463648510289,10.410123435025676],[76.83043425057414,10.411297364923222],[76.8335848264302,10.407768204776113],[76.8340343631613,10.40334200261571],[76.82365674202983,10.39506080544158],[76.83429213832532,10.383250041562667],[76.84389279488948,10.377534486291223],[76.8487853846428,10.368228672200214],[76.84515980032576,10.362931658943582],[76.84601235632762,10.357311146109945],[76.83630828570799,10.34601821219719],[76.83774008887978,10.336658160882262],[76.82870388602947,10.307870679078787],[76.83017248419532,10.303862231092042],[76.84070165381014,10.299676875812715],[76.84477907364712,10.294902318111207],[76.84263456958676,10.29003076331002],[76.84871568705486,10.285278131007596],[76.85221624474893,10.285097221006286],[76.85125670119339,10.289904465775463],[76.855098774104,10.292846040070565],[76.86238635504978,10.292031370254604],[76.86434888468806,10.295321263391802],[76.87313532983823,10.298484464856685],[76.87342194361781,10.276335869659723],[76.88408770117331,10.270896812787916],[76.89144183201027,10.263057379049894],[76.89741470518159,10.262435385334513],[76.90142241305756,10.251160712896338],[76.90442937614742,10.250908342193195],[76.90545606338058,10.247917678144402],[76.90300470290404,10.240296354779257],[76.90826232666633,10.240851958162636],[76.91159803811587,10.235286966963733],[76.92156042738033,10.232184913002314],[76.93936023840965,10.23890430681524],[76.94754273900777,10.236868536357184],[76.95059962417292,10.23247402023353],[76.95887865413825,10.234140261237501],[76.96854836689319,10.230774664355337],[76.97346657300518,10.225425569179675],[76.98048037799506,10.223787098250781],[76.98349134128291,10.220368721040682],[76.99317868886523,10.230346836593924],[76.9990293291741,10.230367368273068],[77.00100101713672,10.23515645113506],[77.00378333133699,10.234637200240282],[77.00547454101338,10.238401560354626],[77.01113447168238,10.240088130667012],[77.014433915449,10.245790954320107],[77.0315193295705,10.252264266947867],[77.04063050042453,10.252660291675689],[77.04289875370344,10.256851890017442],[77.05108115009703,10.262109351230375],[77.05268075766557,10.27249964287331],[77.04287673509752,10.283767206653659],[77.05645309885226,10.287004917087849],[77.06300410079095,10.291385797302288],[77.06619755593044,10.297703031586186],[77.07958100827452,10.303014883588883],[77.09136018630214,10.313916245908677],[77.08836410001373,10.32459315364747],[77.08120193106812,10.321970225760744],[77.08421369026333,10.329533405611002],[77.08235946241403,10.334415202575974],[77.07818178340483,10.337361852575077],[77.0845449583974,10.342534260251343],[77.08666226775912,10.349396604617384],[77.08995830780911,10.35086620338242],[77.0884365617178,10.361177123661749],[77.0917050468448,10.36488883871164],[77.08705082235717,10.377436941608549],[77.08105498375566,10.382887675083843],[77.07939675931819,10.387584132998525],[77.07528267474291,10.388315731632453],[77.06051245267051,10.404834906832264],[77.04479724244514,10.414825629886918],[77.04488202813658,10.421877509435033],[77.04179834532817,10.426383504314346],[77.0446741085725,10.430511450067314],[77.04808066296201,10.431005096938833],[77.05630177943928,10.44474471287392],[77.06436585243856,10.448955048149896],[77.07320074732525,10.459493900745773],[77.07211706827553,10.466152260901039],[77.06578712376195,10.465717033293025],[77.06635756025558,10.467846265633698],[77.05961966921193,10.47356762429312],[77.05854506314654,10.479055147596872],[77.0625911677127,10.481442839671537],[77.06405596959816,10.487414610974096],[77.07406636842461,10.494997330583008],[77.07443046459241,10.502095888279722],[77.07826723115463,10.502232226682029],[77.07858932479472,10.514862234772284],[77.07338174887185,10.516384660588278],[77.07663613943203,10.52999167065883],[77.07271382361036,10.545129682028026],[77.07633990739068,10.551165136352587],[77.07703282288506,10.559708779590256],[77.0828571452511,10.56257115804893],[77.08058980825375,10.570513101222854],[77.08540860859299,10.578243673879987],[77.09022368990698,10.581191668668447],[77.09056133877449,10.584080170005537],[77.10070432803857,10.582928733324302],[77.10219808172732,10.58599362756126],[77.14394851614702,10.582848737403223],[77.1579840627424,10.58422213056839],[77.16632718570658,10.587182175012826],[77.17066913783513,10.599703177093994],[77.16932207184578,10.606063492934013],[77.17274008604339,10.608250900587711],[77.17548418141988,10.626734318688666],[77.18114392703593,10.643852100581977],[77.17287271510855,10.643844269621532],[77.15229551623999,10.650586050871572],[77.15254712087636,10.65463623428155],[77.14511667456271,10.659930006438131],[77.14129667505526,10.678770980745632],[77.14244509568753,10.718482164354894],[77.13414915044542,10.750129103255034],[77.13760513732838,10.755274182810313],[77.14043944691561,10.755228896417217],[77.14090130224422,10.760544836562907],[77.1447916622963,10.761380936888541],[77.14534501642649,10.765440166096289],[77.15276007729425,10.765674788790218],[77.15665150993476,10.777766400754965],[77.16024957885465,10.779230673432583],[77.16122467224778,10.793207362413378],[77.16485936997337,10.792953921424235],[77.17179628366654,10.802170022011786],[77.17424167214308,10.797305840884137],[77.17662836919052,10.797346191797464],[77.19646301076376,10.802721888643529],[77.2152912284017,10.803463302145474],[77.21028151091173,10.790929791998902],[77.21438572929026,10.78556310842001],[77.2251833801907,10.78189412956927],[77.23009204619434,10.77740839614485],[77.24805936966793,10.778306293863544],[77.25413463640858,10.776391097183167],[77.28387236586107,10.786627024954681],[77.27591386826384,10.791382577227212],[77.27819755190444,10.802743800291573],[77.2858508379007,10.805475339592617],[77.29056724107733,10.811605226028268],[77.2983537157892,10.811491943876133],[77.29902960820897,10.814595132661447],[77.29552287729223,10.826909695715019],[77.29152902323457,10.827753917603024],[77.29015425499848,10.83157945612043],[77.29215433421567,10.835085623774232],[77.28898583517307,10.838973349399604],[77.28839830284129,10.848092232245184],[77.26675440937005,10.859267726707587],[77.25778686206196,10.869833368160412],[77.25600128436501,10.88874111338837],[77.24807127863366,10.904652952200129],[77.23683460937578,10.907215419271354],[77.22088421661573,10.900896573974503],[77.21099169561916,10.902268954637185],[77.2071017595719,10.910831326432424],[77.20343853135289,10.91227871235716],[77.19893048432155,10.920230843128229],[77.18869374867104,10.918451877429673],[77.186283888564,10.921729517343998],[77.18184238423736,10.920573104204955],[77.17365771690274,10.93945552391154],[77.17790297527245,10.942022442739152],[77.17375011042634,10.945955629988525],[77.16969860518869,10.956791201155696],[77.16994255977208,10.968711156784995],[77.15377781640886,10.99830680221848],[77.16496900576053,11.002171134316109],[77.1674722897588,11.008092372428822],[77.17158105810422,11.009343966041934],[77.17534676972413,11.015785438398702],[77.17889212819809,11.036844101007409],[77.1765966945936,11.04721836758901],[77.16608734810212,11.060238009601076],[77.168385466771,11.067339031847897],[77.19519061274082,11.078825058100982],[77.20535264539063,11.088844160770824],[77.21684007397016,11.090097777797446],[77.2341073771738,11.103390899621333],[77.2463647356137,11.105502023571939],[77.25125684836159,11.109672083423606],[77.26402814375533,11.10642362013571],[77.26457050789632,11.11063000575494],[77.25354913426932,11.121734048977343],[77.25136723693694,11.128970976577197],[77.24221206839697,11.13802647322487],[77.23569924216292,11.139809703931],[77.23156599113274,11.126684449747097],[77.22505224143056,11.124955280791601],[77.21351845888402,11.126739515290597],[77.21108512490028,11.132973596801857],[77.21249092094631,11.135034406636729],[77.20963002122666,11.13475488235518],[77.21225364982863,11.137940939975728],[77.20869323199722,11.140568182071668],[77.2055571863909,11.138317870272079],[77.20213002375048,11.143426486615914],[77.19580880816652,11.144227995585384],[77.19515031701211,11.147274717279547],[77.19144272369618,11.147510556063672],[77.18957566880293,11.150462642866856],[77.18553811979152,11.149147965568686],[77.18652132137844,11.144320229851921],[77.18394343319412,11.139493072397961],[77.17316363092004,11.13818391416669],[77.17871771309915,11.149623719722443],[77.17607242791233,11.152480874110166],[77.17649419232811,11.156698184069935],[77.17888899038279,11.161245141903072],[77.18230858471698,11.161945211741967],[77.17818874912724,11.162461203693336],[77.1734517332081,11.168229666437448],[77.16098183876187,11.167996033633914],[77.15887421593385,11.197386626982514],[77.15024896717318,11.200551349593892],[77.14502550723948,11.207173778585926],[77.14826740582728,11.214473669225706],[77.14647282790948,11.21874536032401],[77.14888576384807,11.2186774280663],[77.14922937932573,11.223012313823972],[77.15370725464159,11.222876385214533],[77.15618951087569,11.230659964109783],[77.15922075003782,11.231486849188558],[77.15949649959238,11.243261920582247],[77.16589799581668,11.244278335734297],[77.16278056330302,11.252108602578604],[77.16495312444462,11.270184590193574],[77.1700836824083,11.283278951156335],[77.16255036192662,11.283496771857092],[77.16244014313286,11.281001579569235],[77.1560423865951,11.279266477113897],[77.15505044440052,11.281184233239397],[77.15344278343542,11.278240370679384],[77.14763914657546,11.28219612110349],[77.14807440817842,11.285992980216676],[77.14384291199887,11.287294994204776],[77.13915346995883,11.27972538979866],[77.13874820310326,11.286084926984783],[77.13722986432182,11.283064280578765],[77.12718464859157,11.28532798995228],[77.11962566324225,11.289821787227018],[77.1171157164395,11.294622027839882],[77.11896105186584,11.3026002057133],[77.12591778239414,11.302769154802741],[77.12633647726663,11.307980477018432],[77.14417861601382,11.304881724858205],[77.15056706241194,11.306279322178996],[77.15111286440552,11.318537975326048],[77.14893765592878,11.324938720635389],[77.15186471477246,11.329711805015103],[77.14785705271058,11.331013869615523],[77.14708257108667,11.336217153911695]]]},"properties":{"name":"Coimbatore","sourceVintage":"2011_c"},"id":671},{"type":"Feature","geometry":{"type":"MultiPolygon","coordinates":[[[[79.81287900157062,11.422687561024162],[79.8071021318112,11.443954301066052],[79.79767543220522,11.463745310194115],[79.79476472269971,11.466234982644053],[79.79747076993233,11.458434119418916],[79.7770680921639,11.488553973657607],[79.77562239115639,11.494022798152269],[79.77922993460754,11.501494853747516],[79.7786412712968,11.506426566739055],[79.77070223659857,11.513707796381858],[79.77721118660216,11.506151557146852],[79.77824458604714,11.501517951326019],[79.77463695815432,11.500947293839985],[79.77427215231745,11.503685039596176],[79.7727303755919,11.50106775286806],[79.76793248982912,11.510680644409042],[79.76737945460087,11.513890163247982],[79.77401140193315,11.504656986078357],[79.76289508266883,11.529527188036372],[79.75698076797597,11.557048033104358],[79.75735533490675,11.595265054140885],[79.7606512482943,11.624372777865574],[79.77299304837088,11.685604527730757],[79.78657160491323,11.733658920005867],[79.79586439086317,11.785720614041095],[79.7844336899955,11.787339206063244],[79.78048591861359,11.78110925535414],[79.7719387002135,11.782181850389298],[79.77066496819235,11.78951280657192],[79.76591104777619,11.791825154314807],[79.76199807982333,11.790788452018514],[79.75510055456043,11.775232122170875],[79.74027119190134,11.780894543785188],[79.72617851514886,11.782517775758325],[79.71235842408453,11.791507705987884],[79.71391056018189,11.796298480135667],[79.72282029910478,11.796485659746477],[79.72312063285375,11.802854249801493],[79.72530003107296,11.803147281191444],[79.72452255266927,11.810442892147936],[79.7357217603832,11.809322510277616],[79.73166218018949,11.824398209069717],[79.73239040755938,11.833397223173199],[79.72944586660195,11.836955492015623],[79.73820538205653,11.836916220211691],[79.7367307058895,11.844207499612185],[79.76442969083838,11.833733967634583],[79.76498897923935,11.824124694354932],[79.76781600079464,11.822702045198252],[79.7730375473168,11.822667932597131],[79.77470537923624,11.828644001179587],[79.78021950524982,11.831841665208398],[79.79236205540313,11.827547237277532],[79.79580307455683,11.828497499602458],[79.79506981033312,11.825685838985823],[79.79753871041558,11.824556582753647],[79.80070289484989,11.83064142136868],[79.79868316229094,11.833303115383128],[79.79364068683583,11.832347873101986],[79.79814130839303,11.834649913601547],[79.79828691182583,11.838699872033233],[79.80225285971919,11.833887217958377],[79.80706247568297,11.83353594802867],[79.80616014582785,11.841671717075295],[79.8082057283074,11.845256610733617],[79.80067268720182,11.85527085335404],[79.78173417890487,11.855766511970415],[79.77588084904002,11.838412146911152],[79.77243551887126,11.836620922301108],[79.76615670197211,11.84054630302251],[79.76217035064371,11.84839134682618],[79.77087920201457,11.861326568025783],[79.76852820581314,11.875925176396112],[79.75742679409096,11.876065149040727],[79.75868306376128,11.868467615638055],[79.75387027494793,11.865929772765819],[79.75392811297749,11.850123421055573],[79.75104276830236,11.848002232012025],[79.74310602790133,11.848322722729419],[79.74359659518306,11.858573885846608],[79.7397029940094,11.864641180870885],[79.73268674380532,11.865615621843835],[79.73259377805486,11.862560085756858],[79.72112127408545,11.862500699610608],[79.71969564772955,11.853031799148333],[79.71711732386231,11.854858652057766],[79.712710840357,11.866648013387758],[79.7082647429443,11.869085595078634],[79.71000059619534,11.889208059874306],[79.68474413589388,11.885950482725127],[79.68505990000448,11.880982975994629],[79.6898235680398,11.880841917586569],[79.68938411489773,11.864240116420932],[79.6945961985667,11.859709927369869],[79.69473949243094,11.84441882504422],[79.70309236121764,11.831910000660267],[79.68525225625625,11.831950070643888],[79.68998210361944,11.827623518640868],[79.69076975544372,11.820400370180021],[79.68749834270722,11.820708427030231],[79.68572275876778,11.812505583931785],[79.6881252050788,11.812242353850067],[79.69057421196928,11.806998586219754],[79.68966016359128,11.802139782726506],[79.6839342893939,11.802168076755132],[79.68142363831198,11.79624278603627],[79.67457956280847,11.803543673736064],[79.67480883892011,11.806793008953052],[79.6681940287485,11.810600265348738],[79.66401878237708,11.810135239659887],[79.64735405559132,11.799374503718564],[79.64110059364106,11.798497860415715],[79.63675133910756,11.800455152390523],[79.62432220032744,11.811786776321584],[79.61683821532121,11.824749864415047],[79.60380678039762,11.829042835396114],[79.59081959917984,11.841475745597009],[79.57998544344123,11.843625483431827],[79.57304349199595,11.839976523706529],[79.56502263065678,11.83992959359678],[79.54274220983983,11.847923816416982],[79.52916058734746,11.857094844596192],[79.5099512055513,11.857593382621122],[79.4709919750599,11.871150638082172],[79.45507686542929,11.871494192093623],[79.45342252171383,11.862798196372173],[79.45124273182917,11.862762566123664],[79.45150077379283,11.849080512736306],[79.47222764366583,11.846882422439377],[79.46880333676968,11.843556793077573],[79.47107889155524,11.842276912139095],[79.47163651537795,11.835352092305898],[79.48049760334173,11.837184307068444],[79.4809349319681,11.82837012142777],[79.47701461399961,11.82296560461923],[79.48269092993944,11.811853512069446],[79.46830764909086,11.799238397801165],[79.46392651155129,11.800564054760965],[79.4664244379972,11.807284568162776],[79.45367976866852,11.81107584004209],[79.44945334258043,11.80821120441163],[79.44352137060235,11.809957238703515],[79.43827868672157,11.795214093692358],[79.43935133715456,11.790666700056056],[79.43543623210965,11.782269296779981],[79.43196809012257,11.783015739937504],[79.43064146709416,11.778536656597097],[79.43531096024665,11.77502826674204],[79.43575001633336,11.767814279389109],[79.43877748257127,11.76662940581721],[79.44197988133773,11.768369010340283],[79.4432406901952,11.765195617632182],[79.44702952085724,11.763888481739812],[79.4508785386433,11.76457467127604],[79.45049867524561,11.768244983902017],[79.45377909628778,11.769672522800526],[79.46375151614069,11.767247141989424],[79.46031214090395,11.755310738622871],[79.46308712305485,11.754188919934554],[79.46279105899845,11.743229058730865],[79.45692281799819,11.737847260994135],[79.44653278933602,11.73525986335031],[79.4397997060758,11.73762973899432],[79.43766138781452,11.733733966178022],[79.42845055157466,11.731163650422518],[79.42910141423566,11.728189419206672],[79.43586148109044,11.723939393940677],[79.43705754656872,11.718582905783553],[79.43451821677135,11.70333733877673],[79.43715311384024,11.691756499411824],[79.43962959300875,11.691502845307246],[79.44268743218475,11.68620022505106],[79.44427880759203,11.666008859018792],[79.43562555295411,11.665947292615957],[79.43338276511685,11.6639408367671],[79.43165463468227,11.667765058638466],[79.41784224756982,11.667898240919328],[79.41838845470356,11.671500599155449],[79.39523021097078,11.677252091200355],[79.39547795195313,11.680271556176182],[79.38497606058019,11.68085941089676],[79.38161913092362,11.678043435284234],[79.37690935102557,11.679119209162577],[79.37119547742203,11.673920931154344],[79.36155148343364,11.672691006251448],[79.36052479799714,11.664749209686196],[79.36321220608592,11.662588752111596],[79.35984191668443,11.65988560382107],[79.35115699194117,11.65763377966165],[79.33231406528876,11.660962378037002],[79.32953577104941,11.6577436093945],[79.32801957025833,11.649205022902411],[79.31997692567187,11.647996529909063],[79.31851095777319,11.642079418011093],[79.31160953921183,11.643899379676933],[79.31127934097127,11.641995707902634],[79.30873280488869,11.632657362183577],[79.29634702688904,11.636364920314858],[79.2966615153919,11.64268857429405],[79.29146481896545,11.647274807276823],[79.27957400729747,11.649191833640858],[79.27340361525646,11.645117045060921],[79.27108747997625,11.646205454969474],[79.2708867388496,11.643728376106058],[79.26317283992786,11.646839598764133],[79.26296089411467,11.64922164518946],[79.25048219258538,11.652547462142492],[79.2480510127617,11.651796651821543],[79.24864595439796,11.649021084952066],[79.24409912799413,11.642468799943739],[79.24121005620886,11.641764773171284],[79.23560676521682,11.629327637407725],[79.22463539092024,11.631984642627774],[79.22175766126377,11.637481978049548],[79.21582018171466,11.639165182287213],[79.20999990086911,11.633715673293246],[79.21238948240693,11.620091596378563],[79.20553396955324,11.616341722006547],[79.19497655241429,11.603389687932674],[79.19253982818866,11.592989609407308],[79.19027514032312,11.593541462605646],[79.1836902817797,11.585976126386766],[79.17689248658132,11.591717792867996],[79.15648732766608,11.59824271723607],[79.1502338306815,11.597461201598264],[79.14774390373317,11.589478846302232],[79.14365443030174,11.587693600156424],[79.13575543441402,11.58895040897843],[79.13358702259072,11.593927084421981],[79.11647247071465,11.599178976974553],[79.11806310591012,11.605516179745125],[79.11616954891936,11.605362403156308],[79.11633441043523,11.609525373954996],[79.11294139096213,11.613285856011716],[79.1061831243312,11.614890030394436],[79.10286860683411,11.610676972900231],[79.09821918923157,11.614175037799846],[79.09862639644818,11.621153991351001],[79.09134512796389,11.623291124612503],[79.08408967436593,11.634318878927358],[79.07821690495834,11.62958985934522],[79.06748295359468,11.630215954114217],[79.06933739524307,11.620927651770451],[79.06557080596913,11.611326182860449],[79.07697400940596,11.607992815373004],[79.07786558642712,11.596891709083764],[79.0681502850698,11.598770068692348],[79.06526249607877,11.596852839607404],[79.06467205679874,11.592793722793003],[79.05501412185546,11.586399942293982],[79.04919203359955,11.585724858320509],[79.0431813763891,11.587228228732474],[79.04980804701742,11.595619453604929],[79.04176101326246,11.599133627716547],[79.03346313304921,11.597978317795882],[79.01838988138374,11.60674621957449],[79.01213801843467,11.602657624569403],[79.01453435260852,11.595263781686413],[79.01886771774127,11.592874382676714],[79.01334276792684,11.583411665766052],[79.00805748234201,11.582143829100625],[79.00440711799786,11.574629893331835],[78.99629686889803,11.575821612144624],[78.9918435418439,11.570706614896839],[78.98102813574188,11.567017612850043],[78.9736714141636,11.569506075424105],[78.97425525891119,11.574559333769384],[78.9618351733525,11.569830503578885],[78.94641890358905,11.571231047233807],[78.93062539889843,11.565819072926798],[78.92379984216451,11.567076720189302],[78.91954890195068,11.55620198305398],[78.9212217177233,11.553842278075408],[78.9187268266847,11.544314261283207],[78.91526082178969,11.538533484372698],[78.91489816382465,11.533823590572158],[78.9174830301221,11.531599401259587],[78.91136770570631,11.523319271054696],[78.90494487629068,11.505347937435117],[78.88567281903717,11.506130794403797],[78.87861473159533,11.509850839615433],[78.87763396444285,11.507522975758599],[78.88399533112677,11.497827715235191],[78.89006770259722,11.4937052763977],[78.89156158743997,11.489094722882973],[78.90867278141354,11.475917545836564],[78.91156793030169,11.465421568403222],[78.92474981776402,11.452582815437854],[78.92916560242578,11.443306855167068],[78.94167244996953,11.431981675359932],[78.94826757266338,11.419549923434575],[78.95607806203773,11.414173627102208],[78.96208676541245,11.405457247083175],[78.98381144258052,11.40291473638385],[78.99698965144178,11.407552042562912],[79.0107245480812,11.397429384998016],[79.03244173958805,11.393568327823896],[79.05300019241324,11.402831780118285],[79.08313819857995,11.39679492480683],[79.10587517466529,11.401715746268904],[79.12839310016187,11.394199907694547],[79.1424712700208,11.384259950733504],[79.16144622207052,11.381808776326546],[79.17664066634929,11.373955394179456],[79.22307029303163,11.39140141839171],[79.23024480033766,11.392009399890156],[79.23783022580076,11.388616614686214],[79.23817702939932,11.372660398283982],[79.24155668373767,11.369617165845309],[79.24942746444061,11.372835016264332],[79.25549605310542,11.386171628168178],[79.25861028671832,11.388473698439054],[79.27292772914143,11.385771801799743],[79.27361696783136,11.38033885677948],[79.29601875733138,11.379989171093486],[79.29000115434717,11.40230324618399],[79.29258654795566,11.41232516900008],[79.30797100837493,11.414892369606873],[79.31265770696007,11.416348995658078],[79.3127396575685,11.418491557286437],[79.33093354963148,11.419430958260987],[79.34613165993495,11.41581711176323],[79.35319173175525,11.418905140859335],[79.36836651370908,11.417604443953927],[79.37771789766333,11.411272029311693],[79.37737437381384,11.405300929890217],[79.37455675043302,11.404885019382014],[79.37324198157307,11.400776180122271],[79.37329244623078,11.39852967387491],[79.37718666724197,11.3974404127584],[79.38403584966787,11.397119515587224],[79.38542864888832,11.401915368286229],[79.37961936342185,11.40012540210477],[79.37765388371616,11.402896222994773],[79.37963307620467,11.403949437776363],[79.37980712029938,11.410508150703919],[79.38508053374942,11.409206347188501],[79.38464525867177,11.406584674044922],[79.39406928578978,11.401702696845984],[79.39402336840406,11.399248265765832],[79.39055059470337,11.397404171642112],[79.38974408634294,11.390542625787832],[79.3897485976823,11.387952587057239],[79.39197967058995,11.388160445577702],[79.3913150699933,11.378234241353256],[79.3940682590154,11.377167387615444],[79.3890975939858,11.368760082108029],[79.38923497513883,11.366938460382297],[79.39362347527049,11.366707793967741],[79.3952032857668,11.353513418855139],[79.40033801371,11.349901547310164],[79.4053678947848,11.354141094300768],[79.40853872765054,11.364862615337747],[79.42469938367923,11.360358658324245],[79.42580431597028,11.366659579402219],[79.42843225918052,11.357392880211776],[79.43732348382542,11.357287386146046],[79.43658439672204,11.348920732882759],[79.43079850158897,11.34554971169691],[79.43309694724458,11.339912696332402],[79.43553846667719,11.340590287966656],[79.43752509002971,11.333796133758499],[79.44865116320138,11.335235766659927],[79.45236967913289,11.332075321342272],[79.4519474341184,11.328563262042834],[79.455267466373,11.325877488567258],[79.45809852675386,11.327635114117571],[79.46149587700495,11.323213512433416],[79.46080360111102,11.320781854432445],[79.46408312563456,11.321210378782787],[79.4632304007494,11.318326754989744],[79.47090206178481,11.318125665981624],[79.47355266859138,11.314065760818972],[79.48741753528276,11.316827486290482],[79.49830327138669,11.313889834944908],[79.49508403459853,11.303589652257278],[79.49710355874831,11.303060016591806],[79.49750256883797,11.292997993408104],[79.50174390426483,11.29099597696579],[79.50116599827959,11.272689067730377],[79.50389545201529,11.272405489110486],[79.50524522822187,11.264581659573006],[79.50398435917728,11.257773745126672],[79.4948878434388,11.258510150105844],[79.49517367568409,11.248409734217658],[79.50505153707356,11.23803263480643],[79.50494853803968,11.232748503968077],[79.51021149060827,11.228140124416187],[79.50547045203326,11.222406557151489],[79.50182068057721,11.203347893184414],[79.49563060465168,11.198981397849892],[79.4817970110103,11.177632939998132],[79.4723526433393,11.177197471702303],[79.46388165777081,11.170537128715079],[79.46008368764907,11.159368721250493],[79.45582104059045,11.155884718837573],[79.45866232020596,11.150554685663923],[79.47267266187106,11.161001503077399],[79.47902668213256,11.161727271131449],[79.49961743657875,11.175516116635848],[79.52672008660436,11.183726530769125],[79.56194192756017,11.208281538115399],[79.59834815140397,11.21822778828366],[79.60856657130415,11.229307756563385],[79.61154133697762,11.249052142891335],[79.61636655398296,11.255531832396883],[79.6231024768178,11.255179541414305],[79.63361685387487,11.246309105044102],[79.64695560784705,11.249260421239176],[79.64912149720104,11.261850979713204],[79.64461134362037,11.271081402274048],[79.64241826316106,11.283638525776139],[79.64563359587096,11.293623449562801],[79.65028238734776,11.299277931436075],[79.65636934476352,11.303594253146285],[79.67589864268345,11.307605916587722],[79.68380902381911,11.31199371833932],[79.7245088946837,11.345844264419979],[79.73467914242678,11.349710149365341],[79.75930840887833,11.352622555288722],[79.756922153802,11.372894318382656],[79.76439462510126,11.381973881216712],[79.77161475155236,11.381411660633901],[79.78130162662083,11.374657516187076],[79.79156839744286,11.37242792494704],[79.80336671677257,11.381100938034379],[79.81287900157062,11.422687561024162]],[[79.69940437003952,11.874231560156796],[79.699070818388,11.86128640037173],[79.6969964341238,11.860617962794802],[79.69723025032089,11.874080456370386],[79.69940437003952,11.874231560156796]],[[79.69711136997113,11.823074819850671],[79.70200256194586,11.822906422647314],[79.7033943891892,11.813531000235994],[79.692985498601,11.813737326876275],[79.69459237713349,11.823039289053526],[79.69711136997113,11.823074819850671]]],[[[79.78191455702067,11.902290720332006],[79.775386995721,11.904986756927313],[79.77515874099382,11.901827210665358],[79.76925187782625,11.90174355763129],[79.77288281879731,11.900443230808483],[79.77053221695631,11.890882572869435],[79.77102171164957,11.883438365852175],[79.7735550963964,11.883285669035452],[79.77284217721724,11.875220668743076],[79.77620213419634,11.878218103423777],[79.77966540461964,11.877911908282623],[79.77833095996003,11.863398366105177],[79.78520584588111,11.862828782170618],[79.7872144123811,11.873329159357361],[79.78958776764995,11.877157741078367],[79.79237354395728,11.876846757252],[79.79675086096196,11.894290704560941],[79.79650128202658,11.899886359240794],[79.78766729084504,11.896837089169862],[79.78191455702067,11.902290720332006]],[[79.79010115483482,11.89472487461838],[79.7897185812199,11.89483502630182],[79.78902092980732,11.895035893399996],[79.7890383652087,11.895095399032993],[79.78925652736365,11.895839985294794],[79.79089341681313,11.895355622959816],[79.79099433265382,11.89532576161388],[79.79071461074906,11.894548249103655],[79.79010115483482,11.89472487461838]],[[79.79124939131243,11.883931051255779],[79.79158752616853,11.884999368196997],[79.79332177862175,11.884553362789205],[79.79294754855921,11.883484892020029],[79.79124939131243,11.883931051255779]]]]},"properties":{"name":"Cuddalore","sourceVintage":"2011_c"},"id":672},{"type":"Feature","geometry":{"type":"Polygon","coordinates":[[[78.6328807113886,12.17661857316821],[78.62106843223935,12.184216289313989],[78.61234360882274,12.182489160241447],[78.59663716884945,12.168100845867805],[78.58249198556861,12.16233555880967],[78.57535187834809,12.191993936604028],[78.57148289101323,12.193534391216149],[78.56197797240051,12.188460940131694],[78.55464732172842,12.180481390573284],[78.52098464528878,12.179403247393605],[78.516515275222,12.177186666123756],[78.51756510126027,12.171907837714112],[78.51382963861093,12.162197644964701],[78.50828273127601,12.15624247798258],[78.50845757217643,12.14557567442913],[78.50636404301689,12.142939606333897],[78.50203601926681,12.144429147397059],[78.49726897266768,12.139230471903089],[78.46929665912394,12.149107632322426],[78.46528088168178,12.146686195435361],[78.47036224071397,12.162472630435564],[78.4679103735876,12.16660907691863],[78.47189552207182,12.172791013072473],[78.46469344726636,12.178330069877681],[78.44752151190822,12.185317950654765],[78.44640184185663,12.19106749390101],[78.42123710942715,12.189711806085828],[78.41220040531691,12.196424912943323],[78.40863036024066,12.19651572679513],[78.39957823744689,12.18787447842351],[78.39525028825699,12.189031756956267],[78.39364669216856,12.18600355785423],[78.3909359233908,12.186062394073135],[78.38267960732746,12.194984813651068],[78.3744139344121,12.195260465841585],[78.37911407538715,12.205497997036883],[78.39194744167209,12.204521589939631],[78.39807736999943,12.2124174549503],[78.4016890627689,12.213312145360835],[78.40001673567978,12.217158729967514],[78.40309597901407,12.223947371680014],[78.38444431177048,12.228440877032577],[78.37945856941715,12.227039756745926],[78.3782316854364,12.22211309532803],[78.37499217277397,12.221484773414241],[78.37476233611359,12.224915355225884],[78.36980402741072,12.226659841116664],[78.36899539633129,12.224747889797456],[78.3636373615815,12.225615409207384],[78.36277362155434,12.223518169665336],[78.35493866925815,12.226120964113925],[78.35879780207433,12.235201745223154],[78.353981312202,12.24072455961136],[78.35258364680763,12.247273637086776],[78.34539363907137,12.251290004594846],[78.3342766766133,12.2635237462997],[78.32835690285849,12.26506396587397],[78.32345905257083,12.259105840788457],[78.31689607159785,12.26010322296574],[78.31156361457913,12.26539462935692],[78.3076340008441,12.26593601923972],[78.30219925805386,12.273952752849599],[78.28244775915346,12.268291937242441],[78.27705989135306,12.26022200535907],[78.26751769265603,12.263449884165004],[78.25959661168704,12.27874163531774],[78.26303444541475,12.289184057387592],[78.2591131482826,12.290615093963128],[78.2581783236687,12.294546945763694],[78.25400925141827,12.294897534017089],[78.24942454485551,12.299026474808967],[78.23203904581841,12.302205854198316],[78.2355619374271,12.30714018161242],[78.2342262000918,12.311845827562532],[78.2288031551632,12.314722438800041],[78.2293925101767,12.317438675213381],[78.24612473457626,12.328130556750455],[78.24733129058046,12.332790009244025],[78.23970068435018,12.334085792343831],[78.23898137725105,12.34008842129603],[78.23548339772181,12.341179099930395],[78.23623542415852,12.34788622939334],[78.22711015694108,12.348915528215826],[78.22424892664144,12.344102871670405],[78.21895661084118,12.341325009571491],[78.21597989941681,12.334089694068766],[78.20517539976066,12.329130051011916],[78.20079631666812,12.335793428588575],[78.19480083918934,12.332427590832712],[78.18790144004076,12.335728538033749],[78.18481635136892,12.333546162861419],[78.18077605081784,12.336172876933604],[78.1780956172489,12.334302172128918],[78.1735771380822,12.33715040827662],[78.16364451718962,12.350896524754502],[78.16672631623089,12.36288271008456],[78.14275953843675,12.370726618607684],[78.14201032372685,12.375332380013152],[78.1348839104245,12.381949559382564],[78.12777518764503,12.402261635134762],[78.13458534456004,12.406379198992141],[78.13528890958214,12.409895592190066],[78.131702168418,12.412033503917938],[78.13369786834814,12.416178148322144],[78.13734918131323,12.417335205065907],[78.13944170615628,12.424417632571513],[78.14250436209882,12.424196103278568],[78.142481426313,12.427242416074986],[78.13757480756988,12.435107004847108],[78.12737453543505,12.441918394031022],[78.122292723652,12.444860669203445],[78.11462606533442,12.445258086379697],[78.11441891921976,12.449176723760038],[78.1182958099325,12.450591665872592],[78.1180518858918,12.45470007242156],[78.10833834163917,12.455255354350513],[78.09811114430035,12.445410191395471],[78.08014664333336,12.448856025914035],[78.0773774175868,12.451707416257507],[78.07784409776679,12.463553888779803],[78.06839622666617,12.467362080223515],[78.05967644908651,12.46466155668126],[78.05935829905053,12.467626405642973],[78.04911756230375,12.47563710218397],[78.04159803455497,12.473474204139904],[78.03819410234779,12.461531802620263],[78.02706912242581,12.459661120185016],[78.02111947699281,12.466289217214069],[78.02393697281288,12.47105874433792],[78.02019236621227,12.472571358322627],[78.01903503339406,12.479273722656705],[78.012735804975,12.484482284895577],[78.01470619756697,12.490729473422212],[78.01184420819091,12.50276367358864],[78.00513742221227,12.502625000375161],[78.00256744099912,12.499835826166033],[77.99843094255918,12.50169116782565],[77.99376788134411,12.50043284341757],[77.99014205987184,12.509039260201218],[77.98581825011873,12.509777694286608],[77.98306172834694,12.507152764239768],[77.98180288141005,12.499135886970025],[77.9683191330628,12.495276089739791],[77.96503307688889,12.489948353866247],[77.96582760172336,12.486183156072943],[77.9588997493365,12.483898210671754],[77.95341291144632,12.485951717768453],[77.95367218140699,12.492062330173557],[77.95004445281138,12.49796159577966],[77.9460336529342,12.49925072278601],[77.9470185532353,12.501279885636626],[77.9535231715626,12.502231222242521],[77.94240764640897,12.513678027907446],[77.92147063633652,12.504158798100049],[77.91313564941385,12.506478552356501],[77.90891803040883,12.51266206506606],[77.90506703093922,12.505620624285157],[77.90036099791422,12.503343030736598],[77.90489690439745,12.501327505039594],[77.90007547738433,12.49900025333262],[77.90522238378783,12.494231433171903],[77.90580458821167,12.489371839940542],[77.92223673308555,12.490699410672306],[77.93450925059588,12.469436288802084],[77.93422379564296,12.467528970366468],[77.92844201838714,12.466287076125393],[77.92479386030531,12.460515954270562],[77.9237996543562,12.456055138586233],[77.92820374385127,12.445202324957028],[77.93147282905286,12.441102273606448],[77.93805937822566,12.444969890389915],[77.94034155359485,12.449900566363764],[77.94512905842625,12.449447498416115],[77.94670983730641,12.443901266432515],[77.96309634506892,12.430283203302622],[77.96599469555274,12.419773854191593],[77.97089895621824,12.412703280042413],[77.96783497166739,12.394295059639271],[77.94947888338994,12.375091117406038],[77.95052363933674,12.361621813710354],[77.95461718303473,12.351301944330322],[77.94983069240128,12.348668173970903],[77.94853114369724,12.3365734356173],[77.92674818113855,12.325097479373555],[77.9183224482025,12.328068299734458],[77.90931228212239,12.32675862159719],[77.89477717071946,12.33352140010701],[77.88176295560153,12.333783870967896],[77.87924374537158,12.335853937395147],[77.8672134271366,12.330244467665777],[77.86839971085975,12.324789103339391],[77.87187499086008,12.324441165017456],[77.87098811562113,12.317128072385],[77.87500603015533,12.303247763864581],[77.8737148016474,12.28829155257673],[77.86993704182291,12.280476566409893],[77.86773169576672,12.265755273999655],[77.8616843172241,12.254477936582141],[77.85377900977318,12.261930471829269],[77.84525379740256,12.262178068411403],[77.83351436623299,12.246493009596676],[77.81451955243233,12.234208639203771],[77.81060169584774,12.226767905754054],[77.80922111820672,12.200470957352003],[77.80349858035228,12.17621570442036],[77.79637384600122,12.172959313933433],[77.7947671408436,12.16878692956619],[77.79392411057702,12.147696889403957],[77.77683590269494,12.157404204393],[77.77244727140929,12.171961040402064],[77.7610271841367,12.169316656249114],[77.74671723725635,12.155849341880272],[77.74678551101455,12.144527704646961],[77.74980753975008,12.138462531997547],[77.75721162859496,12.130438621205315],[77.77379821093413,12.120519785102278],[77.77639204511306,12.112280954837138],[77.76775454243364,12.106636729322883],[77.75568705370884,12.079733695018014],[77.72753522712689,12.062037856300574],[77.70890554255665,12.036018063971495],[77.69636918715243,12.015767477407792],[77.67802093577755,11.973927072598844],[77.67419995620811,11.964011002941824],[77.67450598078439,11.953899976299965],[77.69132793879602,11.941838038285162],[77.70116546223595,11.943571504640781],[77.73836436307973,11.939772083956857],[77.74012851865213,11.93200610387464],[77.74547869583813,11.92732137157063],[77.75062825227174,11.928076864769228],[77.75143821555272,11.923570806292],[77.75787110699784,11.918705757887928],[77.76198289188599,11.910047230688473],[77.7736265644429,11.911561638933104],[77.80741753916976,11.909077518588676],[77.83463633866666,11.901562187413896],[77.84774071589301,11.894295919834196],[77.85137499320703,11.899082976367152],[77.85005257609076,11.904900057394403],[77.85877269503025,11.908431015563078],[77.8612094857312,11.912847179290267],[77.86708896555398,11.91574487791861],[77.87307895432639,11.911125673655558],[77.88322242508744,11.912197092885576],[77.886944653756,11.907907552086716],[77.8920302222936,11.908874693827569],[77.90508279996574,11.900285963899911],[77.91094845202132,11.901085482624326],[77.91715330972484,11.898286842994596],[77.9208804512797,11.900880835870689],[77.93044039260187,11.89918888417258],[77.9329328941218,11.901344461421598],[77.94161994966896,11.895878184116658],[77.94475969543592,11.897766774083392],[77.94850867503533,11.894941006083606],[77.95067136189533,11.899211810567802],[77.96099854172527,11.900922211593288],[77.97034589044725,11.895558696902688],[77.97883256958376,11.897241851995554],[77.97996826378339,11.902963748606643],[77.98420890660915,11.90244696643888],[77.98704206455616,11.906003115816954],[77.99843090303331,11.90975022065457],[78.00097794037582,11.914179342591138],[78.00635713134888,11.914430373631292],[78.0112974414067,11.921307407373915],[78.0192889404125,11.92056041579933],[78.02712395559074,11.920658372226564],[78.034430807196,11.934614141948355],[78.05238659630137,11.938493333130511],[78.07372239457959,11.937599053934019],[78.07690270556985,11.941373881634673],[78.0792669618032,11.940126795614148],[78.08056516572931,11.944348671961436],[78.09023204429954,11.94754140522062],[78.09052543856293,11.950072587963623],[78.09499665826087,11.949105939392899],[78.09570767480824,11.95325986733317],[78.10059629221139,11.95576002140083],[78.1071929537193,11.955814900744096],[78.11805396459339,11.960362738703264],[78.12249776321727,11.959440868342488],[78.12904397444052,11.964498801809787],[78.13518632556998,11.963233245283554],[78.14485915997054,11.96825007279592],[78.14706259081856,11.966532313025835],[78.14948214105259,11.968349277431544],[78.16847864188931,11.9674208126094],[78.17905664482132,11.972843206248985],[78.18284826744727,11.970428842972298],[78.19065792857494,11.973622980275872],[78.20702046659069,11.975933266816611],[78.21144566110505,11.97434103439034],[78.21526141786943,11.976812338903567],[78.2219041890026,11.975901776331394],[78.22704249313895,11.978910344097095],[78.23486558408008,11.979260095723124],[78.23798486173331,11.972542272778638],[78.24502538711137,11.968186804424729],[78.2479126290284,11.956560368807953],[78.25327740743103,11.95106129558708],[78.25007951191908,11.938173349395049],[78.23438834420394,11.91895056266827],[78.23579247657003,11.917964712291582],[78.24197405443296,11.92666329438379],[78.24839166463678,11.928143217849389],[78.25264291926102,11.933772156826562],[78.25588848656847,11.933177005360584],[78.25684204375095,11.935735684041083],[78.2548491923786,11.937316774351359],[78.25700069700994,11.940219580678775],[78.27275556156692,11.937920908618663],[78.26264316173487,11.927444065419408],[78.25794970063228,11.912363511764061],[78.26190178662246,11.911967454811853],[78.26426737865063,11.918246627034595],[78.27502569322309,11.931440160792016],[78.28058401006041,11.93241856358321],[78.28453730608132,11.929161026396363],[78.290755874771,11.932096593380935],[78.29366221666761,11.929719968417228],[78.29156074640098,11.92748191965452],[78.28022467586194,11.923586448667455],[78.27998916813716,11.914939623160567],[78.26902077355236,11.900250057273107],[78.28007294412224,11.899567213396953],[78.29265075408188,11.90677182327185],[78.29157879535165,11.91454130575779],[78.29911898794523,11.917630765028603],[78.30230750774054,11.92274824740737],[78.3099035764431,11.924137966414891],[78.31712650833285,11.931724200792278],[78.32438853490375,11.930084994079703],[78.3315047145984,11.92224420792725],[78.32270475788803,11.90521131856557],[78.32639136296568,11.899584630119884],[78.30772990588213,11.883010122022583],[78.30914847507314,11.881188953682363],[78.31935301240894,11.890556764764675],[78.33627270981842,11.900476840561785],[78.3400092217,11.897218519327701],[78.35426295739977,11.912285333560964],[78.35705345255731,11.913591868102907],[78.35979844804575,11.909646199736235],[78.35848647204801,11.901686413579176],[78.35313114571882,11.894160166229957],[78.35468264491062,11.891665233824588],[78.36574790573081,11.89183785456522],[78.36809336202188,11.887449102944505],[78.3675567812347,11.880565179595065],[78.36029746398268,11.867420590206805],[78.35379087744661,11.860744014263556],[78.35139217531369,11.848657316799832],[78.34800568299943,11.848485116213068],[78.35152560657443,11.845448135217177],[78.35142037073553,11.842763227405166],[78.34707055475496,11.840439439598375],[78.35070962817431,11.83757867474762],[78.35077894487657,11.833917491353862],[78.34558598634001,11.824198878772615],[78.32716019059315,11.795480328141357],[78.31287216440236,11.782685625287533],[78.31822669662087,11.77937819301948],[78.32828345210928,11.775981266642454],[78.34501652541681,11.793485406599851],[78.35124230308665,11.792853319439761],[78.38190750534075,11.82746012976921],[78.38734517484217,11.846317531404905],[78.39316388812755,11.852455499628311],[78.39490346309881,11.859741613318082],[78.40041040977665,11.86326688197191],[78.4031462855683,11.873545168910974],[78.41437682562099,11.880143285192036],[78.41978758878302,11.8799843952079],[78.42777193719915,11.874238311589389],[78.43529363527766,11.873866332018594],[78.44148321623143,11.868346226152424],[78.43307025644042,11.862232346614071],[78.44067395094146,11.839653475264756],[78.45013375436397,11.83167810213099],[78.44908715237926,11.830127958388179],[78.45538151462445,11.826352224579823],[78.45963983629497,11.827142130109609],[78.4701092652485,11.823179506864316],[78.47790640565772,11.8176373056877],[78.490828130234,11.817707635364531],[78.51195833199145,11.811495305244026],[78.5218856159929,11.815332257371978],[78.53939719358011,11.80659687796374],[78.55534437755796,11.809792720820019],[78.57430052427551,11.819424822733993],[78.59557601864871,11.822628470580506],[78.60310434629403,11.832980154012041],[78.60161732188509,11.836555240615596],[78.60992133399846,11.85265622565143],[78.6253256894063,11.867170743918285],[78.62768444974674,11.873033202835583],[78.63365954355336,11.87417680321916],[78.6361974944368,11.878931752765522],[78.63455459256315,11.888337854581545],[78.65019973689131,11.884499842126342],[78.65505538163194,11.88535827505283],[78.65600131211771,11.891414904328109],[78.66083441363627,11.89532424441725],[78.68987901828689,11.904007182005754],[78.6947235176298,11.89446444000057],[78.70824072013654,11.89793699035864],[78.7113189214251,11.908987445075867],[78.72386177524204,11.919668867242832],[78.71870541227354,11.928140920356467],[78.71081145413794,11.931763712048138],[78.70442417015978,11.940005313328644],[78.70827855358303,11.951073688168131],[78.71332792989617,11.950742262669712],[78.70985748283206,11.966617408382064],[78.71711207135242,11.984127375772053],[78.70289382808953,11.986145376393168],[78.6977167167329,11.99251068402895],[78.70244293580068,12.000076006156547],[78.69998775478922,12.004735920759906],[78.70347536237017,12.015248419769103],[78.70401208598949,12.030064610381038],[78.70962362441414,12.047256988750817],[78.71987054067179,12.06718222064765],[78.7228399083687,12.088501660911998],[78.7270716776361,12.09368907740561],[78.72753327065665,12.100147896428364],[78.73618165732404,12.11114164231441],[78.73408337787329,12.11335270964187],[78.74521727716774,12.123920391272868],[78.73763752456568,12.133921448750087],[78.72826879683821,12.127425243090396],[78.7055062789544,12.120711152157147],[78.69650180998983,12.114882768156754],[78.69100834073623,12.115100867923449],[78.68411198597816,12.105913362591638],[78.66120577897135,12.102477095296512],[78.66443632105738,12.115444262403098],[78.65886508644623,12.119734291315172],[78.65722570956174,12.125022797687269],[78.64911398632654,12.129330843780348],[78.6367940835833,12.126953851094699],[78.63092825096632,12.128630794978864],[78.63046426393554,12.135112397709628],[78.63554957106341,12.14646626235093],[78.6415859452438,12.149259452153547],[78.64786194502625,12.162163441793178],[78.6328807113886,12.17661857316821]]]},"properties":{"name":"Dharmapuri","sourceVintage":"2011_c"},"id":673},{"type":"Feature","geometry":{"type":"Polygon","coordinates":[[[78.20001736772235,10.54668869782366],[78.19043890044404,10.55339431056155],[78.19121159082727,10.557091871023527],[78.1887542053501,10.559131030867643],[78.17999191769457,10.559769828413883],[78.17573802471834,10.555480517219902],[78.1700410241708,10.554202003960864],[78.16096429382647,10.562493376920349],[78.1525263509891,10.564510073138267],[78.14872972384869,10.56093462139677],[78.13916779814804,10.562630184019957],[78.13776535461467,10.57037359278728],[78.13271241019325,10.575088418406544],[78.13511106202053,10.578505788180438],[78.13616661841195,10.596777163275803],[78.14486194564624,10.605528357133052],[78.16539210243829,10.613740416176515],[78.16026247692591,10.63305643979098],[78.16306525564669,10.648850333818304],[78.14553537308886,10.649588371619036],[78.1485018086847,10.660486738403032],[78.14507043474221,10.67670594186745],[78.15466644611801,10.720050970383074],[78.15478146101708,10.730334745165978],[78.15163727397933,10.740510236214428],[78.16824902531619,10.775886272822175],[78.16988855132102,10.798984900388827],[78.18605904120712,10.819323885429652],[78.18081941069998,10.821191679908845],[78.1838280455546,10.821349392204048],[78.18632089921411,10.826321303812023],[78.18663760655573,10.83303389861052],[78.18194151159273,10.83279059103678],[78.18259390318634,10.823813171599985],[78.17708854293332,10.82272465758362],[78.17602949119713,10.8351284788666],[78.17055567977687,10.832028316373913],[78.16925269322017,10.834085172846553],[78.15857100314483,10.832784412239583],[78.15848368959418,10.827748800135298],[78.1523061469635,10.826442893635681],[78.14912701276624,10.80386864784458],[78.13651705839081,10.804402499995604],[78.13225577856802,10.802409026277742],[78.128392275448,10.805098625164467],[78.1050650307625,10.805034074014493],[78.09641642400783,10.788868545145984],[78.09688381655187,10.780302630406867],[78.10006132929,10.77917289670406],[78.09806026641762,10.766931656785884],[78.08333448310404,10.771183289898666],[78.07898149876546,10.775580868568971],[78.06994774202768,10.77571927684736],[78.067232588573,10.773607739085813],[78.06870050312094,10.771637174417066],[78.0660864164239,10.767627157396234],[78.06085181917732,10.76796495737998],[78.05692138258546,10.763570238935417],[78.05515615801787,10.7657802771625],[78.0575499724173,10.772624628832629],[78.05569357783155,10.773939620627825],[78.04776633980958,10.773480975062368],[78.04710686230499,10.777562628026482],[78.03411949603432,10.774548255962667],[78.03389828769222,10.779940918941298],[78.02780811610438,10.781457777309448],[78.02668565588553,10.775178648408266],[78.02255690631324,10.776560432219762],[78.02463424423809,10.77157529178397],[78.0189872160715,10.774317064199014],[77.99852564026148,10.774475583862808],[77.99492754708709,10.761738656079789],[77.98327856009696,10.75946442619131],[77.93921114687898,10.768407684051986],[77.93222775794628,10.75322066476981],[77.9313063119419,10.736621197646338],[77.95793038988981,10.743816772567959],[77.99817062156961,10.742773848649776],[77.99601118840758,10.737806769596547],[77.99866400956132,10.729879419884831],[78.01059216958556,10.731102742603147],[78.01196471538964,10.727907362224709],[78.00871255444804,10.722115544648334],[78.01516764955203,10.719636379297384],[78.00912911492335,10.709427167206117],[78.00554605056367,10.675464449413534],[78.00079728198564,10.676145024385118],[78.00072499994462,10.674101795070166],[77.99264104812642,10.671105946399862],[77.97809996472346,10.674921349215785],[77.96985004017336,10.672496376597032],[77.97272884601155,10.6555081120723],[77.97946565907687,10.643355401873372],[77.97778293937823,10.639829990404662],[77.95180433958953,10.64023007715338],[77.9501372182375,10.643995908586481],[77.93507063925794,10.643591911295353],[77.93194089892661,10.64674769610182],[77.91397259628934,10.648241711594306],[77.90900135543963,10.657038766695152],[77.90306475893446,10.652410329285459],[77.9027217471247,10.648658467781349],[77.89963264298353,10.650358292292863],[77.89591259272956,10.645512649877942],[77.88556203873591,10.650290990723269],[77.87641786916825,10.645431569410544],[77.87230104293474,10.631246493288678],[77.8648021719459,10.634835350091322],[77.8470216046266,10.636470181617113],[77.84599316478032,10.639006049271385],[77.83068115259042,10.632829007148796],[77.81295683418094,10.64823550341834],[77.81770285481251,10.67941342384983],[77.81380477104561,10.677455285613185],[77.80993761357901,10.680695465286115],[77.78878944192262,10.685237299292988],[77.77066947761425,10.68100032714975],[77.76583493340131,10.678788073585046],[77.7675952792186,10.676759123086912],[77.76225909868303,10.671979094989592],[77.7556827741348,10.671614863399995],[77.7535409569355,10.667898296819407],[77.75466281258815,10.65180178833107],[77.7466799194428,10.64068919372148],[77.74053648404686,10.635434267050107],[77.73424849355199,10.63519670067005],[77.730742140826,10.6305147317646],[77.72054768079104,10.631231959943902],[77.71962588444374,10.635463311266674],[77.72305914484834,10.640764723092916],[77.71410733512569,10.64152659136331],[77.70981405641417,10.6504779904015],[77.69847427044317,10.662427819755631],[77.70231932126892,10.669655049719227],[77.70263616515446,10.676141685766117],[77.706265258291,10.67784496283962],[77.70870329944684,10.68632003681922],[77.70434784384292,10.725376754811228],[77.70203224755191,10.73370375900634],[77.69547298470586,10.735305415635157],[77.68857509562527,10.73474168168074],[77.68997345002748,10.732417923323544],[77.672917596767,10.724017358326545],[77.67413298680367,10.720156806565093],[77.66469826344557,10.7162749187203],[77.65569505032576,10.673355098439574],[77.63678805582731,10.668740623286103],[77.61693075514934,10.673852758978919],[77.59621365894664,10.675907862290035],[77.58600720640267,10.683468969234621],[77.58007109139449,10.679083395643215],[77.58175784003721,10.67721224092954],[77.57299892735217,10.665665628596145],[77.57478171488187,10.663378713433856],[77.57146498842751,10.657876816832912],[77.56857229373674,10.65746487756311],[77.5642784212388,10.649137468307284],[77.54919612443672,10.638967545405345],[77.54861849243768,10.628936656616753],[77.54452047063799,10.625920510685381],[77.54283911997184,10.609764251401941],[77.53232618740576,10.60690422334253],[77.52852371941941,10.60944788573797],[77.51474894925946,10.605591731408037],[77.50826482240208,10.606986031890804],[77.5072889151353,10.613386487872985],[77.51613525006718,10.612951345570082],[77.50976169773644,10.6227173996137],[77.51056443407097,10.62662337678247],[77.50673500225302,10.627024147441064],[77.50354098656481,10.637763175888118],[77.5046494249804,10.64255979427299],[77.49317294866077,10.644675053064132],[77.49256585371704,10.646673270010593],[77.48537743240557,10.646377334698903],[77.48250887364985,10.650003585406187],[77.47286424904412,10.64263377817147],[77.46571777725981,10.644633733600571],[77.45815427338458,10.642352948263943],[77.45637257101974,10.638268485559186],[77.45296005810495,10.639344665366888],[77.44513708933468,10.629653578605746],[77.43263508640524,10.631418703792347],[77.42768568270176,10.62730594411358],[77.4177422326185,10.625562307302252],[77.4128064042556,10.617417175381373],[77.40962628280987,10.618746433763123],[77.39450562614853,10.60529470996402],[77.39708252798268,10.602293113598725],[77.39623249984,10.59789485383668],[77.38786195041186,10.596141118257371],[77.38883959412209,10.592574610902956],[77.38444426140441,10.590187943371848],[77.38523923359992,10.582747341095075],[77.38108154569909,10.577788452310978],[77.37760504309166,10.561067598311583],[77.36834968275305,10.54897523214782],[77.37090406472136,10.53451018877138],[77.37300087183336,10.529985315244403],[77.37791155904637,10.529262156368842],[77.37802126939371,10.525916995577928],[77.4056666222252,10.522123690050414],[77.40170015869887,10.498824285615518],[77.3949858412449,10.500067758565466],[77.3925830948966,10.495027563735889],[77.38544402523021,10.496270815234043],[77.37854246114176,10.493920188229984],[77.37666991844047,10.485955247935351],[77.37963419089311,10.48502856639901],[77.38199556443267,10.474839584108228],[77.38531592457235,10.470906818386787],[77.38332919342201,10.469189072385426],[77.38502803338842,10.448865289293192],[77.37130912496443,10.44935329556243],[77.35714759324374,10.444845617391639],[77.34451078822445,10.448320551666926],[77.34460602042435,10.453853539853833],[77.34057351904653,10.452799822043158],[77.33558612828467,10.455077406884236],[77.32666268376545,10.452910641957079],[77.32294600758367,10.44852966334428],[77.32550880407122,10.444389449979571],[77.32341350792554,10.439669725262762],[77.32715454192623,10.434693435268686],[77.31997585565749,10.433955303572676],[77.32291845355897,10.42543035862354],[77.31930779924195,10.417989050066257],[77.32013200980334,10.406715309896686],[77.31673079859313,10.403663309034595],[77.31376515441306,10.372046783645612],[77.3156725634255,10.355656067894833],[77.33664221558044,10.354136361791618],[77.33606781392317,10.348553585343083],[77.32996962666805,10.341139047898205],[77.32984287707642,10.334891786778131],[77.3348650137752,10.332108008889405],[77.32654467388322,10.32112194156955],[77.33130247412308,10.31475343488398],[77.32990188920405,10.309631516697875],[77.34204106169192,10.30007704201591],[77.34132104222876,10.296302820257244],[77.34741939926545,10.290128183988696],[77.35137390082544,10.274040235690507],[77.34809790218942,10.263398715854985],[77.3399735594211,10.263949292416102],[77.32855272295357,10.271049197983318],[77.32507031032989,10.270076697965147],[77.32469250497252,10.264787710026157],[77.31053850832045,10.246330144774985],[77.30411751326463,10.24418144125548],[77.2986431511771,10.25270777861447],[77.29493362289003,10.249011479915124],[77.28808816128608,10.231863375776594],[77.29495562802123,10.217898372624026],[77.28953895394466,10.214557206649548],[77.28729985099669,10.209251189965425],[77.28311734713611,10.208648399377607],[77.2858747600367,10.204357701676141],[77.28481922340818,10.200552007255173],[77.27856511197595,10.19421301684023],[77.2753048024164,10.184418497753898],[77.2762742633727,10.175705784610962],[77.2729161335669,10.165337598997043],[77.27414078613248,10.157672487297564],[77.2717978864467,10.141994448883656],[77.27453117329371,10.139755843922734],[77.27477210594449,10.132546462646445],[77.2740529192196,10.129485014602237],[77.2683590367244,10.127138657272527],[77.2665925958379,10.119341512756288],[77.2830396329826,10.117773819024272],[77.28248597342521,10.123139520089927],[77.28566482555142,10.126413291583605],[77.28953399344765,10.124958814588403],[77.29274867667561,10.131075896055197],[77.30248338343971,10.136001263023775],[77.31301353042157,10.135388944681228],[77.3237228418953,10.127566038892535],[77.32929080304554,10.142679001782282],[77.34146892289083,10.136022109395638],[77.35442040775413,10.148432267175524],[77.360693747625,10.151095328559602],[77.37207786006543,10.139306430652265],[77.38467474844505,10.146674996560598],[77.3930426999454,10.155923848095124],[77.39543375741525,10.16279488730188],[77.39836290304531,10.160086984179289],[77.40874754630735,10.158449939572446],[77.41142925638232,10.145019339300356],[77.42757926467995,10.136080494085787],[77.43818162543089,10.132408235192145],[77.44290831072429,10.133076435697348],[77.44478406310611,10.136272048215831],[77.45212486204595,10.13605815768076],[77.46564590844379,10.128767988004583],[77.46445109611531,10.130870325171855],[77.46951764103017,10.139715645220539],[77.46804463393289,10.14225203204824],[77.47238820482562,10.142585391356832],[77.47205599525712,10.145749797824523],[77.47583890871637,10.14771067508489],[77.48070237957978,10.147049272379894],[77.48263446082149,10.153933400703819],[77.48775175695663,10.147743241596636],[77.50001385939954,10.160965540972903],[77.51180390344885,10.160897844613345],[77.52760497914066,10.173940364018755],[77.52315083461964,10.176140413571183],[77.5368021196657,10.179620980980289],[77.53805903612304,10.187712951961823],[77.54375097825721,10.181688812593107],[77.5462283799955,10.18284668959579],[77.54724962164143,10.186110805181922],[77.54312407456312,10.187872689904596],[77.54445522869388,10.192520088436154],[77.55129561212154,10.191830173913175],[77.54636093270388,10.198731744256687],[77.54818484331066,10.203994082875669],[77.54980590983475,10.199921490161586],[77.55566464486266,10.202079213926707],[77.56681878140381,10.195373312429119],[77.5688270568496,10.193117938939332],[77.56685171903202,10.190672007703533],[77.56868673730729,10.187281977942337],[77.56739631458817,10.182657221705385],[77.5697466298666,10.181269906425994],[77.57405764940667,10.186984597280102],[77.58729880321985,10.19298090208648],[77.5890460327357,10.196760257773755],[77.59077556993198,10.196792128780494],[77.59188961203833,10.19131343131337],[77.59831889584926,10.194311288321403],[77.6030047410349,10.199962334650436],[77.59615042743211,10.202163139148814],[77.59578031614518,10.205793040760113],[77.60085452189274,10.20832954985593],[77.60040752469892,10.205874849347811],[77.60380270821359,10.205924921324446],[77.60894976104247,10.212737661183564],[77.61522901991279,10.212430707567101],[77.6222063847432,10.218746154017804],[77.62394527609655,10.212901275650477],[77.63031586398681,10.210039844372833],[77.6320454299292,10.206301442249519],[77.6360794009508,10.207503861687554],[77.64240880467857,10.203042015943682],[77.6452654589602,10.204470405702464],[77.64504181438704,10.202440719236417],[77.6497100642712,10.20129234692195],[77.64971439864246,10.198715644404166],[77.6537756919234,10.19850295033425],[77.65289475095521,10.194714873902159],[77.6575675058905,10.194511111326936],[77.66009517735215,10.191070801419041],[77.66200279387542,10.193118446434006],[77.66443003278995,10.188783033204329],[77.66755131817784,10.18972304497751],[77.67141244705057,10.196186849650779],[77.68030652743977,10.19853631975344],[77.68148889271167,10.201483502116382],[77.68566440318777,10.201740606737241],[77.69321122714476,10.196911371832224],[77.69794427969688,10.201869430834515],[77.69668568428827,10.206268113428774],[77.7024449093389,10.207749640590778],[77.70248746343223,10.214168709158717],[77.70615158996654,10.212590270439664],[77.70654019756518,10.215858495357521],[77.71002896487119,10.206301390971712],[77.70740039912842,10.206017258640177],[77.7042550254162,10.20062042282912],[77.70479247307766,10.196140566402343],[77.70127400387508,10.195164963401439],[77.70527812118488,10.184170209281469],[77.71255377160534,10.17470266858984],[77.71224242540934,10.170014988910054],[77.72191022205782,10.16683457073296],[77.72928144873298,10.15906634758893],[77.72738640233545,10.153940543639463],[77.72463516355582,10.153900772924791],[77.72392565887307,10.146170871023818],[77.72426509179476,10.136103654652022],[77.7294510497603,10.131382712111016],[77.72174141963276,10.134029342567656],[77.7156995693224,10.128692270288548],[77.70786612978915,10.128902092584461],[77.70355141458,10.134119649094096],[77.69724647018081,10.135223971999466],[77.69211107658599,10.145364458278026],[77.67637939485154,10.144630067404712],[77.6743988126693,10.140471478840176],[77.6754782696372,10.126611430837265],[77.66910929242623,10.12613759007696],[77.66862985257595,10.122367464978064],[77.69419885562935,10.111094067217087],[77.70253634975002,10.10273855990811],[77.69693577256844,10.086669292292916],[77.70854399940089,10.081472803263349],[77.70771450135571,10.064579796284203],[77.71004643620513,10.04987399206469],[77.71259558458858,10.047884354750916],[77.70634008436093,10.037981347705532],[77.70996038209252,10.032885855705395],[77.71166633132606,10.033970364426324],[77.71261733010664,10.024377593308053],[77.71038147187349,10.020318719416862],[77.71723113310146,10.018052249394984],[77.72525971995205,10.023791210850728],[77.72542011234941,10.026706876671518],[77.7284255420151,10.026104755261438],[77.7328778701426,10.02922267910971],[77.75540003568734,10.048623362606717],[77.759980217436,10.04660892215446],[77.76355267808204,10.055913465267373],[77.78054947070586,10.05093752473954],[77.78868120391402,10.053851139833109],[77.80555903803463,10.067602440636493],[77.8128525074371,10.068679963136537],[77.82286991402111,10.065540148277378],[77.83551739461923,10.074054391766792],[77.84760075388017,10.075353299264641],[77.86362543641589,10.07424256616946],[77.87484250443428,10.06159463614609],[77.88261498339402,10.068470480115979],[77.88392409466431,10.074595708079393],[77.89101278141965,10.078117163756003],[77.89834766315674,10.07525537516183],[77.90149031407535,10.071146042932272],[77.90432306239059,10.072294116648214],[77.90285438157974,10.074744289155182],[77.90896694008279,10.075806211562421],[77.9129808175881,10.072641516947519],[77.9195547831604,10.071917806145203],[77.9254149294416,10.091008172189289],[77.9324973756007,10.089243075817812],[77.93285738443399,10.086743126343405],[77.94647334233316,10.083626212159023],[77.94670280978596,10.090610377096592],[77.94235077766162,10.089666354586198],[77.93667640567608,10.092501676419733],[77.93489696257417,10.089947870615296],[77.93129320282698,10.090305535930861],[77.92931497782406,10.100956194689243],[77.93384551687346,10.104834052588526],[77.93355489031947,10.11361749813277],[77.94780863230747,10.123013135078768],[77.95400109685333,10.129937221035279],[77.95991866793905,10.131160939125447],[77.96221048043465,10.13730834666374],[77.96285323041033,10.13503882663315],[77.96607425484586,10.135114945205775],[77.96501521299115,10.132841337425154],[77.97270685255845,10.131162274431166],[77.98407327357765,10.136606150363173],[77.99714394960782,10.160741308221862],[78.01374257027014,10.163361581429541],[78.01274976659116,10.17069797516263],[78.02003180044007,10.184524243414163],[78.06318949515969,10.183329340169545],[78.07075412821722,10.18810448873155],[78.07775463993752,10.184448687436166],[78.08771568172904,10.185101111898346],[78.09153533718175,10.181996090263958],[78.09678191256434,10.190318874267575],[78.10364470716172,10.192331214246726],[78.10739132958184,10.189302775398586],[78.12003579543386,10.189366801827823],[78.12417462500194,10.18559238932618],[78.13062680058125,10.1875046447864],[78.14612282008072,10.179385565900855],[78.15132419942474,10.171515122720445],[78.15219516100845,10.163156734232208],[78.16122413242073,10.154544502235138],[78.15856783568516,10.14437811631248],[78.16425245834637,10.141131956909033],[78.16538676734383,10.123858985865473],[78.15630222974136,10.10726041776653],[78.16918918322793,10.102164686157705],[78.17069870863808,10.097978514786098],[78.17469038338284,10.098321552064432],[78.16987744185587,10.09679422873828],[78.17015980211261,10.092454502611904],[78.17859449125204,10.09257549056014],[78.20398241640207,10.079348492567746],[78.20061026658963,10.074141523104846],[78.2028575693595,10.06691275705668],[78.21007925259097,10.070929966874317],[78.21258908261277,10.075264547034793],[78.21659392755792,10.074603488709215],[78.23018860796127,10.07912936091904],[78.23640561358235,10.07769446416856],[78.24409417462321,10.084540590135926],[78.26037913862262,10.085924573211445],[78.2615412783259,10.091913123438488],[78.26452775174246,10.093618842572269],[78.26128440237545,10.10242899875879],[78.26589435429264,10.108461067699064],[78.26894683411963,10.106997468421792],[78.27153072484668,10.114909279032215],[78.27339213831993,10.114823973423881],[78.27436182744835,10.120755162375435],[78.27049923522,10.129442258946858],[78.28083280566489,10.129581252610317],[78.28047278695016,10.142229546630473],[78.28425776114469,10.148581982216369],[78.28136840818674,10.166902639855726],[78.26186076056345,10.159043913753754],[78.26688033616533,10.157449990644777],[78.26968403296429,10.151321209246401],[78.25981792692865,10.154179751425396],[78.2596697480259,10.161447983226903],[78.27221824685614,10.171940048032027],[78.27281282467469,10.181098711633162],[78.26894516055827,10.182358399075328],[78.28233291583255,10.190658096583975],[78.29142346406262,10.203946466644526],[78.30337757911036,10.208579969615547],[78.30384774385534,10.21091120235109],[78.30798283822847,10.208032653878576],[78.31346791362407,10.208838638653738],[78.31476809743705,10.210479729270999],[78.30902954621438,10.214744532894233],[78.32019331000045,10.214097214599052],[78.32868814673803,10.228351822027848],[78.32265299426642,10.238942283871326],[78.32174759486796,10.24772537165458],[78.3219297273935,10.249596872292734],[78.32974812373898,10.248508884730649],[78.33197425142097,10.25493032291878],[78.32917674042105,10.253555662365077],[78.32774779928175,10.255657501781037],[78.32769171027206,10.263622526200948],[78.3305343436487,10.268532241636592],[78.32956147897578,10.272641195795043],[78.32710129434818,10.272536802698035],[78.33011750559393,10.27786692858409],[78.32818700179385,10.276759025747245],[78.327364787289,10.279737910654076],[78.32979298021438,10.280637959164032],[78.32546098591075,10.282730175159319],[78.32598996335737,10.285144214288746],[78.32943604002612,10.28584089526735],[78.328832930009,10.289253738166979],[78.33886609483969,10.28704929911891],[78.3398929132269,10.288749134255664],[78.33527743756908,10.293711970585408],[78.33871389507776,10.298300692586382],[78.32940670194728,10.297783955577305],[78.33297604094771,10.298855889143217],[78.33701865376237,10.310808627403897],[78.33780168734776,10.32549564761259],[78.33095746002898,10.332763536845434],[78.33084705438561,10.337591276918133],[78.32738178071924,10.339218058860304],[78.3239901707028,10.337219439685873],[78.31783844565338,10.348722771915535],[78.3047941630246,10.352168979818],[78.29171127260153,10.361757878771373],[78.28581911844842,10.370037660422597],[78.2793394723877,10.372639432646166],[78.27720373678288,10.383189375911977],[78.28036152072076,10.389030755971891],[78.28763383389996,10.393345581274737],[78.28782749899713,10.402115240877738],[78.30325076124676,10.40741281310529],[78.30681585480919,10.412155632581397],[78.30647526485743,10.423230598987145],[78.31509328397664,10.439460821418667],[78.29547588468353,10.450879079776112],[78.27739906735655,10.45408769318874],[78.25301268289994,10.462382716741155],[78.24637030882212,10.467945807562401],[78.23403055600609,10.470277946067412],[78.22395856958205,10.465697310274628],[78.21758317660328,10.4666890195757],[78.21441061358236,10.472959681285582],[78.20653699060982,10.473996737836],[78.20361082019997,10.480330458318187],[78.19990236989125,10.48150207903314],[78.20013159300227,10.485276576603553],[78.20261198343555,10.486514600979334],[78.19379404874141,10.495380993207482],[78.19172595268421,10.500909786600447],[78.17336478443386,10.503726869029833],[78.17661438158366,10.517427806213691],[78.18489203622825,10.521399996059365],[78.1901071687793,10.538454544681503],[78.20001736772235,10.54668869782366]]]},"properties":{"name":"Dindigul","sourceVintage":"2011_c"},"id":674},{"type":"Feature","geometry":{"type":"MultiPolygon","coordinates":[[[[77.42724111275588,11.76087036880894],[77.42259742640483,11.761717868350983],[77.42222728996508,11.772376037630922],[77.41365823082543,11.774673136397793],[77.39445553159669,11.787633191433397],[77.37025555744302,11.786656677915092],[77.36903965087504,11.78951323570213],[77.36484641484176,11.790403376902518],[77.36042479292728,11.779469287163279],[77.3351488319976,11.771230779767873],[77.32769802806301,11.775351567246299],[77.31267394837955,11.79353644069205],[77.29385437882286,11.808998277280233],[77.2879755278208,11.800435621589497],[77.27443103539403,11.802998027766815],[77.27341616639673,11.80534346211729],[77.26158139972102,11.810613329071902],[77.24987603536198,11.81301267785875],[77.24959586879115,11.804180656926043],[77.2386016943543,11.79465274796905],[77.21752468274315,11.795328063179522],[77.18923576606235,11.792521524738074],[77.18201613997287,11.786320572939848],[77.14709466420703,11.781914793125624],[77.13807819914017,11.772641478997988],[77.11074656226042,11.77347245321181],[77.11245569422503,11.756933230710073],[77.1085460769882,11.752599958685773],[77.11138054557725,11.750397440728253],[77.11418892529379,11.73446988356582],[77.11753879868381,11.731788475259336],[77.11535013883399,11.728166421322044],[77.11738705796097,11.728466031354161],[77.1177064341973,11.721072082751135],[77.10500983282112,11.732798240344978],[77.08021798028629,11.735981982900395],[77.08276502840859,11.739763348021127],[77.05642675216329,11.769775763307457],[77.06975656700008,11.782076409035051],[77.06691990921671,11.787980031910422],[77.06294256619397,11.79039671309497],[77.04646867840549,11.787616640788164],[77.04005578705186,11.78062230476231],[77.03510161598918,11.76977900663906],[77.02886476388848,11.774674731652357],[77.03548962441153,11.783135551850508],[77.03874926831945,11.793846691820331],[77.03267208277738,11.795889600977024],[77.03419425377183,11.799946667870765],[77.02987993561803,11.804674974839717],[77.01688831312953,11.810713669207608],[77.01401058257474,11.806210792728221],[77.01294023991369,11.814615034615587],[76.99353908038083,11.80916032392236],[76.98299063741153,11.811848921278001],[76.9836459161905,11.80168327742404],[76.9699226994464,11.776859736257153],[76.96117717794728,11.781622140066151],[76.95393962956956,11.79205213579891],[76.94412476523439,11.787916716379748],[76.9320882351492,11.792789023673418],[76.92217590540228,11.791775227895343],[76.90748481233003,11.794732577868377],[76.89661073815512,11.776467615150741],[76.89624548495722,11.75979611991863],[76.88809724790067,11.741702273369444],[76.88834944183183,11.73364316913771],[76.874213299196,11.724110473791418],[76.86263299918912,11.711010990024088],[76.86116571436027,11.707218582324526],[76.86371125241453,11.705374635164683],[76.85276056542065,11.692369703108584],[76.84141399896585,11.66594897559479],[76.84184109488282,11.662129705562872],[76.83500509972531,11.65541638639217],[76.83625725870489,11.653879816970871],[76.83373606858804,11.648957138408795],[76.83793287542458,11.641938258204533],[76.83462737701296,11.63950147331885],[76.83841082766476,11.635379847041595],[76.84418856429845,11.632569257835845],[76.8451283179683,11.634146942974448],[76.84484489141134,11.6281533627623],[76.84275882994676,11.627050167963684],[76.84960461584257,11.624316537898736],[76.84955461741049,11.621066603122546],[76.8521129277115,11.621668027967324],[76.84883970576804,11.618557942322385],[76.85053185328557,11.615959104409242],[76.85812453983107,11.614029851395932],[76.8556677526319,11.607584102154815],[76.8564708635639,11.599281013878056],[76.84693266057326,11.594471499896022],[76.84845140269826,11.59119542118612],[76.84671506615356,11.582060056994925],[76.8422448381957,11.585422492938006],[76.84162642717433,11.58181982443833],[76.83752799304791,11.582153736406923],[76.83531026641047,11.575201567082974],[76.83104247200525,11.574224421798396],[76.83040114585933,11.571928149111917],[76.83954696922541,11.569502357156097],[76.8394786972638,11.566306677187638],[76.84863836277013,11.56096508532458],[76.84912015710476,11.557475654380383],[76.86310672216094,11.544101979619164],[76.86657263722445,11.533357948321804],[76.8636119310835,11.529289678636246],[76.86627550327455,11.519585169947655],[76.86930916698962,11.518625530385435],[76.8726141219205,11.523264762385383],[76.89547645341217,11.527391487745868],[76.9082836724341,11.527861650883592],[76.90885548963833,11.525641266118509],[76.91436458508629,11.524180746394975],[76.9273555311434,11.533291514320378],[76.92639628133692,11.5250832083836],[76.93796988889494,11.527074540567382],[76.93836311922405,11.523478064121543],[76.94316649009996,11.522359065941725],[76.93969163140952,11.51895611469046],[76.94508172972677,11.519289537319482],[76.93971402191798,11.516714153813869],[76.93376308740258,11.506712277387876],[76.93327670357513,11.503512120220122],[76.9390437403755,11.497967047205766],[76.93526636323331,11.482163600185325],[76.9476023080909,11.47883889264815],[76.95592461888657,11.47914427356004],[76.97182295607253,11.467654194180264],[76.98779180202511,11.476666433337925],[76.99105179178447,11.481167244397009],[76.99925721738865,11.475249645831427],[77.01221481888072,11.452007256237657],[77.01174237780484,11.442148720198182],[77.00744313427982,11.434417529437306],[77.00008886330565,11.434884430400178],[76.99707099556655,11.440717917858208],[76.98291750825923,11.44036380558833],[76.97605084461792,11.413914258743679],[76.97669901323137,11.407110476407741],[76.98099794683759,11.401296506289778],[76.9757617685561,11.395736855145739],[76.97040274296455,11.397157719600301],[76.95746133899537,11.381057321143441],[76.96540480957448,11.38598222456433],[76.97160727596273,11.386189527962902],[76.98083649981811,11.378195449159744],[76.98149491371741,11.383047962008346],[76.98761715695748,11.382209183326152],[76.992212459149,11.377166490219574],[77.01361019536776,11.368760801631161],[77.01571183900924,11.371356196905225],[77.02040778575024,11.370155656761177],[77.02543190503081,11.373339663801088],[77.02344293258386,11.387708419985527],[77.0262829338967,11.388541225007614],[77.0325101937868,11.38481426459091],[77.03696042434812,11.39288414920489],[77.0455576160275,11.399165254713484],[77.04542835115306,11.402532718731788],[77.0598549945787,11.40436280037815],[77.064272162646,11.401538702383673],[77.07042490099506,11.402498343343659],[77.07046505389162,11.386090300596068],[77.07610844657626,11.389413749082175],[77.07569110187167,11.391687260200499],[77.08118022956751,11.387751254737728],[77.09134972003079,11.393556648260013],[77.08848132027686,11.396964471560496],[77.0931907004246,11.399003680424808],[77.09150873800577,11.40333822190367],[77.10999933821721,11.406422931383789],[77.11311194857437,11.380943142046135],[77.11475209172181,11.378931792764655],[77.1284037962811,11.378376303219092],[77.13044235663008,11.375325211996747],[77.12952161310827,11.366646595304482],[77.1331176931581,11.362985219068314],[77.12931565097318,11.354161952733115],[77.13223350657677,11.354627469777526],[77.1322839766244,11.351250957616708],[77.13770729014925,11.345790529246539],[77.13621862811154,11.343797248387297],[77.13814239544531,11.33998665968091],[77.14173330389407,11.336709521092585],[77.15860269474932,11.332685478096616],[77.16767901905514,11.317225635228004],[77.17764534743209,11.317206221333544],[77.18249973273468,11.313842421854686],[77.18305076741481,11.322191080430345],[77.17909484022847,11.330657941965285],[77.1745147932271,11.33253001763321],[77.17873030837775,11.342057832645779],[77.19660270687527,11.338673433286445],[77.1989443219702,11.343310503031443],[77.208362188442,11.344379548835022],[77.21063552528712,11.349477637940925],[77.21761197024269,11.349995507199084],[77.2184463227836,11.35224178069609],[77.23487221178983,11.350930206568192],[77.23477042009173,11.348204633368514],[77.22152543855711,11.340208255431875],[77.23188019936123,11.335268983993823],[77.23454447403486,11.331105018020056],[77.23682350440224,11.325675493214051],[77.23512854785278,11.324979958190086],[77.2370511473767,11.321851357955182],[77.23652157973693,11.314063319080846],[77.22645575755239,11.317556308965672],[77.21981763340416,11.31245506358216],[77.22124034023538,11.307238354250298],[77.21810270640766,11.305865159427103],[77.20431809071218,11.309941527145035],[77.20181586582763,11.303338143046568],[77.20343174727587,11.29997479561449],[77.21631415259213,11.297846931198974],[77.21912797789594,11.303767505676268],[77.24153337592844,11.305138735605272],[77.23752844205009,11.311902313682076],[77.24081100557419,11.320710904746237],[77.23826957910893,11.322162855019668],[77.24775625293825,11.324893918377752],[77.24722665655239,11.329179295137669],[77.25124068227973,11.328787564578704],[77.24943034072531,11.326185893091445],[77.25238563990659,11.325513470334473],[77.25404913116654,11.321169392603966],[77.25090871974797,11.318275665987484],[77.250942976103,11.310654410414424],[77.25388451668738,11.310772225656265],[77.25400269096133,11.314199932181529],[77.25854593757875,11.3132474963961],[77.26043388099731,11.315948388430181],[77.26257696392285,11.315372421561191],[77.27001861222809,11.32426600427424],[77.27235331838014,11.324115506217561],[77.28174528193074,11.334407810615863],[77.2877102436393,11.333188876322664],[77.28683332802187,11.341700387966311],[77.28893972824282,11.343746290766179],[77.28877106056507,11.338553195051013],[77.292102208573,11.336105667934282],[77.29104536130247,11.332719282339985],[77.29297436671266,11.330006698201705],[77.2881779362206,11.322341485250169],[77.28857025206477,11.301947629637832],[77.28631718390739,11.292370838348342],[77.29187644217916,11.286536161050709],[77.31437607707825,11.281967934963376],[77.30770974313518,11.274496974406032],[77.29559150588497,11.272761593044343],[77.3032280724372,11.266377678737085],[77.33132800873504,11.256783123163203],[77.33639448627623,11.25708325064508],[77.3350406380065,11.262957240348232],[77.34088588303379,11.267188175099662],[77.34225880972353,11.272681255155854],[77.34428037933722,11.272024867750007],[77.34636750440708,11.276950550579853],[77.34474997095707,11.281240740580113],[77.34872204715725,11.28591833428612],[77.34526621478453,11.300033857391998],[77.33633832899456,11.303040533027767],[77.3332650819148,11.306864679014813],[77.33377500160269,11.315073483382193],[77.33455276836555,11.316757059729682],[77.36608097312998,11.317132551581848],[77.366560144384,11.328995300628067],[77.36318240884711,11.34149764192453],[77.37393739875472,11.338435547147414],[77.37861493721888,11.339410138763391],[77.38038826279373,11.330692909994042],[77.38413651565608,11.329429756385789],[77.38676430255946,11.322065108086118],[77.39411240839583,11.321904781409543],[77.40128236842989,11.315674762163075],[77.4175360468029,11.310322040961292],[77.42315808024503,11.312123732114319],[77.42574009708639,11.319655023567648],[77.44396837306518,11.305667239898439],[77.44387703057045,11.308689134327665],[77.44652589734032,11.30839081019051],[77.44821843742166,11.311453730415659],[77.4495373259555,11.306065822768094],[77.45454174518188,11.306804555422278],[77.45258094300391,11.307205484252579],[77.45104832729767,11.31250463589654],[77.45260816375365,11.31316124341224],[77.46167639244216,11.29919922887695],[77.46021811142735,11.296943944717901],[77.45739591023185,11.299217255687557],[77.45635438822008,11.293551640420414],[77.45983009761513,11.290270515336468],[77.46091801671298,11.283349017702301],[77.46475354180347,11.28392711120297],[77.46280624310087,11.278963197782494],[77.46729996020679,11.276882894574753],[77.46908824362939,11.27008741757281],[77.463201579081,11.25846775325558],[77.46575866228333,11.25711806641356],[77.46525855130004,11.252279493232892],[77.47012227908158,11.253229919822667],[77.47001748431548,11.246972791684676],[77.48012403611503,11.236534678425643],[77.48615439787122,11.236839415740793],[77.48903370766429,11.2351342326499],[77.48895385102877,11.230234434430155],[77.49397742143876,11.232167082811067],[77.50023211318263,11.22678004718763],[77.49448146883962,11.222462143781481],[77.50199001827731,11.219258122129592],[77.49904106210025,11.205627411700794],[77.51073600240875,11.198457759416776],[77.51360602002853,11.1998058436371],[77.51420802511787,11.205976191727228],[77.51686373974515,11.205633442564183],[77.5123225862023,11.18302586664794],[77.49010202642097,11.181608788680046],[77.4879402630291,11.178978808684496],[77.47633287522312,11.184931254412428],[77.47354669467389,11.178769022055159],[77.47363071589903,11.170501628322612],[77.46972859330661,11.164848172863124],[77.47299636427294,11.163084254765597],[77.47148009790489,11.159956796378282],[77.47575423711095,11.160000235305862],[77.47592172530075,11.163910470113011],[77.47911065562616,11.159551940113694],[77.48513515677345,11.160828984427637],[77.48182663642923,11.151613577191831],[77.48412381456198,11.149917685770815],[77.48132906857647,11.143233369391762],[77.48320906819298,11.140018857660413],[77.48548142856939,11.140228620278954],[77.48528376686752,11.143118932824368],[77.49369568640945,11.140620584080779],[77.49894379521623,11.146557950689465],[77.50082025726715,11.131852851197463],[77.50460184571136,11.125432022916748],[77.50325217370934,11.106908713818015],[77.52413891495685,11.106651748103442],[77.5314581507366,11.103937636237958],[77.53846386460076,11.10801713695535],[77.55192837642451,11.109838158802415],[77.55620815076236,11.108221033408517],[77.56679799438814,11.112386645276661],[77.57508996458508,11.119335910604432],[77.58422531090005,11.121425849971134],[77.58722329263371,11.121250025347152],[77.5943370953861,11.11273943427324],[77.59871273433784,11.111627980053045],[77.60735344939272,11.11669598758231],[77.61582485357613,11.126378878232467],[77.6384036812557,11.124150799438658],[77.64617515500063,11.115751974378957],[77.65446403139978,11.11620349972966],[77.65667403342411,11.10819801782451],[77.66136941692142,11.103776823575364],[77.67348808356628,11.099616805428152],[77.69689710189209,11.096172808411227],[77.70701944607431,11.091537241040824],[77.71336346359512,11.078173818346427],[77.730139886005,11.076654574178423],[77.73164747644407,11.082516813054045],[77.73717235978314,11.08571074042418],[77.74742506927603,11.077597726366083],[77.75173139422044,11.077147175433126],[77.75503811434082,11.071077892598353],[77.77515076742651,11.05832061940498],[77.77956963780127,11.06295080872246],[77.79388694907033,11.067434928812146],[77.80444999235792,11.062953712784793],[77.81095979755767,11.071136989591562],[77.81893194056404,11.069832410597316],[77.82858001919199,11.06225841560851],[77.83050905514492,11.047802960377567],[77.83992211562993,11.044513707186137],[77.84398959021838,11.048130446729232],[77.85164528010638,11.046101743837482],[77.85428689387862,11.03166437029149],[77.86149817461911,11.0304128310667],[77.87075499561837,11.023253229274854],[77.88107727244348,11.024306632857844],[77.88729558421502,11.031796726389864],[77.89977342515823,11.033974975157737],[77.90727401642083,11.04603901900422],[77.91975704872809,11.046892038734041],[77.93262811730548,11.068492412595601],[77.93120067096281,11.070594554669164],[77.90536336988009,11.07300237898604],[77.89534608097539,11.07672306857457],[77.88766258283951,11.08738200467473],[77.88639979409514,11.106945630589165],[77.881699376439,11.125428800396415],[77.88542075799624,11.149774679919123],[77.88434055991823,11.155931184017579],[77.87945618256322,11.163665227763317],[77.86667938409006,11.173622865770039],[77.86145514531702,11.185691544632778],[77.86424216219778,11.202375761396171],[77.87082530316239,11.214752341265593],[77.86417550720371,11.243283394141656],[77.8582819480855,11.249543467603775],[77.84084790768367,11.260602428932097],[77.82571352656142,11.261133340206301],[77.8076971505817,11.267597681181037],[77.78291598620214,11.301419346638767],[77.77240646992908,11.322054679900711],[77.75755675414058,11.334307465116227],[77.75082368525338,11.354152454013034],[77.73888209002573,11.367852329582838],[77.73055014929021,11.37005201861854],[77.71749229311749,11.378273700201003],[77.70951523812312,11.39011413599559],[77.70159128164693,11.396918913613192],[77.69506546397723,11.40898460963005],[77.68373711266143,11.419455434416605],[77.68644914177557,11.44157642038064],[77.69569987758707,11.459718297242825],[77.69913617519562,11.477025025146334],[77.72098100382962,11.503415970913146],[77.73244330383574,11.511661320766521],[77.73262332711695,11.517127994080631],[77.72443882237745,11.531832306236362],[77.72406383683177,11.536660247082732],[77.73184490997383,11.551828180564346],[77.74476236126428,11.565744109006511],[77.7461990027622,11.570648198291005],[77.73652504187423,11.593955060953238],[77.7358974931898,11.601322669836394],[77.74922287304402,11.622961312900037],[77.7510197704119,11.633787633593567],[77.76126151057687,11.648220099810917],[77.76763259074393,11.677187186983902],[77.77651772660784,11.695704635010497],[77.7705504400593,11.697062874966084],[77.74891254463925,11.664189633399856],[77.74562210558503,11.654610150596069],[77.73421298764036,11.657868919772985],[77.72421664744812,11.649747195062393],[77.72181462424359,11.652439518409574],[77.71496219710292,11.649286682638394],[77.71817057864914,11.646160585830813],[77.71629495742135,11.642189715804497],[77.70547019806058,11.634429023182982],[77.70002729677094,11.634966722803334],[77.70009739141426,11.637114743765196],[77.69548817162405,11.639645853704955],[77.68945495412355,11.652430820689545],[77.68963235881577,11.66368934782712],[77.69468983972938,11.674370313690197],[77.69822132731701,11.693472071005118],[77.6963089407396,11.695901273377324],[77.68989460489496,11.694751368250682],[77.69176784199401,11.703114381561916],[77.69439305881737,11.703625892280538],[77.69513400004352,11.706775576750022],[77.69096149892363,11.718508804571826],[77.69643641886493,11.722610822295541],[77.69842852194068,11.729141197652131],[77.69730184233494,11.73568966623674],[77.70665941118992,11.755488821608317],[77.70791460108528,11.76609699418599],[77.71524356292463,11.775564329977353],[77.72218178007324,11.795084186867987],[77.70983192121025,11.79759643013571],[77.7057191912944,11.77619588883351],[77.69733371366289,11.760613248943084],[77.68626453439141,11.74247610915557],[77.67542342389584,11.731835069396153],[77.67270592044841,11.732844031285545],[77.67168679972485,11.728641661879692],[77.67546620616123,11.725286037881915],[77.6708045337416,11.720704218587672],[77.6632940610109,11.720685752580986],[77.65866230159187,11.717793465837598],[77.65693973711882,11.712346038622504],[77.64918732921747,11.70478593790816],[77.65008129755394,11.70259069828327],[77.6374286255918,11.674790141820038],[77.63480709455602,11.674725886268755],[77.63393470285438,11.671313464917466],[77.636313129113,11.670279414345002],[77.63433505502707,11.663961454945676],[77.62501331996877,11.663681598847315],[77.62534081787358,11.67296355760604],[77.61839063696199,11.67618322912508],[77.61611842570589,11.671547465610823],[77.6227511366062,11.664873847403358],[77.61912367840348,11.656892083611897],[77.61066006980013,11.652248129794833],[77.60625926095248,11.654217211941308],[77.60631949658551,11.659304471919707],[77.59846598240065,11.671842410998025],[77.59264416543596,11.673499955413874],[77.59224743796545,11.679460094949087],[77.58869125389403,11.679457963397038],[77.58901814094445,11.684987995230301],[77.5783946509197,11.685287686360292],[77.58180708657939,11.67594843003222],[77.57179130864101,11.664975051724612],[77.57672657106525,11.652472964070286],[77.56430451011127,11.660871757705943],[77.56009740139507,11.649865965901965],[77.53727951944197,11.619234998816012],[77.53548636804882,11.601759271180338],[77.52874341589686,11.586303838115931],[77.52023406507922,11.5869898521555],[77.51283325059357,11.591862793762647],[77.5163127526757,11.57933588915725],[77.5039679414463,11.564507450046595],[77.49328704099007,11.558784835358534],[77.49721523359035,11.55607973640951],[77.49622667175616,11.551767331772153],[77.48559474116101,11.549819138983665],[77.44470634176604,11.561374350766538],[77.4506278555576,11.572487098401965],[77.4518400961009,11.580607554359537],[77.44970708688292,11.595425335838794],[77.4586244048919,11.606637317418429],[77.44501789816783,11.618387552317822],[77.43848878457935,11.635862297905891],[77.43983767055546,11.639949349834136],[77.43762210526458,11.645047997273284],[77.45085207056094,11.657354481127756],[77.45402601698738,11.666075276396487],[77.43969898235372,11.673736544199993],[77.44197888498522,11.681605485403466],[77.43561569202636,11.7027656758502],[77.4371183507145,11.706766830596061],[77.44160258161102,11.706936892794198],[77.43905041219331,11.710506793791922],[77.4430961143142,11.713089364792852],[77.44318323382878,11.716587127022816],[77.43944598802359,11.718641806755064],[77.43849591899934,11.714261957865174],[77.43438395175319,11.715263889102987],[77.43505392068198,11.73150239456289],[77.42677543240077,11.733116609569551],[77.42323136031432,11.72800234177786],[77.41942536015227,11.728830119782858],[77.41540414430939,11.7395754789534],[77.42065975225215,11.74887516379934],[77.42605398281968,11.752175119596254],[77.42526594921142,11.758286274298946],[77.42724111275588,11.76087036880894]],[[76.95216566798752,11.548333963242555],[76.94872391041865,11.551593760777402],[76.95120920295845,11.554956095386016],[76.95476125477958,11.552894033420428],[76.9551131805719,11.54878524158698],[76.95364128918223,11.547031837011714],[76.95216566798752,11.548333963242555]],[[77.00052822571786,11.517112887611416],[77.00457492137545,11.517019851917745],[77.00399892431021,11.51348840742143],[77.00193366513267,11.51363159940894],[77.00052822571786,11.517112887611416]]],[[[77.54898234965363,11.64100093587974],[77.5438374303235,11.644400276298278],[77.54069484677855,11.639756923204954],[77.5458297013842,11.63636433873228],[77.54898234965363,11.64100093587974]]],[[[77.55831753339004,11.662681490366602],[77.56030637827624,11.666238461877349],[77.55530130597464,11.669425697739097],[77.55233373670488,11.663808927367477],[77.55640108822416,11.661022727937603],[77.55831753339004,11.662681490366602]]],[[[77.55709376835995,11.820414288082352],[77.55176646856928,11.821511213339061],[77.54900500606338,11.819010826428796],[77.55208917575868,11.816195755239269],[77.55709376835995,11.820414288082352]]],[[[77.5321323992394,11.848475738924174],[77.52501677739856,11.844613066806785],[77.528267421984,11.839732678362617],[77.53383892429308,11.83718091858486],[77.53527915276393,11.82573678706983],[77.53203452329765,11.81474751991878],[77.52659882739489,11.811260667121445],[77.52722713874903,11.79994276979328],[77.5298531433949,11.79519320568584],[77.53258769956139,11.794900420808888],[77.53304363589056,11.791324750941197],[77.530749353028,11.77840170907176],[77.50835076063207,11.762188660824425],[77.49958661795547,11.75074314789749],[77.495152453763,11.750320741253],[77.48043277090851,11.739183631035568],[77.46688679176994,11.743606009002907],[77.46463805708552,11.742191394001281],[77.44997306007227,11.696927195270927],[77.45339757358093,11.69370152004312],[77.457353896026,11.677995946204812],[77.47167342074391,11.693996440090347],[77.46944929720331,11.707059614172802],[77.47197682942607,11.718100859211583],[77.47640551928521,11.713846299999307],[77.48251584906801,11.719661647237881],[77.4964652984316,11.740601220182223],[77.50727721996861,11.752217073645305],[77.52843011227186,11.75133735474454],[77.52849958258604,11.747557983930077],[77.53882429115063,11.739279901299524],[77.54768366962041,11.744409261672361],[77.54745013459599,11.748451420973842],[77.53992864582494,11.75237410642546],[77.55705789144412,11.766499605958264],[77.56013252821764,11.762314847289407],[77.56328291363081,11.73114437065065],[77.56781033732283,11.725459248975326],[77.56763041914446,11.716121109429325],[77.57160170662387,11.71144134171561],[77.583227102058,11.722355383680764],[77.57790871624991,11.725226010718176],[77.59502711022046,11.747096337874623],[77.59512156717426,11.752106293763957],[77.58517552724801,11.757998927413922],[77.59068253770621,11.773340699880377],[77.5929446051861,11.770534088024858],[77.59616488132504,11.771533450844249],[77.61407025697663,11.76546929486985],[77.62076964443061,11.737242531362083],[77.62701807042538,11.726983659704635],[77.6315499147269,11.72922735386806],[77.6359836980337,11.741483633024698],[77.63380747176573,11.742158624096497],[77.63541980037704,11.753875924042173],[77.62090505917146,11.775666744265042],[77.61706981166037,11.77675592415853],[77.61708304564115,11.785673905032898],[77.61174277597442,11.788688380284402],[77.6060353441898,11.791553662151932],[77.59338286985704,11.785649104829174],[77.57191802140171,11.785497916048524],[77.57347804830052,11.801158338561715],[77.54188975343014,11.801534374933201],[77.54954499236382,11.808402569294232],[77.5461570097445,11.814715972078316],[77.54742648914109,11.819638640698233],[77.54246947041895,11.824722134560881],[77.54474141757034,11.83712568911018],[77.53909000742178,11.845381885061684],[77.5321323992394,11.848475738924174]]]]},"properties":{"name":"Erode","sourceVintage":"2011_c"},"id":675},{"type":"Feature","geometry":{"type":"Polygon","coordinates":[[[79.17262955565502,12.030478403366656],[79.15862495242799,12.035560516245692],[79.14749009642775,12.044122152776751],[79.14001402557916,12.038730168384397],[79.13643208141863,12.026083435199734],[79.12543036113341,12.018774698014061],[79.11254104328103,12.026462512976506],[79.10709125640473,12.019804235656295],[79.09598798157667,12.024847260858365],[79.0945455118092,12.030017939845353],[79.07891005042146,12.031502424403103],[79.081140265438,12.038938114312508],[79.0768732669401,12.044243740167538],[79.08055094186554,12.047092031403032],[79.08087745701343,12.044633180176172],[79.08797260894387,12.042433231746859],[79.09848079660863,12.066087501261382],[79.09197628607916,12.0772597951483],[79.08521526880682,12.081050986335237],[79.07882421190446,12.071241614246349],[79.06304460055806,12.069868633249085],[79.06106306256837,12.06062941284267],[79.06476482761475,12.059193064612094],[79.06877094008277,12.052513494194944],[79.06774737269858,12.050397866602509],[79.06048662892191,12.052208654268167],[79.05249163636798,12.03653143410864],[79.04354602322418,12.038011224561815],[79.0427139559973,12.041007704762523],[79.02927981980659,12.047561526816125],[79.02578570662632,12.046376011759996],[79.02517355506583,12.049847026771435],[79.02286357773694,12.050063119405435],[79.02090052797409,12.055391326101757],[79.03150072917511,12.064417154157297],[78.99504558757248,12.06763220096242],[78.99098860800149,12.063186211039627],[78.98847334766384,12.055069351569106],[78.98631313835739,12.06200826726163],[78.98101483259086,12.065562875591331],[78.97537109135988,12.066708414677867],[78.96445425108924,12.064506107581861],[78.95971612844565,12.068747158155327],[78.95337275232197,12.064830131682612],[78.94153961519015,12.050572504085078],[78.94374368833361,12.050210435106335],[78.9429898715545,12.046834225439282],[78.94755917740001,12.045349531282634],[78.94562498242243,12.041702453240735],[78.94891269239477,12.04094220965308],[78.94302353412314,12.032184241040156],[78.94482320818358,12.031004059656942],[78.94330743409229,12.0289569350431],[78.93629393183463,12.020949281986352],[78.93626699944407,12.023697397897724],[78.93126581684764,12.019689291884267],[78.92730651918235,12.012819866387325],[78.9156341697066,12.007284928918324],[78.91371527213998,12.009671724132621],[78.91202502455927,12.005373487866024],[78.8820937512822,12.002230020141452],[78.87110674899458,12.006076483270077],[78.8688248673745,12.00370355505061],[78.86727283458337,12.007305900802672],[78.86571647640419,12.004259394145214],[78.86083574800588,12.007151951422983],[78.86137724078105,12.012268452240171],[78.85274099484471,12.008313000083534],[78.84812646780782,12.009759044693363],[78.84509645394772,12.007028683077559],[78.82872284239946,12.007729471362534],[78.8167800065984,12.009417475986192],[78.80431587574304,12.019606724369405],[78.79428996660486,12.012548159042494],[78.78029220584531,12.00768895811637],[78.77139439475273,12.006731973686769],[78.75751223998374,12.011612173092495],[78.74311557783066,11.995393625234335],[78.73476711707708,11.991243006618998],[78.73649209442497,11.987965465410221],[78.71807241440858,11.987488115667915],[78.70985748283206,11.966617408382064],[78.71332792989617,11.950742262669712],[78.70827855358303,11.951073688168131],[78.70442417015978,11.940005313328644],[78.71081145413794,11.931763712048138],[78.71870541227354,11.928140920356467],[78.72386177524204,11.919668867242832],[78.7113189214251,11.908987445075867],[78.70824072013654,11.89793699035864],[78.6947235176298,11.89446444000057],[78.68987901828689,11.904007182005754],[78.66083441363627,11.89532424441725],[78.65600131211771,11.891414904328109],[78.65505538163194,11.88535827505283],[78.65019973689131,11.884499842126342],[78.63455459256315,11.888337854581545],[78.6361561279163,11.878574640430049],[78.63350806963017,11.873932673716428],[78.62768444974674,11.873033202835583],[78.62713837915688,11.871062436811375],[78.62772120880817,11.866994511079664],[78.63555020257905,11.864992131231347],[78.65529224760942,11.865203651561615],[78.65845378381026,11.861261902407659],[78.6585771835842,11.856796186413916],[78.67760764343363,11.858330528329228],[78.6952046391263,11.851230722618503],[78.69363502720341,11.830009675781714],[78.69010821714342,11.81624252763297],[78.69224817393182,11.803884406574115],[78.68517746426191,11.80102914241164],[78.67915825059836,11.802006528953516],[78.66528803174454,11.796652300433017],[78.66222275182304,11.790885160613321],[78.66224899610408,11.779874417288726],[78.64317319738393,11.768336177593488],[78.64336536768445,11.756068803307626],[78.63906878496934,11.740998300110254],[78.6379109868238,11.721241234572808],[78.65267045606222,11.715267538572734],[78.65016370366864,11.67214736134646],[78.64587407571042,11.660440206610076],[78.6500221022304,11.66253093980745],[78.66002065856648,11.661626270210515],[78.65906723613126,11.64794155989252],[78.68009971016896,11.64357139339801],[78.67849617157272,11.66498578218163],[78.6829634557514,11.667191523203229],[78.68241770136852,11.668756292355319],[78.6781271068231,11.667628429419075],[78.67786978440994,11.671836014406711],[78.68241745972175,11.68210596914131],[78.69316693217684,11.689346749206162],[78.7004282212309,11.69161932342338],[78.70497017157936,11.689192745406649],[78.70959497085153,11.690162344131158],[78.71251993212901,11.685764461797142],[78.71794968657446,11.683196873997842],[78.72495517316487,11.689015993729308],[78.73775877556947,11.692959558921602],[78.75380802972316,11.693965453716368],[78.78064770423757,11.703341697393917],[78.7913509170488,11.693414756877932],[78.8060790988642,11.686458164602751],[78.80409347533657,11.685915227584085],[78.80421998238309,11.6762830490299],[78.80648946006573,11.661344896787833],[78.7970437970241,11.658634754435795],[78.79752168458559,11.655384978685076],[78.77357849744911,11.636605186838873],[78.7842752477802,11.638548113753528],[78.78625057032647,11.641301489235179],[78.78634496709313,11.63342306481422],[78.78984039540698,11.628881544023566],[78.78917419580911,11.61911348015065],[78.78643429376838,11.61348510891273],[78.77674188597605,11.613355178294592],[78.77534171428205,11.605973402282963],[78.78312272544035,11.60409582239708],[78.78619597880832,11.599748551939909],[78.79434300942745,11.599493492157361],[78.79561866204669,11.595855221595453],[78.81762589171097,11.590866276400373],[78.81731069803061,11.585912204976555],[78.82165677522296,11.585782060880376],[78.82425750307338,11.579192319737095],[78.82932796643945,11.578153668588564],[78.82595533513002,11.570997751679956],[78.81617024455659,11.561711448409373],[78.8160372202327,11.542473936126237],[78.82663903390961,11.544311306644623],[78.83472092858582,11.539996049745165],[78.8344657288917,11.53116826996975],[78.84478909178,11.521980423395872],[78.85794335514903,11.523107312397011],[78.86417708380746,11.518673547430204],[78.8718909117623,11.517123524284052],[78.87261984341137,11.511631628344958],[78.87763396444285,11.507522975758599],[78.87861473159533,11.509850839615433],[78.88567281903717,11.506130794403797],[78.8996283958093,11.504575370371517],[78.90494487629068,11.505347937435117],[78.91136770570631,11.523319271054696],[78.91646508978484,11.528394777810226],[78.91770321707969,11.53299608359206],[78.91489816382465,11.533823590572158],[78.91526082178969,11.538533484372698],[78.9187268266847,11.544314261283207],[78.9212217177233,11.553842278075408],[78.91954890195068,11.55620198305398],[78.92379984216451,11.567076720189302],[78.93062539889843,11.565819072926798],[78.94641890358905,11.571231047233807],[78.9618351733525,11.569830503578885],[78.97425525891119,11.574559333769384],[78.9736714141636,11.569506075424105],[78.98102813574188,11.567017612850043],[78.9918435418439,11.570706614896839],[78.99629686889803,11.575821612144624],[79.00440711799786,11.574629893331835],[79.00805748234201,11.582143829100625],[79.01334276792684,11.583411665766052],[79.01886771774127,11.592874382676714],[79.01453435260852,11.595263781686413],[79.01213801843467,11.602657624569403],[79.01838988138374,11.60674621957449],[79.03346313304921,11.597978317795882],[79.04176101326246,11.599133627716547],[79.04980804701742,11.595619453604929],[79.0431813763891,11.587228228732474],[79.05501412185546,11.586399942293982],[79.06467205679874,11.592793722793003],[79.06526249607877,11.596852839607404],[79.0681502850698,11.598770068692348],[79.07786558642712,11.596891709083764],[79.07697400940596,11.607992815373004],[79.06557080596913,11.611326182860449],[79.06933739524307,11.620927651770451],[79.06748295359468,11.630215954114217],[79.07821690495834,11.62958985934522],[79.08408967436593,11.634318878927358],[79.09134512796389,11.623291124612503],[79.09862639644818,11.621153991351001],[79.09821918923157,11.614175037799846],[79.10286860683411,11.610676972900231],[79.1061831243312,11.614890030394436],[79.11294139096213,11.613285856011716],[79.11633441043523,11.609525373954996],[79.11616954891936,11.605362403156308],[79.11806310591012,11.605516179745125],[79.11647247071465,11.599178976974553],[79.13358702259072,11.593927084421981],[79.13575543441402,11.58895040897843],[79.14365443030174,11.587693600156424],[79.14774390373317,11.589478846302232],[79.1502338306815,11.597461201598264],[79.15648732766608,11.59824271723607],[79.17689248658132,11.591717792867996],[79.1836902817797,11.585976126386766],[79.19027514032312,11.593541462605646],[79.19253982818866,11.592989609407308],[79.19497655241429,11.603389687932674],[79.20553396955324,11.616341722006547],[79.21238948240693,11.620091596378563],[79.20999990086911,11.633715673293246],[79.21582018171466,11.639165182287213],[79.21888772000077,11.638902161675086],[79.22370112416012,11.635519659598536],[79.22463539092024,11.631984642627774],[79.23560676521682,11.629327637407725],[79.24121005620886,11.641764773171284],[79.24409912799413,11.642468799943739],[79.24864595439796,11.649021084952066],[79.24874366594804,11.652397499955653],[79.26296089411467,11.64922164518946],[79.26317283992786,11.646839598764133],[79.2708867388496,11.643728376106058],[79.27108747997625,11.646205454969474],[79.27340361525646,11.645117045060921],[79.27957400729747,11.649191833640858],[79.29146481896545,11.647274807276823],[79.2966615153919,11.64268857429405],[79.29634702688904,11.636364920314858],[79.30873280488869,11.632657362183577],[79.31160953921183,11.643899379676933],[79.31851095777319,11.642079418011093],[79.31997692567187,11.647996529909063],[79.32640578188472,11.647844112338488],[79.33231406528876,11.660962378037002],[79.35115699194117,11.65763377966165],[79.35984191668443,11.65988560382107],[79.36321220608592,11.662588752111596],[79.36052479799714,11.664749209686196],[79.36155148343364,11.672691006251448],[79.37427714261433,11.675123398634302],[79.37690935102557,11.679119209162577],[79.39547795195313,11.680271556176182],[79.39523021097078,11.677252091200355],[79.41838845470356,11.671500599155449],[79.41784224756982,11.667898240919328],[79.43165463468227,11.667765058638466],[79.43338276511685,11.6639408367671],[79.43562555295411,11.665947292615957],[79.44427880759203,11.666008859018792],[79.44268743218475,11.68620022505106],[79.43962959300875,11.691502845307246],[79.43715311384024,11.691756499411824],[79.43451821677135,11.70333733877673],[79.43705754656872,11.718582905783553],[79.43586148109044,11.723939393940677],[79.42910141423566,11.728189419206672],[79.42845055157466,11.731163650422518],[79.43766138781452,11.733733966178022],[79.4397997060758,11.73762973899432],[79.44653278933602,11.73525986335031],[79.45692281799819,11.737847260994135],[79.46279105899845,11.743229058730865],[79.46308712305485,11.754188919934554],[79.46031214090395,11.755310738622871],[79.46375151614069,11.767247141989424],[79.45377909628778,11.769672522800526],[79.45049867524561,11.768244983902017],[79.4508785386433,11.76457467127604],[79.44702952085724,11.763888481739812],[79.4432406901952,11.765195617632182],[79.44197988133773,11.768369010340283],[79.43877748257127,11.76662940581721],[79.43575001633336,11.767814279389109],[79.43531096024665,11.77502826674204],[79.43064146709416,11.778536656597097],[79.43196809012257,11.783015739937504],[79.43543623210965,11.782269296779981],[79.43935133715456,11.790666700056056],[79.43827868672157,11.795214093692358],[79.44352137060235,11.809957238703515],[79.44945334258043,11.80821120441163],[79.45367976866852,11.81107584004209],[79.4664244379972,11.807284568162776],[79.46392651155129,11.800564054760965],[79.46830764909086,11.799238397801165],[79.48269092993944,11.811853512069446],[79.47701461399961,11.82296560461923],[79.4809349319681,11.82837012142777],[79.48049760334173,11.837184307068444],[79.47163651537795,11.835352092305898],[79.47107889155524,11.842276912139095],[79.46880333676968,11.843556793077573],[79.47222764366583,11.846882422439377],[79.45150077379283,11.849080512736306],[79.45124273182917,11.862762566123664],[79.45342252171383,11.862798196372173],[79.45507686542929,11.871494192093623],[79.44097926590905,11.872776634837349],[79.41457164241878,11.898897416756286],[79.37490311655209,11.919528362424906],[79.363997495341,11.918058930597402],[79.34875222618007,11.926007013881831],[79.30812713826626,11.920391085610255],[79.30552580315471,11.933905098365285],[79.29264736569706,11.94412566139633],[79.28565579131548,11.945592547398073],[79.28451862837036,11.941732177002562],[79.27392318195214,11.944517335070525],[79.2740367784114,11.947627120870022],[79.2710205258432,11.948787655589246],[79.23719630356936,11.952141358614716],[79.22724764774901,11.9574553473236],[79.21796795743924,11.969071034702024],[79.20897185628156,11.974628778192672],[79.18470415095206,11.972754790209859],[79.1863827321122,11.985762709384188],[79.17117548324735,11.988856064926187],[79.16840991723723,11.992197886166936],[79.1707726813689,12.002539083411783],[79.16735262260573,12.005839201405356],[79.17061789715386,12.010308850775058],[79.16994444455842,12.01940748117431],[79.17262955565502,12.030478403366656]]]},"properties":{"name":"Kallakurichi","sourceVintage":"201920"},"id":676},{"type":"Feature","geometry":{"type":"Polygon","coordinates":[[[77.58861959887707,8.142107005100682],[77.58813666098706,8.147139212036118],[77.58176212859435,8.150606889079794],[77.58377099243667,8.15458024907862],[77.57193836105637,8.151852415332067],[77.56271345091098,8.156380913077887],[77.5462292971754,8.158082047849001],[77.53982656486932,8.160892652891153],[77.53766929395218,8.1693870841663],[77.53846672393828,8.174165963719004],[77.54691882602121,8.179367035152486],[77.54174471324099,8.18524768075816],[77.54479397620098,8.185153432911628],[77.5529103185734,8.191751289356015],[77.54552672928328,8.195588037427987],[77.54625163288664,8.200660743754915],[77.5504123238555,8.202610183270457],[77.54976278890447,8.205593896900671],[77.54376838940401,8.205488601237954],[77.54410630057961,8.216140115424265],[77.54723741084175,8.216362338430624],[77.54988223519285,8.220020380818397],[77.54551160255221,8.222605432574042],[77.54061084890958,8.221465025163177],[77.54079161509756,8.224652359094593],[77.54551509699866,8.227262042562383],[77.54172025031916,8.231736949576918],[77.54530342696829,8.240237204635976],[77.54840656998068,8.244722694686363],[77.56965934955362,8.243415636724606],[77.56977199290036,8.248375167654755],[77.57220901806159,8.248569958686366],[77.57201912229536,8.244067034790532],[77.5767207374058,8.244008972975179],[77.5738699715809,8.248931893675975],[77.57428659942987,8.255817114828922],[77.5704743910109,8.255857234773],[77.57100026657484,8.259342925723596],[77.56347993303727,8.260413147104368],[77.56185409825567,8.266240369283429],[77.56354633740136,8.269663058436901],[77.55843145234448,8.26966215879453],[77.56305970563892,8.27559449020546],[77.55365540642286,8.276885665258346],[77.55639594357251,8.280837575701652],[77.56197916440448,8.277167586752036],[77.56426185720325,8.278560474402376],[77.55812008099565,8.283636360013798],[77.5571569477722,8.288455531276384],[77.54828679940047,8.29543858323529],[77.5420014400711,8.31070905512729],[77.53093329116724,8.318654150270014],[77.53471287367343,8.324365036809704],[77.53235215231074,8.325820214602942],[77.53425730385689,8.33101073380871],[77.53271735969457,8.335305241400029],[77.53994887588514,8.333525796014275],[77.54204558058922,8.335266889442256],[77.53803619466031,8.340351973893531],[77.53983690986811,8.34583182228335],[77.53562759938116,8.351165539846274],[77.5337304212815,8.367481143832661],[77.54169024299541,8.378808074774975],[77.53144934634851,8.3929063201605],[77.52339161815009,8.390435667282143],[77.52404185378704,8.386959248805923],[77.51975759056769,8.382224589164947],[77.51035508618557,8.383998486269046],[77.50732149972562,8.386990396253266],[77.50026414171579,8.380681383995372],[77.49148289601447,8.379095291661796],[77.48930399636022,8.388396028860015],[77.47969655482076,8.395642004293425],[77.47316181059207,8.397408298756362],[77.47293636040524,8.416303989761554],[77.46908039235383,8.415270439268884],[77.4615996888933,8.428456551344865],[77.4641686541119,8.43307308958158],[77.46364094957801,8.441837253218024],[77.4725148223649,8.451183647774354],[77.472256591755,8.455267552323951],[77.46436451289497,8.461764451659068],[77.46774515807506,8.466189430297321],[77.46631397294419,8.468782442415895],[77.45812135641764,8.467624625003168],[77.44513932344479,8.474810237606258],[77.44494835059851,8.485282054860932],[77.44952833381949,8.487202588620546],[77.44596179127451,8.490446296833701],[77.44699805814187,8.49816115602511],[77.44180226003071,8.50156338737949],[77.43867472955495,8.507159812650071],[77.43324798895729,8.506141956688458],[77.42825766160274,8.512196702637782],[77.41209891808727,8.51707379409982],[77.40322590588643,8.517242162568762],[77.3981441309343,8.521421553327954],[77.38910876711046,8.524038234683706],[77.38143169911538,8.521404570704492],[77.37757351492013,8.524038396371122],[77.37443318255329,8.518063398998528],[77.3667540717892,8.524717267836651],[77.36775582179007,8.528689457905932],[77.3626201964299,8.531892878757658],[77.3631558061383,8.53716429211476],[77.36090296435638,8.540270027701997],[77.35797357528287,8.540459715331187],[77.35782843717736,8.537661260900052],[77.35332299166707,8.539387911072607],[77.34993915297616,8.542737618072138],[77.35081083231377,8.546440321306234],[77.34685514767256,8.544690362700148],[77.33713941961548,8.552664177031927],[77.31674977909677,8.560744517244453],[77.31130884242269,8.559319438628966],[77.30160584079823,8.566306792582013],[77.28852394660682,8.57029119671459],[77.28708956077855,8.566782619299529],[77.26952192382599,8.579382047407362],[77.2706550524372,8.571652953071524],[77.27504189158387,8.565643766839875],[77.2742980452061,8.559642011434843],[77.28384684472383,8.546728597348274],[77.27465388675476,8.537626414065695],[77.2621910961858,8.506538213074002],[77.25129842329126,8.5054170979462],[77.24629904630855,8.502354069245701],[77.24423926056602,8.497558927026699],[77.24012424803105,8.497053689715502],[77.22966240085857,8.508980602415305],[77.22225632224531,8.51244083587366],[77.21430904730096,8.512813256585087],[77.2023840897707,8.501190418220897],[77.20412544071131,8.49644956567764],[77.21187632057834,8.492067336598813],[77.21381403874848,8.485538736378325],[77.21139235321903,8.478879895929241],[77.21407418007497,8.469715442666203],[77.22611424862407,8.460169138865602],[77.22901345610067,8.450606686996872],[77.22809998713603,8.447252374977978],[77.22492134431725,8.446231388118498],[77.20659986812773,8.444702573378454],[77.20380575455619,8.435258838651075],[77.19656278664237,8.429156777001106],[77.19711612370456,8.425472123607621],[77.19751933341816,8.4199429783169],[77.18260726107422,8.40475465959729],[77.18167096412157,8.395794284581768],[77.16818616384711,8.38387388839604],[77.16594379821805,8.387870591439766],[77.1609500743334,8.390172115105551],[77.15373149208628,8.387744773725316],[77.15110730203726,8.38447172142435],[77.1519924354429,8.38128893298969],[77.15995980210691,8.381243299816225],[77.16129401859446,8.3739780414257],[77.16033579556235,8.368702148723662],[77.15693551231183,8.36740935926286],[77.15353502514374,8.361306242237355],[77.15301721106115,8.355144172814622],[77.15741174068499,8.359940669980377],[77.1633586848839,8.361766822291473],[77.16659982888689,8.360247491924483],[77.16753528771139,8.363425684180104],[77.17429424694338,8.358632821415636],[77.17547364058834,8.349862062277948],[77.16694343807632,8.342746849029602],[77.16974806103836,8.334744510853513],[77.18061379255921,8.323517887197083],[77.17332354631198,8.319761679313059],[77.17216198871701,8.324685143002998],[77.1699333915663,8.325490059129319],[77.16929397973021,8.332945251753365],[77.15360158761136,8.327995791969224],[77.148426984351,8.331988004020973],[77.14526308198772,8.329560351044544],[77.1397933327492,8.329867880370195],[77.1384179294042,8.327530555439317],[77.12919431732439,8.325984355390359],[77.12959386280993,8.321960679705139],[77.11920833380901,8.321056229082103],[77.11898609060772,8.316779385214193],[77.1244784881712,8.31206871939361],[77.12277645379567,8.309012495044664],[77.11664423386601,8.310314298038188],[77.11307692415978,8.304242452773483],[77.10175666217312,8.306470505617565],[77.10163458022771,8.300909702400947],[77.09607082229468,8.293168044026586],[77.14941356989159,8.25558509222842],[77.16766894714418,8.240007180345325],[77.18590515884021,8.218489902944642],[77.2238146944474,8.196316998992186],[77.23999092636478,8.17679601989833],[77.26218381534044,8.169710847777765],[77.2982276093913,8.147366373282601],[77.30258624772627,8.141848449079303],[77.30434372522285,8.132269491337766],[77.31579675461522,8.121837131265641],[77.31900398092803,8.123881181332754],[77.32233434919829,8.12246214239153],[77.32363574663522,8.126372932375657],[77.3342133237658,8.125936337190616],[77.35209335255335,8.122434239597872],[77.44472542557594,8.094640301434838],[77.48641009702864,8.089700974190924],[77.49904150227476,8.085282032244693],[77.52801445819662,8.081161836895312],[77.53250635980737,8.077704415723952],[77.55093297391942,8.077961803409192],[77.55308615390878,8.085819761697072],[77.56433086039351,8.092336645937532],[77.55821461340794,8.097724584195621],[77.55697355940188,8.111029675676974],[77.5587640050694,8.119289893766199],[77.57711293107907,8.136721397944235],[77.58861959887707,8.142107005100682]]]},"properties":{"name":"Kanniyakumari","sourceVintage":"2011_c"},"id":677},{"type":"Feature","geometry":{"type":"Polygon","coordinates":[[[78.1649043280188,11.01318750140476],[78.16001168526489,11.022382235343839],[78.14500926306461,11.037263912604981],[78.13521725995508,11.04220927501682],[78.1190227329486,11.060502400622768],[78.10174183643808,11.075499316071577],[78.07101117664418,11.079024890594566],[78.05476635026997,11.073963065399246],[78.04302996528756,11.083275963814854],[78.02747660991677,11.090566613050116],[77.99649547556713,11.0968031839335],[77.99059133429489,11.096190643358716],[77.98051599356155,11.089739219086042],[77.95192550435503,11.066743715310395],[77.94493742441992,11.065416296159464],[77.93312714132728,11.07015572088502],[77.91975704872809,11.046892038734041],[77.90727401642083,11.04603901900422],[77.90067949739485,11.034594225122037],[77.88729558421502,11.031796726389864],[77.88107727244348,11.024306632857844],[77.86913063587048,11.023434008181155],[77.86149817461911,11.0304128310667],[77.85504200782496,11.030918565593298],[77.85219080362221,11.036044293708862],[77.85164528010638,11.046101743837482],[77.84398959021838,11.048130446729232],[77.83992211562993,11.044513707186137],[77.83050905514492,11.047802960377567],[77.82806272343733,11.063221090051949],[77.81783357316108,11.07030227717778],[77.81095979755767,11.071136989591562],[77.80444999235792,11.062953712784793],[77.79388694907033,11.067434928812146],[77.77903439730048,11.062421782240229],[77.77686797973713,11.054931050576997],[77.78181597128894,11.050941304785155],[77.78236463172176,11.038967412804498],[77.791906819639,11.033089574082997],[77.78970128134334,11.018786904416636],[77.78129853988868,10.998438159229531],[77.76189157274747,10.98541728932577],[77.75920847297878,10.97967549425464],[77.75111481666056,10.981425970383038],[77.7502066010437,10.976521104366505],[77.75317122833086,10.965605961170475],[77.76849577022234,10.966728576638323],[77.76999355016017,10.961765887587255],[77.77037719726184,10.951238340208123],[77.76795267664933,10.951472494210513],[77.76656385966052,10.935058888865438],[77.76218196484115,10.923349701681804],[77.76083691916287,10.901579534832985],[77.77167028258745,10.8934923410671],[77.77493917015964,10.871249185578941],[77.77720349420751,10.869532262419149],[77.78402088166226,10.873123628582874],[77.78595164956701,10.884619328971976],[77.78891016831027,10.886084817961004],[77.79535187402497,10.877968277828618],[77.79406390640152,10.872209062772896],[77.7964071717016,10.8659491263886],[77.80757658319587,10.858263030215538],[77.82071943077425,10.857718993401596],[77.83004203630007,10.841104104031938],[77.83619322505527,10.835350744341952],[77.84548918744802,10.836916025370591],[77.85641675090824,10.849347972595352],[77.86686139264812,10.84410061034449],[77.87342818607118,10.833912109875389],[77.87179610440509,10.824342570418787],[77.87553218329872,10.808024359366916],[77.87041617085613,10.80064704986787],[77.87143594195992,10.795394481939981],[77.8813755463555,10.78884473966],[77.88506509161907,10.78905266631372],[77.8898382943728,10.793595509419756],[77.89292397772935,10.781521651383375],[77.89202766029841,10.773805491561824],[77.87294533441943,10.77569950411398],[77.87112136542216,10.77173059887495],[77.85492741423576,10.783880200582866],[77.83589892618839,10.78678900613247],[77.83625501657036,10.790174776637986],[77.82847331640426,10.79157933411237],[77.82784587731427,10.797546039392945],[77.81836811207762,10.797042463859306],[77.79854586096711,10.805752876823862],[77.79363530939969,10.790296562005503],[77.78650829422611,10.788246731326083],[77.77778002756698,10.789631637176964],[77.77109040839345,10.767154300146169],[77.78172047857763,10.763826461629492],[77.78339565063123,10.757751691343183],[77.79561125627505,10.755395743126476],[77.79701551710023,10.75243080032096],[77.81280366783173,10.758446779815692],[77.82508818324101,10.753241881049647],[77.82708195987811,10.749674816565674],[77.82181443129153,10.733558855825146],[77.82462002892562,10.715075741019852],[77.81639054464151,10.703316700423485],[77.8101251791154,10.699192756927557],[77.80816566781648,10.693998423145667],[77.81037986766812,10.685202353417937],[77.80803178829643,10.680771872779273],[77.81380477104561,10.677455285613185],[77.81770285481251,10.67941342384983],[77.81295683418094,10.64823550341834],[77.83068115259042,10.632829007148796],[77.84599316478032,10.639006049271385],[77.8470216046266,10.636470181617113],[77.8648021719459,10.634835350091322],[77.87230104293474,10.631246493288678],[77.87641786916825,10.645431569410544],[77.88556203873591,10.650290990723269],[77.89591259272956,10.645512649877942],[77.89963264298353,10.650358292292863],[77.9027217471247,10.648658467781349],[77.90306475893446,10.652410329285459],[77.90900135543963,10.657038766695152],[77.91397259628934,10.648241711594306],[77.93194089892661,10.64674769610182],[77.93507063925794,10.643591911295353],[77.9501372182375,10.643995908586481],[77.95180433958953,10.64023007715338],[77.97778293937823,10.639829990404662],[77.97946565907687,10.643355401873372],[77.97272884601155,10.6555081120723],[77.96985004017336,10.672496376597032],[77.97809996472346,10.674921349215785],[77.99264104812642,10.671105946399862],[78.00072499994462,10.674101795070166],[78.00079728198564,10.676145024385118],[78.00554605056367,10.675464449413534],[78.00912911492335,10.709427167206117],[78.01516764955203,10.719636379297384],[78.00871255444804,10.722115544648334],[78.01196471538964,10.727907362224709],[78.01059216958556,10.731102742603147],[77.99866400956132,10.729879419884831],[77.99601118840758,10.737806769596547],[77.99817062156961,10.742773848649776],[77.9567326310872,10.743469033402754],[77.9313063119419,10.736621197646338],[77.93222775794628,10.75322066476981],[77.93921114687898,10.768407684051986],[77.98327856009696,10.75946442619131],[77.99492754708709,10.761738656079789],[77.99852564026148,10.774475583862808],[78.0189872160715,10.774317064199014],[78.02463424423809,10.77157529178397],[78.02255690631324,10.776560432219762],[78.02668565588553,10.775178648408266],[78.02780811610438,10.781457777309448],[78.03389828769222,10.779940918941298],[78.03411949603432,10.774548255962667],[78.04710686230499,10.777562628026482],[78.04776633980958,10.773480975062368],[78.05569357783155,10.773939620627825],[78.0575499724173,10.772624628832629],[78.05515615801787,10.7657802771625],[78.05692138258546,10.763570238935417],[78.06085181917732,10.76796495737998],[78.0660864164239,10.767627157396234],[78.06870050312094,10.771637174417066],[78.067232588573,10.773607739085813],[78.06994774202768,10.77571927684736],[78.07898149876546,10.775580868568971],[78.08333448310404,10.771183289898666],[78.09806026641762,10.766931656785884],[78.10006132929,10.77917289670406],[78.09688381655187,10.780302630406867],[78.09641642400783,10.788868545145984],[78.1050650307625,10.805034074014493],[78.128392275448,10.805098625164467],[78.13225577856802,10.802409026277742],[78.13651705839081,10.804402499995604],[78.14912701276624,10.80386864784458],[78.1523061469635,10.826442893635681],[78.15848368959418,10.827748800135298],[78.15857100314483,10.832784412239583],[78.16925269322017,10.834085172846553],[78.17055567977687,10.832028316373913],[78.17602949119713,10.8351284788666],[78.17549321134553,10.826133147684594],[78.17697877778879,10.822765307720452],[78.17985483657883,10.822819166430083],[78.18259390318634,10.823813171599985],[78.18194151159273,10.83279059103678],[78.18584669025373,10.833743761838763],[78.1863346380481,10.82635297402803],[78.1838280455546,10.821349392204048],[78.18081941069998,10.821191679908845],[78.18605904120712,10.819323885429652],[78.16988855132102,10.798984900388827],[78.16824902531619,10.775886272822175],[78.15163727397933,10.740510236214428],[78.15478146101708,10.730334745165978],[78.15466644611801,10.720050970383074],[78.14507043474221,10.67670594186745],[78.1485018086847,10.660486738403032],[78.14553537308886,10.649588371619036],[78.16306525564669,10.648850333818304],[78.16026247692591,10.63305643979098],[78.16539210243829,10.613740416176515],[78.14486194564624,10.605528357133052],[78.13616661841195,10.596777163275803],[78.13511106202053,10.578505788180438],[78.13271241019325,10.575088418406544],[78.13776535461467,10.57037359278728],[78.13916779814804,10.562630184019957],[78.14872972384869,10.56093462139677],[78.1525263509891,10.564510073138267],[78.16096429382647,10.562493376920349],[78.1700410241708,10.554202003960864],[78.17573802471834,10.555480517219902],[78.17999191769457,10.559769828413883],[78.1887542053501,10.559131030867643],[78.19121159082727,10.557091871023527],[78.19043890044404,10.55339431056155],[78.20001736772235,10.54668869782366],[78.20874825117387,10.550117690173252],[78.23074488341275,10.550025750209368],[78.24310839756643,10.55432507697831],[78.25015377115204,10.56923137165498],[78.25659977620369,10.570092881993968],[78.26265436821807,10.578964213260686],[78.26009830460355,10.595779000983953],[78.25579195360801,10.601409668643583],[78.25854377808922,10.609737274394968],[78.26311094774097,10.615077591115005],[78.26578816713783,10.628165037014783],[78.27206267931015,10.677289964614223],[78.28377503885034,10.737400802781675],[78.28345229662666,10.745871792289773],[78.2859845665642,10.746555157723487],[78.28798574442094,10.735227833039318],[78.29234657644184,10.73527433158534],[78.28940924356625,10.714131871911974],[78.29253017142466,10.701801309387406],[78.31636596676555,10.701653588389682],[78.32050085901776,10.709085877005858],[78.32794254056063,10.706063162416347],[78.32895668731241,10.709168814398621],[78.33439120642214,10.709635295103736],[78.33455161588748,10.706886952726055],[78.34187865443381,10.705247110978146],[78.34499384475248,10.721507164575867],[78.35817173111853,10.722141322787204],[78.35905365574199,10.725545204081511],[78.37782205995504,10.725970968106267],[78.37432546472967,10.718476175627188],[78.38439507241482,10.716690746585847],[78.38791904110356,10.708224108646293],[78.39036437657948,10.70846815503846],[78.39924918455831,10.696294523670591],[78.39684478800484,10.689939036432525],[78.39976532418122,10.690404484803608],[78.40054177042065,10.681381827327817],[78.40383662828772,10.676531285228132],[78.40737377885493,10.673895661700717],[78.42229511821932,10.6711321896853],[78.42645876464546,10.672754440177085],[78.42585590525829,10.675615905784658],[78.42942994244767,10.676415492125274],[78.43361806976195,10.687146142312999],[78.43818897640529,10.689952496228612],[78.45117825698586,10.690343347332275],[78.4510678872751,10.687337179903599],[78.45611804063094,10.6867619490909],[78.47081281499922,10.690112238575551],[78.4706910034467,10.69562708884613],[78.46742385591119,10.698421562619156],[78.47061561862468,10.703650711435353],[78.4851636513947,10.702678913784682],[78.48972360487974,10.698306218332906],[78.51349929035172,10.694891506391974],[78.51692702072745,10.707359884000146],[78.51881026685535,10.707044152874518],[78.52031271443943,10.710606720911114],[78.52947230179231,10.711174926392903],[78.53392717035545,10.71617585992518],[78.54355235901166,10.71954188661202],[78.54452484190061,10.723398008365464],[78.55177455795885,10.722626996599733],[78.55784265434687,10.7311674216869],[78.56538874258364,10.73445542339591],[78.56429106778181,10.737171904630744],[78.56891948456963,10.747461156563203],[78.56701312838268,10.748039362759435],[78.56721680161043,10.757501337594388],[78.56430053243163,10.756085848073285],[78.56224142940873,10.764547435930814],[78.57170245543837,10.775018500944677],[78.56514037817053,10.782493751307245],[78.56065552833476,10.782009070427883],[78.56049147081109,10.77978955540063],[78.55746925881925,10.780837551598808],[78.5573437264448,10.789267911741028],[78.54662194365999,10.7913896701911],[78.54750349907586,10.794355238901268],[78.54495638537654,10.79609937007387],[78.54679431958326,10.796181249360592],[78.54709420507287,10.802799068251792],[78.55076081544891,10.80369960173055],[78.5546400669342,10.813414747842476],[78.57647377891654,10.808053870566836],[78.58781440840563,10.828573400400723],[78.58529959093738,10.828116474967631],[78.58668463140874,10.830964476079783],[78.58121500613773,10.83091307431073],[78.57293093842031,10.83572997236276],[78.57487105599057,10.844794621130688],[78.57761474443024,10.84466403340919],[78.57791966138375,10.852701180431842],[78.57351517034176,10.856759595428647],[78.5700652327139,10.856318947985182],[78.56728579761413,10.861409721773857],[78.55816659671979,10.863789850404808],[78.55810118858733,10.869385955900249],[78.5506081476647,10.877552216157328],[78.50462508159491,10.88551934091016],[78.49055254686776,10.895125500071686],[78.48452597779867,10.885666622228905],[78.47124502592344,10.886280988593283],[78.47162815020559,10.898151132072229],[78.4781694548308,10.90153032666639],[78.47598478799242,10.906430979923963],[78.48596171559139,10.903331995660263],[78.4893713772535,10.906457145342106],[78.46381342527468,10.914133106145378],[78.4688357892472,10.921259575377302],[78.45274130402066,10.92634900356774],[78.42627936389671,10.948855848383033],[78.40117606455453,10.961316276646432],[78.38405351767244,10.960507722930029],[78.38379277716966,10.962347472382543],[78.37730144312879,10.963757754980938],[78.34154682844598,10.96110166599452],[78.25033150732256,10.968809960902682],[78.22423575194946,10.959895699981153],[78.20150950174862,10.959978539697898],[78.19504090227093,10.96320464400262],[78.19792855561637,10.970424445580242],[78.1959625827356,10.973783237849323],[78.18733042593043,10.979425944811993],[78.18245503711817,10.978871159374942],[78.17084179678812,10.995025007812982],[78.1649043280188,11.01318750140476]]]},"properties":{"name":"Karur","sourceVintage":"2011_c"},"id":678},{"type":"Feature","geometry":{"type":"Polygon","coordinates":[[[78.37867310768556,10.31008401837149],[78.37184873043961,10.308619183601518],[78.37202695619197,10.3030816348814],[78.37479780070267,10.300269998097717],[78.3714884548067,10.29903135739746],[78.36706513777128,10.301083366838425],[78.36325858784026,10.293705853413902],[78.35022604709054,10.299373383614814],[78.33431783113143,10.300415653717298],[78.3293791793636,10.298430375414924],[78.3319082899263,10.296536698193316],[78.33871389507776,10.298300692586382],[78.33527743756908,10.293711970585408],[78.3398929132269,10.288749134255664],[78.33886609483969,10.28704929911891],[78.328832930009,10.289253738166979],[78.32970992557647,10.286252266257435],[78.32551564929409,10.283313301616317],[78.32979298021438,10.280637959164032],[78.327364787289,10.279737910654076],[78.32818700179385,10.276759025747245],[78.33011750559393,10.27786692858409],[78.32710129434818,10.272536802698035],[78.32956147897578,10.272641195795043],[78.3305343436487,10.268532241636592],[78.32769171027206,10.263622526200948],[78.32774779928175,10.255657501781037],[78.32917674042105,10.253555662365077],[78.33197425142097,10.25493032291878],[78.32974812373898,10.248508884730649],[78.3219297273935,10.249596872292734],[78.32158404399406,10.243435412222132],[78.32868814673803,10.228351822027848],[78.32019331000045,10.214097214599052],[78.30902954621438,10.214744532894233],[78.31476809743705,10.210479729270999],[78.31346791362407,10.208838638653738],[78.30798283822847,10.208032653878576],[78.30384774385534,10.21091120235109],[78.30337757911036,10.208579969615547],[78.29142346406262,10.203946466644526],[78.28233291583255,10.190658096583975],[78.26894516055827,10.182358399075328],[78.27281282467469,10.181098711633162],[78.27221824685614,10.171940048032027],[78.2596697480259,10.161447983226903],[78.25981792692865,10.154179751425396],[78.26968403296429,10.151321209246401],[78.26688033616533,10.157449990644777],[78.26186076056345,10.159043913753754],[78.28136840818674,10.166902639855726],[78.28425776114469,10.148581982216369],[78.28047278695016,10.142229546630473],[78.28083280566489,10.129581252610317],[78.27049923522,10.129442258946858],[78.27436182744835,10.120755162375435],[78.27339213831993,10.114823973423881],[78.27153072484668,10.114909279032215],[78.26894683411963,10.106997468421792],[78.26589435429264,10.108461067699064],[78.26128440237545,10.10242899875879],[78.26452775174246,10.093618842572269],[78.2615412783259,10.091913123438488],[78.26037913862262,10.085924573211445],[78.24409417462321,10.084540590135926],[78.23640561358235,10.07769446416856],[78.23018860796127,10.07912936091904],[78.21659392755792,10.074603488709215],[78.21258908261277,10.075264547034793],[78.21007925259097,10.070929966874317],[78.2028575693595,10.06691275705668],[78.20061026658963,10.074141523104846],[78.20398241640207,10.079348492567746],[78.17859449125204,10.09257549056014],[78.17015980211261,10.092454502611904],[78.16987744185587,10.09679422873828],[78.17469038338284,10.098321552064432],[78.17069870863808,10.097978514786098],[78.16918918322793,10.102164686157705],[78.15630222974136,10.10726041776653],[78.16538676734383,10.123858985865473],[78.16425245834637,10.141131956909033],[78.15856783568516,10.14437811631248],[78.16122413242073,10.154544502235138],[78.15219516100845,10.163156734232208],[78.15132419942474,10.171515122720445],[78.14612282008072,10.179385565900855],[78.13062680058125,10.1875046447864],[78.12417462500194,10.18559238932618],[78.12003579543386,10.189366801827823],[78.10739132958184,10.189302775398586],[78.10364470716172,10.192331214246726],[78.09678191256434,10.190318874267575],[78.09153533718175,10.181996090263958],[78.08771568172904,10.185101111898346],[78.07775463993752,10.184448687436166],[78.07075412821722,10.18810448873155],[78.06318949515969,10.183329340169545],[78.02003180044007,10.184524243414163],[78.01274976659116,10.17069797516263],[78.01374257027014,10.163361581429541],[77.99714394960782,10.160741308221862],[77.98407327357765,10.136606150363173],[77.97270685255845,10.131162274431166],[77.96501521299115,10.132841337425154],[77.96607425484586,10.135114945205775],[77.96285323041033,10.13503882663315],[77.96221048043465,10.13730834666374],[77.95991866793905,10.131160939125447],[77.95400109685333,10.129937221035279],[77.94780863230747,10.123013135078768],[77.93355489031947,10.11361749813277],[77.93384551687346,10.104834052588526],[77.92931497782406,10.100956194689243],[77.93129320282698,10.090305535930861],[77.93489696257417,10.089947870615296],[77.93667640567608,10.092501676419733],[77.94235077766162,10.089666354586198],[77.94670280978596,10.090610377096592],[77.94647334233316,10.083626212159023],[77.93285738443399,10.086743126343405],[77.9324973756007,10.089243075817812],[77.9254149294416,10.091008172189289],[77.9195547831604,10.071917806145203],[77.9129808175881,10.072641516947519],[77.90896694008279,10.075806211562421],[77.90285438157974,10.074744289155182],[77.90432306239059,10.072294116648214],[77.90149031407535,10.071146042932272],[77.89834766315674,10.07525537516183],[77.89101278141965,10.078117163756003],[77.88392409466431,10.074595708079393],[77.88261498339402,10.068470480115979],[77.87484250443428,10.06159463614609],[77.86753933412506,10.071227617026134],[77.86063757689884,10.075132965569198],[77.83551739461923,10.074054391766792],[77.82286991402111,10.065540148277378],[77.8128525074371,10.068679963136537],[77.80555903803463,10.067602440636493],[77.78868120391402,10.053851139833109],[77.78054947070586,10.05093752473954],[77.76355267808204,10.055913465267373],[77.759980217436,10.04660892215446],[77.75540003568734,10.048623362606717],[77.7328778701426,10.02922267910971],[77.7284255420151,10.026104755261438],[77.72542011234941,10.026706876671518],[77.72525971995205,10.023791210850728],[77.71723113310146,10.018052249394984],[77.71038147187349,10.020318719416862],[77.71255372040137,10.025860401255613],[77.70873003330969,10.018352579061732],[77.70154601643807,10.013987401164522],[77.69792099805969,10.017310757644523],[77.69676033788166,9.982754293145772],[77.69236636072173,9.969112091413509],[77.68185550595891,9.968847109904626],[77.67734475499856,9.962252143773325],[77.6731950944431,9.961805253883442],[77.67904605006063,9.932845806934541],[77.6674217766223,9.913268599377389],[77.6564846461043,9.92065165462783],[77.65411814587941,9.918563326656729],[77.65287287338478,9.91033140565239],[77.6462936778209,9.902777858168673],[77.64803952033793,9.895911079821678],[77.64484790404983,9.888262400771447],[77.63195076905784,9.871269723292041],[77.62094189638631,9.863548361163911],[77.61847588079422,9.85842195866988],[77.6173417972739,9.838947239209258],[77.62017262768603,9.83533537767115],[77.62566979889691,9.835308430419651],[77.62309023355799,9.821633605223647],[77.61794027198415,9.810029002272811],[77.61114529569915,9.797931606210783],[77.60345251886467,9.791317366197125],[77.59864582871379,9.776597772396629],[77.58801440297182,9.768640306136245],[77.57358007356059,9.751464335372027],[77.56631236514552,9.747779422755487],[77.55355429205447,9.721968520955304],[77.554043491202,9.715056633854891],[77.54663245568503,9.705453026782044],[77.54594233484947,9.69578778481019],[77.54418422404062,9.69362193270598],[77.54072552783877,9.695338840774053],[77.5353459065727,9.67504432163567],[77.5231815884434,9.66030788018972],[77.519914982592,9.660546409420355],[77.51189041031238,9.652655189123262],[77.50363189157997,9.65019747861595],[77.50627398864584,9.638476430062354],[77.48637799842692,9.614403365389329],[77.48546315144661,9.606865184236629],[77.4741043939551,9.595923899559486],[77.46414776917986,9.578964844171415],[77.47358329922508,9.571639122997489],[77.47542107712492,9.56308106490026],[77.48847711959908,9.572272326395714],[77.49812022515366,9.575189629424774],[77.49984453505331,9.596301009237532],[77.50564169416177,9.599680149345701],[77.51405094391063,9.61081746404972],[77.51936277381382,9.6361619385591],[77.52694957639423,9.644862089323537],[77.52816865760842,9.650472542590867],[77.53583010120579,9.6549230942251],[77.5373411699216,9.659774193792094],[77.54393748467984,9.661742394306318],[77.54744170121211,9.658610552210229],[77.54330408886122,9.645187713096211],[77.55189163892264,9.644367137575644],[77.56257594219718,9.65951356084314],[77.57507162008868,9.664502176719505],[77.57611874129961,9.668914455172452],[77.58596892290021,9.666850053089828],[77.59015430226803,9.67856357511258],[77.59800367611777,9.685964695842342],[77.60194009189615,9.686367451020166],[77.60089174897642,9.69103259959232],[77.60823147622615,9.696566493251861],[77.6122181311851,9.697611054375068],[77.61648750393027,9.695463998714569],[77.61582212359598,9.698565107725356],[77.62876204714155,9.704668371870318],[77.63206549290275,9.700843959968113],[77.63267600773278,9.703366420602947],[77.63675395398249,9.702019251441257],[77.64400331790117,9.706449371955207],[77.64474583836554,9.700617759429505],[77.64708778673544,9.700757734633832],[77.64518312027954,9.697824003989997],[77.64917908537811,9.698673667985439],[77.65208082700215,9.68840270639412],[77.65090056558464,9.68312267015978],[77.66841825530908,9.677239986390951],[77.67772695760922,9.682763148278914],[77.68122060276724,9.676673323010233],[77.68516215241746,9.680090406157579],[77.68430165261356,9.684055089083914],[77.69407153470922,9.69279182970158],[77.69369879944333,9.697407483622177],[77.6980002591121,9.699101926406104],[77.69986362821778,9.698084454916277],[77.69946600602523,9.692167005932284],[77.70774900834071,9.690953791309433],[77.710342310717,9.694569709563858],[77.70993931031087,9.705419331558472],[77.72558715317818,9.69285264879607],[77.73397529611114,9.69286390073468],[77.75458896658023,9.682210708573812],[77.76000144642278,9.682737094567704],[77.76668961391883,9.670262557735201],[77.76644996316395,9.664932601417059],[77.76953915264504,9.664165208024615],[77.76797281508138,9.661379920079781],[77.76388652617761,9.660555768192735],[77.76684639598705,9.651633099407464],[77.77632575573331,9.640434096432035],[77.79096765526396,9.63910920912432],[77.79471887975328,9.648739189897013],[77.80857459171358,9.63985486598865],[77.82193130660154,9.640716423442846],[77.82903868639966,9.636300992072496],[77.84185338299802,9.635344363779895],[77.8459425932231,9.650552259249523],[77.84893570698624,9.650367255890991],[77.89141271138413,9.642344732760694],[77.8974027037498,9.627919189885846],[77.90068706120954,9.626467983191178],[77.90246842221458,9.631038209412713],[77.91061412961528,9.638216448410303],[77.92159737604672,9.637862788410619],[77.92316109502134,9.647554852438724],[77.93124265372761,9.646586464126331],[77.9344274446162,9.649126576557647],[77.94908266706084,9.647419776416369],[77.94947870013364,9.645783238558092],[77.95255458466706,9.64959351759266],[77.96229377492271,9.646182892602686],[77.96456203808313,9.644202336231025],[77.96398537985783,9.633167598382448],[77.97527287759112,9.629602497419098],[77.98058022040944,9.630658880923846],[77.98325075544227,9.634428365291045],[77.9854689914245,9.633509980153056],[77.99096090928762,9.641645497957922],[77.99633595543393,9.640106771201737],[78.00069429642653,9.650349768768313],[78.00658106517953,9.64809164100359],[78.004510446653,9.642358706141403],[78.01457023215885,9.639460168411311],[78.01676767214222,9.647778830386025],[78.02328476627221,9.654037513277324],[78.02581566627896,9.660525446938273],[78.03072250241438,9.65969055797353],[78.04055338820265,9.678503777101],[78.05765325082722,9.67400086628905],[78.06149470030701,9.670611263600422],[78.05927333639099,9.661759353921278],[78.07814372184667,9.66085431094679],[78.08232530583238,9.66606265568436],[78.08003201830313,9.676527564961194],[78.08518502786066,9.675511231138115],[78.08783550890308,9.683409118860002],[78.08196650882643,9.688118775900305],[78.0849774846907,9.692549456415371],[78.07629257072719,9.696797394886005],[78.0799403829576,9.70828950713313],[78.07500545470666,9.709757854587322],[78.07385106656594,9.718726591432075],[78.0680177197246,9.72339081573696],[78.0685223348607,9.729448485366497],[78.07264122362612,9.731840667758338],[78.07131456376678,9.735615139737728],[78.06141582642844,9.74153970631968],[78.06710968556742,9.752946408751821],[78.0781612578593,9.748997239584016],[78.08429781665177,9.758180144690005],[78.10105470160255,9.75513080398001],[78.10430273568376,9.768227280664806],[78.0887341224279,9.775508281125655],[78.087981722292,9.778934790293578],[78.0985276113509,9.779388070380726],[78.10453815537363,9.786431729196165],[78.12564895172432,9.771135216362016],[78.125257193734,9.765561293034587],[78.13701032510994,9.761741373576902],[78.13935297686069,9.78018992018934],[78.1443663163579,9.78348985839524],[78.14553777877718,9.789221961425868],[78.145793211135,9.794180999865063],[78.14056107437392,9.795333948826565],[78.13894315734326,9.800161985428307],[78.14088041108437,9.809176011439119],[78.15930281119948,9.804631872140744],[78.16306254992101,9.799333465591449],[78.17227329183778,9.796950197992304],[78.16846164037425,9.782529918267944],[78.16160715339662,9.781594777587296],[78.15993847975577,9.774569831012773],[78.17368834142951,9.776331600123786],[78.17587076427628,9.772204021431179],[78.18309717534112,9.792735493880617],[78.18771443864638,9.794877530262202],[78.19344544042744,9.806625698850088],[78.18618138905389,9.81354331278281],[78.18815983683899,9.815324153936018],[78.173156372593,9.825217382247349],[78.16906844067059,9.830927235717855],[78.16523019817633,9.828210756798287],[78.15173364793797,9.82770546842564],[78.15302316964687,9.821688485353441],[78.14231619738614,9.812263579039042],[78.13477747084313,9.811214908814778],[78.1278358176385,9.814135138342362],[78.1322478356643,9.819650257018578],[78.1323800200634,9.833216634578195],[78.12323123225686,9.849024932716343],[78.12500888232144,9.854644053366108],[78.1292254898235,9.851931767356245],[78.13176448993913,9.856389104440948],[78.13351040072811,9.852894720847736],[78.15084154001246,9.852220616260482],[78.15359067942929,9.859182263174011],[78.15068288944845,9.868083344591623],[78.15128496460638,9.874715003904349],[78.15486345025306,9.873055810146196],[78.16098605641254,9.87597554858764],[78.18102514286633,9.867786595688957],[78.18293557470975,9.87010993597322],[78.18680560678524,9.868793840738494],[78.1879320222863,9.87162351359737],[78.19791046803813,9.868701488601365],[78.20132532286084,9.87069884581798],[78.20249329263032,9.87508817036537],[78.20873426889646,9.87547108473134],[78.22516001237562,9.860992077206745],[78.22904951184167,9.864942028390288],[78.23943700366148,9.859857719158443],[78.24867725074374,9.860184692439374],[78.2396710516239,9.850694559421052],[78.23921807973517,9.845306078062402],[78.24671839341833,9.837469498303573],[78.25843774634299,9.834163444143963],[78.26095329503984,9.848096807271062],[78.26636861984687,9.848098727891003],[78.26699027468473,9.856217889415591],[78.25515805113959,9.863943781228047],[78.25027188164557,9.873665574400082],[78.26424580111751,9.869539072418895],[78.2760658300327,9.871455216418884],[78.27608916556885,9.869913695293993],[78.2873352851035,9.870183803208738],[78.29453582738309,9.861429430115784],[78.30960999083858,9.865252881959787],[78.31000927760934,9.874212754176495],[78.31333692398428,9.875036230253926],[78.31225503437861,9.882115177937811],[78.31499470824728,9.882590443011187],[78.31448256792399,9.890193929689245],[78.31124974771046,9.892982467047387],[78.31040946359367,9.899369852439792],[78.31349161836778,9.919749210727758],[78.31711043298083,9.926209836567052],[78.32750100961533,9.928349959862743],[78.32809340901932,9.9309358913969],[78.33393862799547,9.930909566952305],[78.33463098743272,9.935642643268634],[78.33882539037755,9.938685703391533],[78.34522731419989,9.937185540407098],[78.34530903394128,9.939979306430997],[78.3490711091809,9.936765594091407],[78.3521164581812,9.940468222852521],[78.3572191189637,9.9352790046473],[78.37034621907517,9.934642382136662],[78.36869501856489,9.947914745939562],[78.37203230386287,9.962344480172396],[78.37501908270661,9.95886822613944],[78.37840256925797,9.960522844757328],[78.38117957171993,9.956187642578941],[78.38766366533963,9.95502579766206],[78.38889481811461,9.952227597389406],[78.45655684069777,9.968502561425236],[78.45419731139945,9.980482573027382],[78.44767280976164,9.986234021402025],[78.4496256744258,9.991830039579991],[78.45648003743594,9.992149600984675],[78.45819114299921,10.008723492119124],[78.45529155194198,10.013253688421495],[78.45609533391547,10.018058885804166],[78.44912728641121,10.021844031901296],[78.44849399928873,10.025166741724238],[78.4444849412449,10.024408000595413],[78.44727235518104,10.02815506875954],[78.44348795321338,10.034344307767583],[78.43071303940566,10.0360325981331],[78.4306452390596,10.040996064871743],[78.42765379526456,10.044617499197775],[78.42773234125806,10.0530030928537],[78.43739901321578,10.061097882185717],[78.45289335825552,10.058925134407197],[78.45418665558354,10.070162883715058],[78.46186843344569,10.071607685572278],[78.46284186405724,10.078980443118946],[78.45873237256802,10.081029191805086],[78.45904119809134,10.094929703565484],[78.45636444042853,10.099184036141457],[78.45886072026255,10.103260971143031],[78.47066891477218,10.110287447770686],[78.47356898642808,10.121908853256151],[78.46429385866166,10.12090778035664],[78.46233287592233,10.124140439229553],[78.45811752606167,10.124503090359635],[78.45157415710796,10.118966818130062],[78.44129780036354,10.131029504334135],[78.43478286219026,10.131378626608772],[78.43267563282433,10.135099335585263],[78.43032581700919,10.133608012879705],[78.43147934995373,10.128603645085892],[78.42588517326855,10.12202700467191],[78.4241244815999,10.12518715709063],[78.42533910357703,10.133319383750448],[78.41702642092454,10.131873807669262],[78.41567169500077,10.135530970671818],[78.40169288240548,10.138569878837469],[78.41303254890059,10.160656160711522],[78.39877422999625,10.16567944214896],[78.39462244043355,10.174056069129787],[78.40380412903737,10.191563487810589],[78.40596324419579,10.202534532259905],[78.41253545086674,10.213089388819172],[78.40797672987023,10.216281159311976],[78.40785405863,10.223229180602537],[78.40074874765197,10.227194137080696],[78.39961229257932,10.224789258717264],[78.39766356375875,10.226145573596598],[78.39241133887133,10.241632880420322],[78.39509972881874,10.248318567562414],[78.40572024362324,10.250306910691199],[78.41060428860156,10.257107493042458],[78.42508186021564,10.258570606161783],[78.42422078818488,10.270681074252485],[78.42055568877512,10.271160679723673],[78.4175573225625,10.2748949399774],[78.40955126456089,10.271979943174138],[78.40622869726057,10.275668926219002],[78.39995710191796,10.27294348505009],[78.39123011176488,10.27317886438056],[78.3867022137624,10.270340105061907],[78.38643759792748,10.274019768715537],[78.38406412138606,10.27393847004178],[78.38429692877509,10.289741970274262],[78.38129805860761,10.293855530075477],[78.38574390718696,10.28930341602458],[78.38787106388084,10.291613445001799],[78.38634187524744,10.293647568368431],[78.39093398662305,10.296310098756399],[78.39063742220502,10.302236396755985],[78.38006997537593,10.305830284834213],[78.37867310768556,10.31008401837149]]]},"properties":{"name":"Madurai","sourceVintage":"2011_c"},"id":679},{"type":"Feature","geometry":{"type":"MultiPolygon","coordinates":[[[[76.84693266057326,11.594471499896022],[76.83273620235435,11.600484537022291],[76.82283915025546,11.608075750794079],[76.81756933994804,11.604721222081245],[76.80923506269447,11.608375777399942],[76.79634576280836,11.608412885389564],[76.79152578657443,11.612736980816445],[76.774763856685,11.61234236836617],[76.77019148578776,11.615689937647053],[76.76482331804155,11.614128354376845],[76.75691864300462,11.618436934589049],[76.74707276163929,11.613783520317691],[76.70271082138238,11.61584318059042],[76.68458608612153,11.613963565896348],[76.67147194959792,11.615906222268125],[76.63046290376538,11.613786891306264],[76.61398488372656,11.607553277732277],[76.6106469273871,11.610848154278107],[76.59760784959707,11.610643362069029],[76.59646551594916,11.616252517001929],[76.59228826543638,11.618656614405285],[76.58378881944309,11.61375555193387],[76.57674634472086,11.614495550340196],[76.57521399132267,11.619186959424106],[76.5696573408602,11.618060262783347],[76.56266418813868,11.622908566711766],[76.55995453057689,11.622469488138842],[76.56142365425718,11.63267595019657],[76.55390495206017,11.645714125276896],[76.55440186863432,11.655567838196514],[76.54931372372845,11.664981488943173],[76.55055826140119,11.674193534084099],[76.5372260732154,11.690800204393124],[76.51111127265995,11.704978423221245],[76.49359661115635,11.692979184429879],[76.48167711268805,11.692517913363655],[76.48262421906853,11.686108291664908],[76.47443202205521,11.681224890368819],[76.45821172058659,11.664329351404467],[76.44913240938243,11.665597127226825],[76.44349164157505,11.663589183800697],[76.43136224994402,11.666363369890986],[76.43637297534372,11.653469545253815],[76.44405702414687,11.647194178096825],[76.4434280372597,11.643623442364484],[76.43248048089453,11.631290311873055],[76.42620371574745,11.63356949227281],[76.40688620104561,11.634281416285509],[76.38809582044746,11.62966743342703],[76.38329060083868,11.624044582914747],[76.38393244261759,11.612048275872175],[76.37827473438058,11.6085090373936],[76.37798143533867,11.601909715581135],[76.36710208805303,11.598329527434867],[76.35457774581911,11.58931103278259],[76.34039817323257,11.587198488871973],[76.33995720283599,11.593128680275361],[76.3358765059449,11.595736198049858],[76.32121245755258,11.586191568984612],[76.31592423807001,11.576594309568792],[76.31053752819804,11.577393054882737],[76.30238378626541,11.571225579433365],[76.29594165205432,11.590415968780636],[76.28609418426423,11.590195917368836],[76.27890633428126,11.600942130350084],[76.27430154767698,11.593676685894236],[76.2649259424477,11.593890008825802],[76.26460170632572,11.590942870379374],[76.23308452568646,11.570773578627941],[76.24043185807336,11.555904390270909],[76.24439625457623,11.554090328915049],[76.24237333928623,11.550493122272185],[76.2462816719322,11.54628341404007],[76.24451101974365,11.543002525432131],[76.25150541663184,11.537776620850563],[76.25049256704733,11.527569753707914],[76.23848168566013,11.526266906203691],[76.24421663823179,11.517360198948444],[76.24816253033812,11.516486234251332],[76.24851588535006,11.506469581581793],[76.25228649458488,11.50000033894433],[76.2497881944398,11.498323183212221],[76.2475733981068,11.468540697273246],[76.26460159044302,11.48089245312514],[76.2704414671382,11.47716118316254],[76.27562464212298,11.476873837668997],[76.28443504444347,11.482920296402867],[76.29417648677556,11.472888743026878],[76.29046571611843,11.469569813303327],[76.29274493333541,11.466704179079446],[76.30515322221778,11.467788644373234],[76.32547051601676,11.453328887562922],[76.33814832912874,11.461883127971578],[76.3422259600698,11.467592623756625],[76.37149503215035,11.454061945924089],[76.37256736996962,11.451010891797813],[76.37855184578115,11.449189406789865],[76.39800257794467,11.434937073671652],[76.41870494806489,11.441783227094355],[76.41507825792176,11.422627320091362],[76.46208230602431,11.387469769859948],[76.51775232711259,11.371563303994021],[76.51512033609369,11.359689323662618],[76.50818455427778,11.354123438217485],[76.54785726359876,11.358885576414837],[76.54996694356876,11.330993416425027],[76.5372989589243,11.31404371030239],[76.5393563650296,11.304620398415599],[76.54575558761792,11.300310349189104],[76.52626077063181,11.288262991628258],[76.52217783424071,11.271338082080826],[76.4871129738808,11.258285024363099],[76.45308789729262,11.239367346241407],[76.44896115994656,11.205468559559751],[76.43936116723742,11.202955874892957],[76.4386227520739,11.198961219900044],[76.45190463999364,11.19922199102163],[76.45844286609234,11.187681469409384],[76.46662362665379,11.193319103985969],[76.47347053364703,11.194931179797809],[76.47236639456838,11.208750706231044],[76.51048204412595,11.211637589326465],[76.51609156403616,11.204296653325096],[76.53385100208166,11.196753564101767],[76.600900823697,11.206594471904147],[76.62972263986894,11.19417374961262],[76.653413481259,11.210114967578734],[76.6782356321717,11.2211159195639],[76.68478018330833,11.227731809035442],[76.68296322566185,11.230059089885751],[76.68530568517312,11.231197301874664],[76.68422182825698,11.233739940754516],[76.69826981741731,11.23960163861108],[76.7070992200044,11.238382298198516],[76.70085015800238,11.24565531567053],[76.69988172112548,11.251972337026114],[76.70022326778302,11.258646881270904],[76.7056555393079,11.263341742240732],[76.71050885112373,11.260759488674529],[76.71147871093206,11.257346504868059],[76.72288886822747,11.25379491197846],[76.72976432637542,11.245397042014],[76.73711747355716,11.244632902639493],[76.74303210535531,11.253182381299206],[76.74691486925335,11.252376325615982],[76.74903924296649,11.248667724997016],[76.75491843083681,11.248659932915697],[76.75584317275994,11.252581909081892],[76.75186303507836,11.254700120357796],[76.7559698774358,11.255203690680222],[76.7577592990239,11.258458905967283],[76.76765270396271,11.264099560927482],[76.76982522108686,11.276705518719803],[76.76516259735133,11.283672711091814],[76.76914131569477,11.289557732026072],[76.79031019621341,11.279118851165803],[76.79633456530837,11.288459308410575],[76.79786211721132,11.295493113130014],[76.80697031464176,11.299156891766115],[76.81780823072819,11.289933797758632],[76.82424210133698,11.292796386262765],[76.82810744330837,11.290708979913884],[76.82998498782919,11.29326755032386],[76.84273064260977,11.287420570433193],[76.84590877518546,11.292673254306841],[76.85083195257423,11.292913393989865],[76.8508317342836,11.294942945961626],[76.85442673455849,11.296064304880828],[76.8539998686102,11.305769046254625],[76.85995340195174,11.303595570957846],[76.85956853763287,11.312450316612223],[76.85456659775664,11.318113645964958],[76.86034622534399,11.324577948811879],[76.85107098259321,11.327212367863362],[76.8549132755911,11.33304826112747],[76.84823947844463,11.334837549424599],[76.84983257861727,11.342625942151763],[76.85410588867833,11.34053803238985],[76.85460522082228,11.34527071116197],[76.85921300959622,11.343395710259891],[76.86170034670158,11.347449998146017],[76.86832352108684,11.344580022221772],[76.86927670097691,11.346171224368623],[76.86344552266868,11.347902128113448],[76.86246962438504,11.351278613836744],[76.86786544856389,11.354980920886915],[76.8735634812757,11.351857817311343],[76.87673361435378,11.358375798625657],[76.88422264968855,11.351690525706488],[76.88613336090799,11.357670723956169],[76.89031568959709,11.361232508787447],[76.88981191528407,11.365495015417602],[76.89288570584455,11.366064457434131],[76.90044377581059,11.361421995783939],[76.90236792492837,11.362976701749817],[76.90257380621509,11.359369615183272],[76.90005428606634,11.35792333384392],[76.90148761098422,11.351206310972199],[76.90634732778805,11.350428544730336],[76.91291596994394,11.35266536889387],[76.91466651424317,11.356240484388973],[76.91883976186307,11.356262701630918],[76.92181305070622,11.359119044560318],[76.92526631299891,11.357310642561513],[76.925309493218,11.360230626963151],[76.9329265007515,11.362734160187443],[76.93264827813496,11.35614599019278],[76.93349340237448,11.35938862460578],[76.93769793741741,11.359696667083227],[76.93759443802196,11.363500050031947],[76.95011795021253,11.3658016782889],[76.93749190701035,11.36657377584436],[76.93417223318356,11.36813623726176],[76.93542644840682,11.370303358156633],[76.92842868193802,11.368698910306158],[76.93341172665055,11.37643448813376],[76.94810854827938,11.376421123153316],[76.95555349699494,11.37945337860686],[76.96810012104116,11.391907670077021],[76.97040274296455,11.397157719600301],[76.9757617685561,11.395736855145739],[76.98099794683759,11.401296506289778],[76.97669901323137,11.407110476407741],[76.97605084461792,11.413914258743679],[76.98291750825923,11.44036380558833],[76.99771091944233,11.440562282212483],[77.0006708970496,11.434667745770222],[77.00744313427982,11.434417529437306],[77.01012652510269,11.43843250372234],[77.01221481888072,11.452007256237657],[76.99925721738865,11.475249645831427],[76.99261426838908,11.480398238929126],[76.97182295607253,11.467654194180264],[76.95592461888657,11.47914427356004],[76.9476023080909,11.47883889264815],[76.93526636323331,11.482163600185325],[76.9390437403755,11.497967047205766],[76.93327670357513,11.503512120220122],[76.93376308740258,11.506712277387876],[76.93971402191798,11.516714153813869],[76.94508172972677,11.519289537319482],[76.93969163140952,11.51895611469046],[76.94316649009996,11.522359065941725],[76.93836311922405,11.523478064121543],[76.93796988889494,11.527074540567382],[76.92639628133692,11.5250832083836],[76.9273555311434,11.533291514320378],[76.91436458508629,11.524180746394975],[76.90885548963833,11.525641266118509],[76.9082836724341,11.527861650883592],[76.89547645341217,11.527391487745868],[76.8726141219205,11.523264762385383],[76.86930916698962,11.518625530385435],[76.86627550327455,11.519585169947655],[76.8636119310835,11.529289678636246],[76.86657263722445,11.533357948321804],[76.86310672216094,11.544101979619164],[76.84912015710476,11.557475654380383],[76.84863836277013,11.56096508532458],[76.8394786972638,11.566306677187638],[76.83954696922541,11.569502357156097],[76.83040114585933,11.571928149111917],[76.83104247200525,11.574224421798396],[76.83531026641047,11.575201567082974],[76.83752799304791,11.582153736406923],[76.84162642717433,11.58181982443833],[76.8422448381957,11.585422492938006],[76.84671506615356,11.582060056994925],[76.84845140269826,11.59119542118612],[76.84693266057326,11.594471499896022]]],[[[77.00052822571786,11.517112887611416],[77.00121579893127,11.5135759612754],[77.00399892431021,11.51348840742143],[77.00457492137545,11.517019851917745],[77.00052822571786,11.517112887611416]]],[[[76.95216566798752,11.548333963242555],[76.95364128918223,11.547031837011714],[76.9551131805719,11.54878524158698],[76.95476125477958,11.552894033420428],[76.95120920295845,11.554956095386016],[76.94872391041865,11.551593760777402],[76.95216566798752,11.548333963242555]]]]},"properties":{"name":"The Nilgiris","sourceVintage":"2011_c"},"id":680},{"type":"Feature","geometry":{"type":"Polygon","coordinates":[[[78.48622032978193,11.407419937784551],[78.48981022493105,11.414140074675288],[78.48296049632944,11.41360005916006],[78.48066279537721,11.407046652648066],[78.47405992740897,11.4042825003627],[78.47121601033979,11.40803509509966],[78.45664487020571,11.40125892276754],[78.44739465631538,11.400158292221189],[78.43911951336034,11.39490301358606],[78.43784947341499,11.389926661821628],[78.42702314559574,11.384942781583748],[78.43519357642973,11.396476786718267],[78.44487550717088,11.40312397264348],[78.44306699278972,11.408729348771207],[78.44855176814804,11.43094911718839],[78.45257950037,11.431938053955978],[78.45799718325465,11.438816344027217],[78.44540132434435,11.439660036656317],[78.44361675186218,11.451100855425167],[78.43769918257304,11.464784442299509],[78.43318509616803,11.462841575002697],[78.4317423101936,11.466742742592666],[78.4259139507987,11.47090667568797],[78.42698222284298,11.474197149606082],[78.4328071039611,11.476243802259782],[78.43324360883238,11.482485943334964],[78.4360305233052,11.485862028582293],[78.43292052614719,11.495390952717331],[78.43421360967618,11.498948024898818],[78.43688392013019,11.498116521777034],[78.4366464477899,11.495141654613033],[78.43994156976166,11.495077738035878],[78.44231629765628,11.49871143070008],[78.44631274694677,11.498742238925669],[78.44575775788277,11.496902633886315],[78.45253633542227,11.498085358727238],[78.45773460390046,11.502373288385323],[78.46181148474825,11.494909823146667],[78.46526762614145,11.497042336916824],[78.46504553475545,11.505490164394462],[78.47340528463722,11.520046881083504],[78.47024563939009,11.529277878813248],[78.46162861201094,11.529235165844067],[78.45982869810031,11.534352391569106],[78.46653545712948,11.537528140145128],[78.45432583965537,11.542345328822414],[78.46063376466469,11.561346113989945],[78.45362602060798,11.566270295827325],[78.44881250775249,11.565480432174834],[78.45162121086256,11.597061527915335],[78.43905039428743,11.598112938794014],[78.41814338974207,11.58991238000812],[78.39172731939315,11.58536276026563],[78.38585467934298,11.586474838197967],[78.38287016784696,11.575197268060567],[78.37583327525594,11.577339721897102],[78.37300458373254,11.58295358522747],[78.37449436057948,11.588535920577153],[78.37114347478813,11.578957772374412],[78.36570193893775,11.57794050085201],[78.36135192622615,11.571160103988909],[78.35649378686395,11.558883172113584],[78.34916471363353,11.552513635746363],[78.3492292827395,11.549105497291828],[78.34350900504631,11.546505744322609],[78.34521940004223,11.541606190382275],[78.34274001033218,11.538713008051225],[78.33835337240815,11.539137270437518],[78.32848161596935,11.531284220956527],[78.3263446667406,11.536436723413166],[78.3100669692135,11.541188282028177],[78.31049740506673,11.542901502178685],[78.32324942980097,11.542606035798052],[78.3239987334441,11.554430732217202],[78.3294849371237,11.558490813236334],[78.317441630148,11.563546353567526],[78.30726928573706,11.564610649868161],[78.3073730375591,11.570965907632743],[78.31032425389739,11.574917199590908],[78.31777862144875,11.573341442133241],[78.31926276496056,11.57849013527721],[78.31186597043578,11.587677750364378],[78.3032468787281,11.588760360110593],[78.28354104209188,11.580536828219683],[78.27192957683282,11.578674912680423],[78.26513850372773,11.571779126581298],[78.26432909201232,11.566996558904622],[78.2771009299885,11.565803644331181],[78.26622528016858,11.55984208524046],[78.24360432599373,11.552708462739067],[78.23959986373092,11.557465129249469],[78.2073626402723,11.56450403005902],[78.20375458028984,11.563189584752225],[78.20146929674975,11.553087747683344],[78.18327534090639,11.550763709848173],[78.17676122918314,11.548387251585083],[78.17684796062554,11.545946341847323],[78.16681442658722,11.548714067344171],[78.16385713943421,11.542919587438485],[78.16122158300193,11.543087137439757],[78.16058852944143,11.538811233024294],[78.14827215078905,11.537478715420214],[78.1410805215937,11.540548211613917],[78.13874747103672,11.544028698004574],[78.13294439742043,11.541601529102245],[78.1322110146191,11.538130067710402],[78.12593139642271,11.541908797593633],[78.11916596303244,11.539101694416612],[78.11662162063577,11.545031887240768],[78.1099564733672,11.550008042849642],[78.11013475840838,11.555902300018744],[78.1051380458288,11.557479287438278],[78.09775839026133,11.553686237579472],[78.09688816529615,11.547737665770311],[78.09034280477744,11.545417987804983],[78.08679948368257,11.54590569357698],[78.08669287791285,11.55288463906605],[78.08312640274153,11.55405479175561],[78.07667936732224,11.5414515759642],[78.07755572328922,11.536954314979438],[78.07506767202322,11.532234766390705],[78.07864347260552,11.528872611893595],[78.07889656305537,11.523972817971645],[78.07025708857388,11.522719050161275],[78.07087925365482,11.527967003061484],[78.0676491041326,11.522759157818909],[78.06297387793194,11.523024726771789],[78.05874991322774,11.515665105429896],[78.05879424059543,11.521604407777989],[78.05509063310443,11.522213726280889],[78.05400222622134,11.51339469098392],[78.04365733610555,11.515082263382817],[78.0463233472226,11.519793031199324],[78.03562956941681,11.522189813564857],[78.03466023781787,11.528626095818122],[78.02675318943196,11.530006461940333],[78.02489342257063,11.526823633369682],[78.01661427223105,11.530282889946085],[78.01224315899172,11.526538531126546],[78.00410360774566,11.52496655331526],[78.00174213000147,11.527216505682603],[78.0017109036639,11.525241232917205],[77.99409436505097,11.526100415606484],[77.97773753582884,11.530621793253246],[77.97454783744384,11.517943971953533],[77.9718108459446,11.515517618941645],[77.97386345684295,11.513478407904467],[77.9721386178356,11.508556525935198],[77.97699139695048,11.501360682826343],[77.9734025618134,11.490996101804026],[77.97424073758417,11.475320186317903],[77.97194261442374,11.46824692327099],[77.95479964524196,11.46910603859313],[77.94854097036811,11.473989229176263],[77.9468025048162,11.466730290424877],[77.94114161833973,11.459797653600182],[77.92833811474979,11.458113911103087],[77.92556642043283,11.461893227923515],[77.92326129041317,11.46096686661146],[77.92529547686503,11.458602573694426],[77.92413055058773,11.451510697974166],[77.91881067177964,11.45215323518921],[77.91570003322448,11.458680696029797],[77.91539252193645,11.454829633796647],[77.91130484423725,11.451656849746717],[77.91358213097467,11.451005709562391],[77.91333401090331,11.444451570791953],[77.91001630977686,11.4421195557826],[77.91213711268674,11.435271336953539],[77.90851205837573,11.427998882831039],[77.91093982460133,11.422226457588106],[77.90808545204057,11.42285045758462],[77.90776040923141,11.425702668739042],[77.90299518531403,11.424975292880186],[77.89926527425314,11.419727661393106],[77.89585195105796,11.421481653367664],[77.88996896780561,11.419759763804752],[77.88998738416724,11.42446969009444],[77.88014563056065,11.42347989341751],[77.87667284158861,11.413580803283065],[77.87421237578832,11.416193327258453],[77.86500767504187,11.417097000027937],[77.86458120794559,11.423678257715896],[77.85745710421183,11.415993565587083],[77.85248154066898,11.41510715328348],[77.85067602576257,11.417868771646859],[77.85203633471583,11.422330302123743],[77.8471980984271,11.42121327773774],[77.8466380123222,11.43024895075815],[77.84989520203278,11.434638336689797],[77.8470589844239,11.434402957397584],[77.83914031543145,11.441254395954285],[77.83275324435401,11.439165117295428],[77.8200181887955,11.446132711016624],[77.82114473455225,11.448971587656118],[77.83445020055328,11.457033441860808],[77.83425223791578,11.462520759803702],[77.82997651857313,11.463980106024184],[77.83119463230179,11.468947910374284],[77.82285845870459,11.47125612863853],[77.81948651370806,11.467594065823134],[77.81423888999151,11.470314009404245],[77.808644282115,11.467541876744116],[77.81582052406783,11.467398964191439],[77.81457621816048,11.45833579333665],[77.80578246791042,11.459065915757764],[77.80434642289384,11.448574350234715],[77.79907596579942,11.451786688805058],[77.7961813055948,11.447265774837533],[77.7842939209996,11.450810283045204],[77.78697066069608,11.462369076819648],[77.79145583841692,11.465588904821544],[77.78856818237657,11.467784756606774],[77.78489417437412,11.477836245577615],[77.77273894360226,11.48280860039586],[77.76765734292326,11.481161295058158],[77.76551401655426,11.477711637211414],[77.76103896733827,11.450986956314049],[77.75394981705222,11.451747807176192],[77.74379596985129,11.446215868563081],[77.73199632909979,11.444687817782473],[77.7208230898841,11.453125948201825],[77.70867896139085,11.449169762415975],[77.70845205683153,11.45739642633091],[77.71195019805752,11.463805008857635],[77.70917370314369,11.465568595132916],[77.70625345981804,11.460949809680432],[77.69658993106553,11.464428057935917],[77.68644914177557,11.44157642038064],[77.68373711266143,11.419455434416605],[77.69506546397723,11.40898460963005],[77.70159128164693,11.396918913613192],[77.70951523812312,11.39011413599559],[77.71749229311749,11.378273700201003],[77.73055014929021,11.37005201861854],[77.73888209002573,11.367852329582838],[77.75082368525338,11.354152454013034],[77.75755675414058,11.334307465116227],[77.77240646992908,11.322054679900711],[77.78291598620214,11.301419346638767],[77.8076971505817,11.267597681181037],[77.82571352656142,11.261133340206301],[77.84084790768367,11.260602428932097],[77.8582819480855,11.249543467603775],[77.86476622226655,11.242447248399623],[77.87082530316239,11.214752341265593],[77.86424216219778,11.202375761396171],[77.86145514531702,11.185691544632778],[77.86667938409006,11.173622865770039],[77.87945618256322,11.163665227763317],[77.88434055991823,11.155931184017579],[77.88542075799624,11.149774679919123],[77.88197857282928,11.122468076275142],[77.88639979409514,11.106945630589165],[77.8874063491845,11.088227305096702],[77.89238524368041,11.078725670306817],[77.90536336988009,11.07300237898604],[77.92865631598973,11.071150862404924],[77.94744059433216,11.065564930142914],[77.95601267989599,11.06916106086517],[77.98747861524151,11.094320353342544],[77.99513161108196,11.096876030961475],[78.02747660991677,11.090566613050116],[78.04302996528756,11.083275963814854],[78.05476635026997,11.073963065399246],[78.07101117664418,11.079024890594566],[78.10174183643808,11.075499316071577],[78.1190227329486,11.060502400622768],[78.13521725995508,11.04220927501682],[78.14500926306461,11.037263912604981],[78.16001168526489,11.022382235343839],[78.1649043280188,11.01318750140476],[78.16812746708855,11.012893370593172],[78.17873813006933,11.015753293710551],[78.18202409641175,11.020847048585471],[78.19477622355394,11.022051628893744],[78.19884081724527,11.02906168526313],[78.19673617862063,11.02965421970981],[78.19584092659161,11.036954608893318],[78.19704589437437,11.04405566843442],[78.19457081118783,11.046090349101915],[78.18210541101296,11.041857163644503],[78.16384841679283,11.04559334722948],[78.16331338290455,11.04909207340991],[78.18326330168496,11.0695659685728],[78.19577818555724,11.064614017115886],[78.2017755737526,11.075479282072845],[78.20470858932494,11.07390557170504],[78.20416783226997,11.070935891028087],[78.2188655638922,11.066927138711518],[78.22157822092869,11.063635650890358],[78.22153065243945,11.057569452421287],[78.22892001160862,11.054574830125096],[78.23022634259311,11.061169431708533],[78.23668968872299,11.066605090853113],[78.23384487603346,11.071275475256332],[78.2363719078946,11.073833083932627],[78.2348679825819,11.078530110602681],[78.22917695672935,11.084516713708231],[78.22989427495841,11.094849694161896],[78.24996729167884,11.091631697579363],[78.25640262564323,11.074957206602388],[78.26033341257802,11.075691128426405],[78.26551129468916,11.0703005924407],[78.26998663765426,11.070944162178675],[78.27205715197623,11.077725260665282],[78.27791432303725,11.07941791605165],[78.29088439134881,11.077180083897796],[78.29691799692152,11.07061842395682],[78.32387455033921,11.05792302696925],[78.32840934470813,11.033125808017477],[78.3347246134449,11.027982845024269],[78.34463094693729,11.026239365137743],[78.34912340280853,11.032577351238869],[78.35012374425105,11.04829429468625],[78.3600993118007,11.046645290902681],[78.36335159221825,11.065083624056083],[78.35074841742828,11.069218538740568],[78.34971809471315,11.075424699667778],[78.34186407837001,11.08333417942916],[78.33809300111294,11.083518986180662],[78.34181272977006,11.090123546975777],[78.33820119330741,11.094864733872186],[78.32397653068355,11.097239989913607],[78.32728430632439,11.103686485801768],[78.3366252258039,11.10485877760022],[78.3434436463212,11.112155315873549],[78.34752506096625,11.122674412151309],[78.34605310489788,11.137974963602103],[78.36439056391293,11.137904517186575],[78.37584756026563,11.13447411678558],[78.37756851136443,11.137959243033718],[78.3806033222281,11.137439426396007],[78.37966469863886,11.164967466605681],[78.37687666217026,11.17623635008927],[78.3874074963633,11.177166925780089],[78.381180797022,11.187002121632064],[78.39215350441847,11.189502973156841],[78.39985421158028,11.19524328482545],[78.4106681480385,11.197489027668393],[78.41112197961499,11.203975397159764],[78.41516529940375,11.20924555906861],[78.4219233621171,11.211667584404484],[78.4227572951448,11.216476900671687],[78.4201617811163,11.220748860858034],[78.42470453276198,11.225819929105576],[78.43533697629516,11.254973309596066],[78.43955054659322,11.258900552893467],[78.43708773619004,11.263480020812157],[78.43813286044612,11.268528868170764],[78.44703650968972,11.274832629122464],[78.4525466148441,11.29800173395694],[78.45665214835616,11.306005953583016],[78.46094808697922,11.305792401996335],[78.46543596234086,11.313339754177534],[78.46247330505912,11.322399087281255],[78.45478921583175,11.328322464327398],[78.45577037644632,11.332186892567762],[78.4518812731373,11.330519883389622],[78.44726006712625,11.332098468829939],[78.4468506752069,11.344800205188083],[78.45744438607996,11.340404146422294],[78.45959778256329,11.342618428303343],[78.45470291288576,11.34929140706851],[78.46175369522771,11.370281166667995],[78.46987591707367,11.385647295602423],[78.47910321314444,11.387890934151663],[78.48622032978193,11.407419937784551]]]},"properties":{"name":"Namakkal","sourceVintage":"2011_c"},"id":681},{"type":"Feature","geometry":{"type":"Polygon","coordinates":[[[78.87763396444285,11.507522975758599],[78.87261984341137,11.511631628344958],[78.8718909117623,11.517123524284052],[78.86417708380746,11.518673547430204],[78.85673330020681,11.523477857272693],[78.85074759190672,11.521257908782756],[78.84304725574916,11.523019816084073],[78.83522474601797,11.51465196498336],[78.8338557099317,11.506628564615944],[78.82209012341433,11.509627728585713],[78.81026589757012,11.507920977006862],[78.81197768764966,11.498754964329263],[78.80869381528021,11.490414567885933],[78.80973629040447,11.481939630906536],[78.79843523799188,11.481882371092537],[78.79623267491642,11.46094006977968],[78.79269068781973,11.460242911058453],[78.78951718695762,11.453769123577366],[78.81933733773576,11.439556744362541],[78.81889451860634,11.432148170436431],[78.82278564941295,11.427077404816657],[78.8127493090377,11.41662919539223],[78.81210466900667,11.41099696058602],[78.80979207578362,11.406566674268712],[78.80611346481369,11.40519162659372],[78.80601822273232,11.40154385734468],[78.8014274103206,11.40221161068714],[78.79883952837874,11.384234321427902],[78.7928913831323,11.389914385925827],[78.78918165811416,11.386500535615555],[78.78140309396669,11.398539606129821],[78.78102135758165,11.402720594063375],[78.7732353059763,11.408286608009444],[78.77129108130855,11.412516717687103],[78.77254994172014,11.415355827213986],[78.76530369944712,11.421721885398602],[78.76237765659802,11.428550603647148],[78.76030675330556,11.42828758377525],[78.75604169157542,11.437122607388588],[78.74323394703904,11.44329152639078],[78.7413485476494,11.449647511581958],[78.70319412860079,11.45698637837142],[78.69967000540186,11.455739663192249],[78.69814772930455,11.451680948053736],[78.68855077559601,11.443153497810636],[78.68835223174855,11.435496454382402],[78.67575059756928,11.42818504456924],[78.65133333082981,11.422419984289284],[78.65078253689819,11.407476472987485],[78.6566875728925,11.400632557589894],[78.65881598632944,11.379636338395372],[78.66318572963792,11.373786845608642],[78.67623779976195,11.378689531624206],[78.68910669172139,11.381693213150056],[78.69007300587927,11.380174258197586],[78.6884873455538,11.377159634255927],[78.68099235888029,11.375072668610693],[78.67392731218992,11.367611004002345],[78.67209846444231,11.359976734153722],[78.66802166713786,11.36087676764286],[78.6596476663824,11.357948614108212],[78.65568474401493,11.351100934400266],[78.6571181075604,11.346734351175048],[78.65523074086022,11.344650715847681],[78.65026539026384,11.344117685089342],[78.65011406456266,11.341468886432546],[78.64079718040689,11.336533298224404],[78.63458154291997,11.336027157822643],[78.63424715763188,11.333943370415478],[78.63972973121939,11.328559774903049],[78.65626961823182,11.333829387372383],[78.66119786391539,11.331437782600876],[78.66000580582158,11.319350998595873],[78.66278145721738,11.320110112196303],[78.66585441234464,11.317266598188635],[78.67535961841827,11.327037941295027],[78.67843762656905,11.327462369286058],[78.68580645833565,11.322981649763303],[78.7057094626003,11.32521885437877],[78.73312928529485,11.323362531171366],[78.73803227035265,11.316770435430808],[78.73598714870884,11.310126536333295],[78.73887119082681,11.29406539657652],[78.74879364189204,11.289455618635905],[78.75121104605084,11.284792986433134],[78.73779235998465,11.274443760602576],[78.72869694019084,11.272467024200619],[78.72927148108701,11.26512156476446],[78.72602433184635,11.263784637996178],[78.7260737993741,11.260995677221567],[78.71659406233543,11.258440102174887],[78.71007075725358,11.248954050359375],[78.7134429995925,11.240012238584866],[78.70969572499548,11.23349061814188],[78.70271649795751,11.228746160708521],[78.70884253568136,11.227673365058289],[78.71260667435118,11.21273768409324],[78.70656652904323,11.208223582783923],[78.70555766708023,11.201809683395142],[78.69881140643308,11.191134566635228],[78.68531594135959,11.195752385420443],[78.67590768416639,11.19531092914168],[78.67294883214815,11.185701407588835],[78.66234486880278,11.173782893388534],[78.65120202318641,11.168264636563134],[78.65164577207216,11.163843847847863],[78.65934539676402,11.163219462326266],[78.67153619543126,11.166368695331498],[78.67448848615466,11.163968065037478],[78.67866191074266,11.154927036163679],[78.6780840254187,11.147812317283249],[78.68057865684416,11.147364424582182],[78.68096948687482,11.130336722767833],[78.68690583724161,11.129051963440745],[78.68704953804266,11.114221105143725],[78.69431551989574,11.10396331692709],[78.69541632891965,11.093765464854616],[78.69825799840399,11.09197936790112],[78.7010350915958,11.068573008047494],[78.70977397184998,11.062174767118195],[78.71173077742328,11.055597320255387],[78.71765213939955,11.055627349047185],[78.72023390201771,11.07397874533541],[78.74274982606782,11.075476587951737],[78.74469621567538,11.079290937880936],[78.74548938135888,11.083069546317779],[78.7399936815884,11.084707878378337],[78.73657509785892,11.097709232427503],[78.73442903791651,11.098844542280482],[78.73807599944236,11.10974604583974],[78.74474953517905,11.111022847663511],[78.74881278588906,11.115957372725909],[78.75554522505723,11.116534350734629],[78.75967154289005,11.12155349558649],[78.77667232133876,11.116899603835366],[78.77676990442976,11.112817882601624],[78.77939173011293,11.114920691361393],[78.79106736742261,11.115281554148003],[78.7966520228641,11.112557503741712],[78.8003130304477,11.114375650110484],[78.80473504312934,11.111700851588937],[78.8109367064237,11.111738547858913],[78.80602212231896,11.0903069671823],[78.80725153505723,11.078934382078959],[78.84003243419716,11.076436544229828],[78.84433723919209,11.088239439573222],[78.84746276822136,11.090188036027126],[78.85345361757982,11.088638229409103],[78.86213059941934,11.090135130411097],[78.86387454828775,11.08556077141944],[78.87248751438352,11.084236745207097],[78.87320563121492,11.096721640691758],[78.88563125129406,11.098850786041869],[78.88646424827722,11.10173919938217],[78.89612563544614,11.100057387115505],[78.90353957521641,11.095749179605],[78.91661505992828,11.096159316720563],[78.9175162309567,11.092597272614563],[78.92641720861064,11.089427423983684],[78.92944296535458,11.093599135268727],[78.93818905728388,11.094718657094214],[78.94684759132072,11.09279131196579],[78.95401500373266,11.094755990605186],[78.97395517309727,11.094280485384463],[78.98416369625795,11.088816784425134],[78.98473687171487,11.078854016925636],[78.99833222495639,11.076213809116124],[79.00170586058233,11.060615123948748],[79.0064474210785,11.058854294211763],[79.01315430766843,11.062708268280991],[79.01843514210104,11.062904652288731],[79.01825074492264,11.066443920002863],[79.02441439241251,11.067666671818419],[79.02443980934515,11.07313163262716],[79.03042005139672,11.07605824160283],[79.03227987305532,11.083883366400302],[79.04880006809836,11.08670000464356],[79.0543564328966,11.084974792354588],[79.06940781777142,11.108894776583899],[79.06609287716786,11.114770322185981],[79.06749719189195,11.118323540318716],[79.064521387766,11.12195718481212],[79.06539904359525,11.126866332679322],[79.06117403055708,11.128090279781805],[79.05924767158375,11.12554495566084],[79.05714109978459,11.129888412698875],[79.05506766324301,11.129869795347949],[79.05609931007488,11.140533242986722],[79.06056666432214,11.141271105400307],[79.05952026356007,11.152273058422628],[79.07075304670602,11.154458797109926],[79.07298369830379,11.170180579680064],[79.06936571912395,11.177113823580044],[79.07841103358619,11.180758836617784],[79.0757702579421,11.189265151338322],[79.0672344445528,11.18885684802993],[79.0659261076303,11.204360849176362],[79.07313165891591,11.208114068588433],[79.07456540873693,11.204556980803515],[79.08548013167845,11.204766784880688],[79.08912523459,11.199754439268377],[79.09344709320227,11.199849992134496],[79.09891000985473,11.230664818164097],[79.10390093458895,11.229462909002857],[79.10740339311819,11.232188870871418],[79.11116731259908,11.230602594803205],[79.10944463942988,11.244384506641376],[79.12217399607624,11.248729128599315],[79.1199828892156,11.258852588889154],[79.12244193657604,11.259065178940796],[79.12196552943816,11.264109683746625],[79.1152335924282,11.27043302559837],[79.1089782071849,11.270229258277618],[79.10958627590242,11.282872223923498],[79.1130301148678,11.282800108162357],[79.11340084778891,11.286981300937857],[79.11102378786784,11.288956458368148],[79.11409191724543,11.293734517787525],[79.1301026318768,11.297577153073796],[79.13926667128023,11.29001027762596],[79.13962402828678,11.295741863151106],[79.14270170855244,11.299113868424936],[79.14091135541143,11.30930684069046],[79.12496382378554,11.31075784988973],[79.13004747711497,11.33097209740087],[79.14710015842418,11.333801338388856],[79.14961028399165,11.334967425985687],[79.1503160085637,11.339731629394405],[79.15746144728544,11.338420259398948],[79.15960603578743,11.348780259305093],[79.15498475521622,11.355931486991837],[79.1506423602182,11.357794098321795],[79.15075266525025,11.363426181728196],[79.15313950423155,11.366834282964808],[79.16276892664767,11.369708219138749],[79.16322304658337,11.375299603022777],[79.16814751395285,11.378420763311842],[79.16144622207052,11.381808776326546],[79.1424712700208,11.384259950733504],[79.12839310016187,11.394199907694547],[79.10587517466529,11.401715746268904],[79.08313819857995,11.39679492480683],[79.05300019241324,11.402831780118285],[79.03244173958805,11.393568327823896],[79.0107245480812,11.397429384998016],[78.99698965144178,11.407552042562912],[78.98381144258052,11.40291473638385],[78.96208676541245,11.405457247083175],[78.95607806203773,11.414173627102208],[78.94826757266338,11.419549923434575],[78.94167244996953,11.431981675359932],[78.92916560242578,11.443306855167068],[78.92474981776402,11.452582815437854],[78.91156793030169,11.465421568403222],[78.90867278141354,11.475917545836564],[78.89156158743997,11.489094722882973],[78.89006770259722,11.4937052763977],[78.88399533112677,11.497827715235191],[78.87763396444285,11.507522975758599]]]},"properties":{"name":"Perambalur","sourceVintage":"2011_c"},"id":682},{"type":"Feature","geometry":{"type":"MultiPolygon","coordinates":[[[[79.10665563996729,9.850816842625502],[79.10298999797509,9.85519862311424],[79.09010748935256,9.857376141384425],[79.06947259618488,9.849990763213608],[79.05988897257686,9.8584784638361],[79.04515111231261,9.859207270220349],[79.0415076964372,9.863392352142274],[79.04130934033759,9.87181412633459],[79.03112773429609,9.893207045334423],[79.02244424775559,9.902665833814494],[79.01613899074263,9.902650134243036],[79.01092891660497,9.912258986358074],[79.00604974768198,9.914255260283745],[79.00628969128765,9.918667413440764],[78.99816606717155,9.929442319585137],[78.99703377309528,9.93822164287508],[78.99106264804551,9.944009919383113],[78.98911888511185,9.93994208159795],[78.96394130228222,9.942851335076568],[78.96570531502248,9.94039167182308],[78.96293808623082,9.923865176566224],[78.94395604557519,9.916848689306475],[78.93683962243712,9.92123940580287],[78.93783976625025,9.931329104903885],[78.93554219285876,9.933969504436112],[78.93125595604077,9.932026318819158],[78.92969115459623,9.925955398862998],[78.91599019900316,9.927114324401508],[78.91329480039991,9.91925782195111],[78.90961074833427,9.917255490436041],[78.90385243417538,9.91923588737628],[78.89926563723297,9.917893537803472],[78.89863167996728,9.914159605200934],[78.8932060505856,9.911519850342051],[78.89219841572131,9.907799427751469],[78.90158962917863,9.89440460688055],[78.89411712643833,9.88577512987956],[78.89207455511162,9.879012391157142],[78.88346757988049,9.88019691626593],[78.876848034689,9.886240852278748],[78.87243986055432,9.876580299207282],[78.88034025511895,9.873185483745925],[78.87306054790663,9.85627839983959],[78.8687710771536,9.853371466314055],[78.86950080740496,9.845582530068949],[78.87239531489602,9.844542968600125],[78.8661420442869,9.831261182331287],[78.87349436591688,9.828386411114609],[78.87402777744778,9.824724767175834],[78.8641830477226,9.813056669413974],[78.86731012275251,9.80612674205777],[78.87208678581673,9.802930900825126],[78.86591127697187,9.797989602672773],[78.86647689130903,9.789323646667347],[78.87262971499804,9.785332244748636],[78.88748718594236,9.786358572693363],[78.8949698872561,9.76403110025564],[78.88225599690396,9.744565926339542],[78.87364693758137,9.755333510031786],[78.86936328431813,9.754763797012306],[78.86750381659576,9.759207472708002],[78.86240882562915,9.760057100164648],[78.85821586627699,9.765255501862947],[78.8553128750964,9.765255259290859],[78.850359519704,9.761190811039995],[78.85388263858646,9.756891973910397],[78.85112721096264,9.74704167642585],[78.84514900090028,9.742976999862188],[78.8413387517069,9.747402246568212],[78.8333727891097,9.750181345318046],[78.82308301602649,9.74976379588728],[78.81663606325222,9.743890273569653],[78.82633982844467,9.731794959587202],[78.81532609498915,9.731553322849138],[78.81398040701544,9.738799606957032],[78.80829782891982,9.739390579261013],[78.80538055632283,9.759506332106533],[78.81322276610818,9.762685996809408],[78.81885605005095,9.759689989729631],[78.82165395990286,9.760861298368049],[78.82643753999476,9.769446835818169],[78.82037984969097,9.774784556105356],[78.8285736591802,9.77665745459536],[78.83122546613602,9.780839457678892],[78.8282975592827,9.792945160561937],[78.81455907117875,9.779810339165383],[78.80989968766646,9.787336198606521],[78.80112158157706,9.788681235104441],[78.7990555381703,9.794602701891975],[78.79602004368866,9.794891281279366],[78.80014743860153,9.783875669146969],[78.78972048379126,9.781698495940162],[78.79204190296196,9.775546601903535],[78.78037059643029,9.760444500668862],[78.78452010157721,9.782759407779675],[78.7821828657693,9.795402810923738],[78.77418245727253,9.78678861212884],[78.75292405514422,9.780357372347881],[78.74627740957723,9.782496660175418],[78.74355090411233,9.779057393017874],[78.73736693313748,9.780505918832493],[78.74333427268661,9.771639159410414],[78.74431489700694,9.760292155203881],[78.73348192794279,9.758360685840048],[78.73279003293455,9.74902796982888],[78.74123337015521,9.746493867832873],[78.74285011668107,9.743478113402121],[78.74132136912044,9.736715778172083],[78.74492076664862,9.707624484384128],[78.74738067639174,9.705824476241826],[78.75060134509447,9.709044291809715],[78.75187909617817,9.715803060746177],[78.7551639225585,9.717146908114433],[78.77806001543347,9.71955067040301],[78.78765959132431,9.707537750774156],[78.79429890843521,9.705577510654388],[78.79523503740292,9.697680263391078],[78.79918570136002,9.696270843225212],[78.79185197665302,9.672377445065887],[78.79540149522504,9.670809739209114],[78.79525239465083,9.666162519609315],[78.78909386037158,9.662309243136693],[78.78948198018503,9.65904553278418],[78.78546557841375,9.652652256910743],[78.79047785700057,9.649204328374312],[78.79075234172723,9.645158441685739],[78.79476169441847,9.643455268441775],[78.79479975783367,9.637402042991143],[78.78760670121534,9.63685768911184],[78.787780648292,9.634068543424258],[78.79371236065697,9.632139799147794],[78.79467065735092,9.625680124788278],[78.80269829917387,9.62109810675924],[78.80753034068042,9.626198518314505],[78.81240510157028,9.62386236322623],[78.8186640135994,9.62446486289505],[78.81984909268175,9.620301546408486],[78.82664605873514,9.617942986041076],[78.82127411896306,9.599746445804051],[78.81104354395877,9.600060873071225],[78.80565517040688,9.599110383147103],[78.80578311206288,9.59723883295326],[78.79942415196567,9.598136987087457],[78.78787375867121,9.59445874413211],[78.78222063274048,9.595885594587283],[78.78127475974688,9.59080869395486],[78.77386018127443,9.588315525599707],[78.7632365484176,9.593135545617864],[78.75382607418226,9.593321981568414],[78.74673896486854,9.58529576987528],[78.74597947882168,9.588862794698564],[78.72728184209006,9.589216472272696],[78.70100114785447,9.593544296582024],[78.69753111940531,9.597771781156446],[78.6891823532245,9.601113970670722],[78.68859543983193,9.605340855925084],[78.68443668742748,9.605585607214959],[78.68121122082282,9.602249831106711],[78.67894624729301,9.593850772899515],[78.68160169062907,9.593289854428349],[78.6879768850801,9.582914031997765],[78.69348776368393,9.580300136688745],[78.69378317915668,9.57676496721288],[78.68620318041626,9.57034236028898],[78.68379270316659,9.562951445558198],[78.65422812129016,9.543199179610664],[78.65619514340318,9.536472305647257],[78.661805844598,9.536119284598197],[78.6575147119617,9.520139049430446],[78.65557472644377,9.520053283910343],[78.64296958883492,9.526929786639311],[78.6337932038845,9.527377457863635],[78.62453009467828,9.534361771405228],[78.61682896890156,9.536174269860068],[78.61436479395749,9.542878280603315],[78.61701963003242,9.548732685690977],[78.61683248939914,9.558085923602343],[78.6113671598718,9.557059432716706],[78.59757139428704,9.560905379207771],[78.59025634375818,9.565081608830535],[78.58998692642807,9.570538007034475],[78.58712638064468,9.572341377756779],[78.57578926356834,9.576064691613153],[78.57137290218816,9.566724269909122],[78.55764821041035,9.574754737615727],[78.5460059580899,9.57673203863115],[78.53071157533746,9.575737821432039],[78.52010266856304,9.578889934653178],[78.50676567618714,9.593166022614394],[78.49425502427815,9.599780159570715],[78.4983963313998,9.60208430860816],[78.50299082420923,9.61092963793825],[78.48607117890204,9.609299215343986],[78.48051343429154,9.613689547266231],[78.47711815465716,9.613198004948408],[78.47230240679323,9.627122819205628],[78.46117586470098,9.636447020827971],[78.4584393277493,9.622171522747363],[78.4548849448,9.61606480959215],[78.4486403034075,9.618927599919106],[78.44696312990742,9.614683018983618],[78.44016231187811,9.61527648497796],[78.43911363927668,9.609250600436003],[78.4326906831986,9.607461399919458],[78.42946126221008,9.608827085003231],[78.42557015475968,9.600346810400659],[78.41688818277873,9.599357781978874],[78.41635474878998,9.594357976791716],[78.41183120492167,9.587857663182954],[78.40257129281956,9.590864552590952],[78.39778429194304,9.595191036983813],[78.39765635388028,9.584748301037017],[78.39485062688877,9.58444557926998],[78.39387119463281,9.581358011574588],[78.38266644700855,9.57979846743946],[78.36843334022095,9.570481128140779],[78.37357097241747,9.569568136043607],[78.37528358804877,9.5660059116641],[78.37391289816406,9.558754691375466],[78.37650907065769,9.551815566740729],[78.37237851457336,9.543176421265555],[78.38737105979706,9.536097202609543],[78.38226140203682,9.515948649429893],[78.37743422939914,9.515826551640266],[78.37486152359567,9.507427132575186],[78.36727952790037,9.507056147558291],[78.36529374357433,9.51203326260773],[78.35622268070111,9.51013854922755],[78.34732443302728,9.511398959442563],[78.33953936417886,9.495915303975101],[78.32848778110717,9.495203953828753],[78.32700910114889,9.487514016794181],[78.33029252436073,9.485254201850983],[78.32701883978491,9.483748326919413],[78.33077134167853,9.480792414395166],[78.33007132140852,9.47283137709816],[78.33712901359165,9.472619850128167],[78.33860919822801,9.469749458637674],[78.34220182335729,9.469569059324542],[78.34362664931427,9.47264322632536],[78.34685055374864,9.471301016059092],[78.35186416813028,9.46660001259983],[78.35190564244864,9.460980754565853],[78.34713855901859,9.460229858108066],[78.34263002510039,9.467679419693138],[78.33935617433623,9.468456645601849],[78.33127402813173,9.468970849831585],[78.33037796043244,9.462818114422065],[78.31939940230855,9.467368542305726],[78.31103491291532,9.46794108756101],[78.30869622093832,9.460481467352336],[78.29938469074165,9.461464861362128],[78.29849853415487,9.454602262208072],[78.3035891862587,9.453220066395753],[78.30538898428661,9.447538054641212],[78.3011786892461,9.44216192082472],[78.27190594305601,9.448500895568662],[78.22823651494997,9.444998358028123],[78.21862126255908,9.4474012936147],[78.21504389621325,9.433455834922075],[78.22101628429431,9.429910187086598],[78.22252274375441,9.410122763693543],[78.23730005712763,9.409802287053768],[78.24319451006954,9.40667669569556],[78.24155769068868,9.39857612695051],[78.24493346071169,9.392006534126775],[78.24233721725118,9.387337465963364],[78.24303629159517,9.381062529062005],[78.24756102483289,9.380839589648463],[78.25443639943754,9.3740256392963],[78.2599799533615,9.376432656947694],[78.26319928087949,9.386627898171426],[78.27872727411484,9.385028005398684],[78.28021439644013,9.389978580641468],[78.28892765494578,9.388905126435823],[78.29147634698508,9.391016950066401],[78.29621572637173,9.38899289662901],[78.29504771527976,9.381678086923829],[78.29665337210342,9.386610578349092],[78.30418781907247,9.384257051767449],[78.30406652494955,9.376865735860164],[78.30815020604402,9.374818744351975],[78.30653998218541,9.369461301677159],[78.3009275643101,9.368813573977162],[78.30115553157638,9.367150029213935],[78.30825248013744,9.365022349876066],[78.3057658338365,9.350329490357941],[78.31048254244034,9.345154370919431],[78.30508490007136,9.34235936259572],[78.295376203128,9.342619311709617],[78.29386779971365,9.331972667689916],[78.29814770430721,9.325753190911172],[78.30480234308358,9.323507879585213],[78.30547048214416,9.327707852608986],[78.30862005009044,9.327907381602529],[78.31140400730936,9.33502812630031],[78.32435808560886,9.332394898047138],[78.32914981611536,9.33891005463223],[78.32943551091843,9.345858421443113],[78.3326171091945,9.345822746858788],[78.33310293157489,9.354064050404036],[78.35296696422756,9.352687581244389],[78.35344453827702,9.357199204769424],[78.35609362603243,9.357891131213602],[78.36265785386706,9.349193731180483],[78.36477959461807,9.33735411300381],[78.36264992713298,9.32997160570499],[78.36068365601156,9.330351308436624],[78.3609388584006,9.325066592858711],[78.35880914510143,9.320500464355664],[78.3550361957553,9.319184699413272],[78.35333038216736,9.30863767184682],[78.34613036270726,9.309405486389588],[78.34676413941155,9.297873238583705],[78.3292643063983,9.275751071763747],[78.31200173641794,9.283094216633943],[78.30581244023008,9.283820756320189],[78.30473447716048,9.281234638613615],[78.28097379535042,9.284194203165018],[78.27224494927795,9.256271530255319],[78.26935484622675,9.20209872403283],[78.2883947590479,9.205761530737435],[78.29612056693536,9.20508086539375],[78.29082269056354,9.17757533529151],[78.28420740787804,9.162383838761171],[78.28206922256744,9.162451014374886],[78.27497199013878,9.148665235923398],[78.27394606557529,9.141485909561807],[78.29562858480708,9.134154623678432],[78.31524840056835,9.13306937908066],[78.32135343837578,9.130977381441888],[78.32073058159209,9.128621962617975],[78.34184705529537,9.12346677927023],[78.3503266063001,9.117554473366154],[78.3563763923277,9.118056856391755],[78.35814615608241,9.114490046399496],[78.35606777341687,9.109806359437439],[78.35680092984273,9.098613033013159],[78.36540185042887,9.103147863794257],[78.37020078542392,9.099124616135148],[78.3765140904435,9.100268596050258],[78.38352786758561,9.098107735425081],[78.38488733302084,9.09472233086336],[78.40438329266397,9.108767086958162],[78.42079555782061,9.11645117192331],[78.45427132718896,9.125270784434962],[78.48815659357963,9.1289651665939],[78.5156960709717,9.136156408328421],[78.55094107768204,9.138092001968717],[78.57824975901299,9.130999665606979],[78.58792874238169,9.139350812233799],[78.6053917390784,9.148014449389146],[78.62486643829371,9.153621201157726],[78.65764819891797,9.158123156987127],[78.65070153940226,9.159791725340536],[78.64230838476834,9.169755807203087],[78.64357787135145,9.179204112318944],[78.64933792734371,9.187621608300875],[78.6491923131311,9.185221048251428],[78.66380176461539,9.193615236928661],[78.67886611038313,9.196014169606643],[78.71725519902832,9.189542662894931],[78.71902567424874,9.192101023572592],[78.71653429023301,9.200031006404245],[78.73260279528327,9.211889351241084],[78.75446239401714,9.215499815329036],[78.76427015267845,9.22138473743505],[78.79434391942084,9.229955724347002],[78.8055904081631,9.23666262012971],[78.82265568115763,9.239355760431865],[78.86109901007968,9.255401916404663],[78.86774280439396,9.253978263754725],[78.87488239059162,9.2572605930374],[78.89569633506342,9.251537234298823],[78.91615270603468,9.258781673703602],[78.92652291876001,9.267714594963975],[78.94899041103993,9.272485113038465],[78.97935339038804,9.274869744005082],[79.06289323443269,9.261535415265417],[79.08072139719067,9.261205994425945],[79.14030921467646,9.273147863435671],[79.14622386623756,9.277070948780848],[79.15340947222892,9.275926881885532],[79.15275426980676,9.277911519234959],[79.17822093857967,9.281760928338679],[79.20649087565516,9.28253386670597],[79.20919806015495,9.28240316589798],[79.2049872530747,9.27767937073949],[79.20518195303109,9.27323537729349],[79.20585134434315,9.275188232138076],[79.21193537414938,9.273903046757216],[79.21925051091648,9.268961826092347],[79.22152161544813,9.265921596647898],[79.21990843433565,9.25730532013255],[79.2296199313277,9.259748617386304],[79.2573618970697,9.259179370285107],[79.29109738825133,9.250175365250513],[79.3108661931957,9.241477450713068],[79.33887531880146,9.226197473942301],[79.418188175311,9.176027361342618],[79.43601045859548,9.158480211047827],[79.435842971304,9.164171889171916],[79.41525452912133,9.18512344296897],[79.41643758429936,9.187098899835929],[79.41470870466988,9.185941701898058],[79.38870795781614,9.208388519437033],[79.37360208113618,9.21820295000769],[79.32400378203641,9.263577299270189],[79.31471715044447,9.281188349797173],[79.31599056176705,9.285514901255414],[79.32712044199891,9.295344921081542],[79.32713791243452,9.29956730224236],[79.33504634063277,9.309328748803505],[79.32934201162914,9.320096212899667],[79.30991538934953,9.327646842672413],[79.29072410770803,9.31987125673565],[79.28150974019081,9.31274858493606],[79.27296116623292,9.302371005879184],[79.27125197767444,9.296281060343198],[79.26592844631641,9.292744173886438],[79.22111428067073,9.291337678138037],[79.21118673705618,9.283265804869696],[79.16078234192273,9.284330441565864],[79.1398029753863,9.291876505041138],[79.13223044883242,9.287879734980608],[79.12197360439423,9.291305706336301],[79.10537500708814,9.290989361406504],[79.08615575370531,9.295295567658506],[79.07081888423319,9.295144007367174],[79.03679004190734,9.31517673681193],[79.01433314884949,9.331363110706967],[78.9804693387194,9.361242278140057],[78.93168520881278,9.414207741376972],[78.91176575190364,9.445759726397949],[78.89854523778243,9.475764364100678],[78.89823619127354,9.489123001257731],[78.90050410139604,9.493584767134248],[78.90964352785899,9.498520814431668],[78.91289459555094,9.495781032397783],[78.9152263516356,9.49903115316786],[78.91322018812905,9.505511363146883],[78.92020339829699,9.527173749212844],[78.91775437074524,9.537693586025792],[78.92013850310255,9.559225252583234],[78.92515155244391,9.585001461682962],[78.93477481421384,9.608331234596712],[78.95981482993916,9.630934333693112],[78.95926603026749,9.641716168263265],[78.96397621261079,9.640557818831882],[78.97100022785222,9.655704740107028],[78.9743359581664,9.676100934572133],[78.98036288925655,9.689557172889481],[79.00019116985924,9.714861904129197],[78.99912099697981,9.71841645241196],[79.00040754706174,9.714393613233458],[79.00403768493896,9.718119985831013],[79.00323293727652,9.725325528869712],[79.00449315863578,9.718603862045573],[79.01500071208993,9.731491394309506],[79.01548974864241,9.740320304910806],[79.01315044131944,9.74484009306819],[79.01597275480437,9.740392802192762],[79.01591177985784,9.732318978935469],[79.02620522794884,9.747674341026164],[79.02237564880723,9.752817562783717],[79.02688858806356,9.748271274573812],[79.03182412806729,9.754798353110365],[79.02987391612817,9.761463311222046],[79.03231386620398,9.755302464306776],[79.041229107308,9.766249367736501],[79.05906925718514,9.772957778962384],[79.06120493889108,9.78090093176334],[79.07696142939871,9.799709595004247],[79.07582440659078,9.812208844286081],[79.07669928572744,9.813578730235317],[79.0784791016302,9.799976559391297],[79.08267438941559,9.815546133148143],[79.09390347689248,9.829362546429289],[79.08495513466684,9.834650471590093],[79.089663815027,9.8340769984277],[79.094245257112,9.830040675429123],[79.0987118199435,9.833838453416018],[79.09496905488922,9.838223018066957],[79.09922229389191,9.834249879216259],[79.10481942064446,9.837943714285847],[79.09882023402187,9.84332265237126],[79.10025600595058,9.844254035973906],[79.10530707019812,9.83891116241573],[79.10867992339145,9.842256656652982],[79.10913076178139,9.84818769506527],[79.10665563996729,9.850816842625502]]],[[[78.49274322343535,9.08642473202134],[78.49554642256768,9.090659702710216],[78.49122621236394,9.092763298391908],[78.48722232681949,9.088709409273271],[78.49274322343535,9.08642473202134]]],[[[78.53679957479892,9.10186415091158],[78.5384108793308,9.105268283325882],[78.53508319881985,9.102767871430972],[78.53679957479892,9.10186415091158]]],[[[78.58171405261743,9.110973213249727],[78.57934269699837,9.11282441640345],[78.57058522610939,9.102284589811555],[78.57858422784443,9.101112264967597],[78.58797440734085,9.106998522423185],[78.58535085419737,9.111339927657545],[78.58171405261743,9.110973213249727]]],[[[79.48929248097745,9.119036838613974],[79.4969450078973,9.123595771140733],[79.494566499892,9.125133585367257],[79.48929248097745,9.119036838613974]]],[[[79.48888577861406,9.127513301024061],[79.48897229535903,9.127775476130662],[79.48895871912018,9.12800158986533],[79.48886328120608,9.12819144184842],[79.48870859939898,9.128250237910267],[79.48829916436047,9.128227787715819],[79.4876395467187,9.127929630692831],[79.4873392030883,9.127717288431436],[79.48719361043526,9.127550040762115],[79.48712076155726,9.12733307465111],[79.48725261537636,9.12710703233482],[79.4875527910218,9.127021006084993],[79.48799864286364,9.127251453892939],[79.4882261214464,9.127251382050709],[79.48831246391826,9.127093094047334],[79.48826233523046,9.12665460136482],[79.4883122959333,9.12652349258044],[79.48857620838734,9.12660476937138],[79.48871732204039,9.126916674217428],[79.48888577861406,9.127513301024061]]],[[[79.48190870214282,9.130200741276811],[79.48170400303906,9.130426873872942],[79.48149941891963,9.130549026746237],[79.48105815387564,9.13060792885125],[79.48062600134189,9.130558330673692],[79.47991621189318,9.130083855786367],[79.4797251770632,9.12989402964509],[79.47973416021605,9.129699581583695],[79.47999795768573,9.129618168023152],[79.4806940738775,9.12995246621767],[79.48112627581858,9.130060880642297],[79.48136727943624,9.129974919851302],[79.48145360214517,9.129653925706998],[79.48123510222365,9.129070758199179],[79.48117595984031,9.128889986260123],[79.48117589965318,9.128736294207574],[79.48130777772677,9.12862770997509],[79.48163077597033,9.128686456296483],[79.48194482609537,9.129246855005514],[79.48202686743362,9.129866207390469],[79.48190870214282,9.130200741276811]]],[[[79.48360184679034,9.133518465295822],[79.48354286969699,9.133925335995695],[79.48347013580337,9.134092690652617],[79.48333821101741,9.134237338207045],[79.48326547083556,9.134260010640906],[79.48308805177032,9.134296228172504],[79.48286972342703,9.13429623615483],[79.48202798673448,9.133672675911654],[79.48155927456529,9.133112238040162],[79.48151377040459,9.132886171006431],[79.48164559278266,9.132696273629382],[79.48196864223019,9.132840882725791],[79.48243725288971,9.133234058282742],[79.48259654844409,9.133387709371362],[79.48277396301778,9.133401206610554],[79.48283300389151,9.133342424702189],[79.48281023070072,9.133161604374544],[79.4821867558761,9.132339003897684],[79.48210024811425,9.132004524346858],[79.48228219019695,9.131837213055858],[79.48261881139179,9.132026943260957],[79.4830738512023,9.132447196751299],[79.48346983127449,9.133102598034155],[79.48360184679034,9.133518465295822]]],[[[79.47393589707808,9.13526173112976],[79.47228135663161,9.139760305961163],[79.46980645220978,9.138879413336182],[79.47393589707808,9.13526173112976]]],[[[79.46807372599422,9.140620390433837],[79.4680965288294,9.140859950403074],[79.4679647154345,9.141253257240727],[79.4678102150871,9.141850073787918],[79.4677376159408,9.142496558583211],[79.46764223012896,9.142993811209486],[79.46753309200847,9.143233502616988],[79.46741488270025,9.143378192578059],[79.46620029306247,9.143568392901734],[79.46527685459479,9.143460041123156],[79.46511760575282,9.143320020730437],[79.46507207823588,9.143152759099284],[79.46509473195073,9.142935680983467],[79.46609073722536,9.141959029151591],[79.46750965406439,9.140511971240018],[79.46778708796012,9.14039439024818],[79.46807372599422,9.140620390433837]]],[[[79.45434555863459,9.14372032692791],[79.45442747600536,9.14399609071371],[79.45450042459629,9.1446380457716],[79.45463244999361,9.144986035978942],[79.45470533929576,9.145320586707301],[79.4544051393958,9.145605417760365],[79.45412760399046,9.145628093904966],[79.45378186669213,9.145497072810196],[79.45378171487684,9.144936530266852],[79.45378157114638,9.144258436392644],[79.4537815432986,9.143896763270991],[79.4539725646539,9.143670694213029],[79.45434555863459,9.14372032692791]]],[[[79.45643431504503,9.147038036764027],[79.45622970487445,9.147386256103147],[79.45599319283318,9.147553513970992],[79.45575207243449,9.14763497664538],[79.45554737422903,9.147634995270073],[79.4553654123834,9.147562711027305],[79.4552926272858,9.147408995990453],[79.45505599666691,9.147074527045605],[79.45507869889079,9.146825939145502],[79.455233341172,9.146739951359256],[79.4556063818651,9.146825821188818],[79.45572916539474,9.146825755558748],[79.45592934327772,9.146717180387983],[79.45618405339002,9.146558917884603],[79.45643426384103,9.14670358343457],[79.45643431504503,9.147038036764027]]],[[[79.45376894173181,9.148584758817577],[79.45093465999237,9.147902774901185],[79.45266298266638,9.146424087924919],[79.45376894173181,9.148584758817577]]],[[[79.44501697032898,9.15106840316934],[79.44562661738647,9.151606259403067],[79.44578597043301,9.152058361571918],[79.44567682422768,9.15233411002659],[79.4455449704086,9.1525828120324],[79.4454858334151,9.152727451186959],[79.44561780760846,9.15308456476651],[79.44573611034147,9.153310589707127],[79.44579530662378,9.153491397139886],[79.44572260686614,9.153658658345089],[79.44551792123707,9.153767203904],[79.4453267777109,9.153767259777135],[79.44511297867328,9.153658776299535],[79.44500376778925,9.15338306612084],[79.44453497028015,9.152343392986582],[79.44446208007966,9.151651694292662],[79.44455746499317,9.151199604023184],[79.4447030091372,9.151032363833485],[79.44501697032898,9.15106840316934]]],[[[78.69545248071994,9.150566198827924],[78.69701845626254,9.153263226073195],[78.6955197573482,9.155633642935681],[78.69375069158446,9.152265494870036],[78.69545248071994,9.150566198827924]]],[[[78.73205873602134,9.154421508782255],[78.73110146340679,9.155879682910653],[78.72837178329566,9.153924997591037],[78.73097272404678,9.152118491994196],[78.73205873602134,9.154421508782255]]],[[[78.75224349507822,9.15682907324041],[78.75221360004387,9.156852078584125],[78.75218257403063,9.156874840037844],[78.7521504592592,9.156897464025661],[78.75211728986567,9.15692005963227],[78.7520671117705,9.15695351670083],[78.75201634527886,9.156984774335653],[78.7519908627692,9.156998500378592],[78.75196538205616,9.15701038439802],[78.7519399516488,9.157019990942404],[78.75191462095441,9.157026893428826],[78.75188943938038,9.157030659066388],[78.751864456334,9.157030856837743],[78.75183972122265,9.157027055725496],[78.75181690581107,9.157019379890981],[78.75181547299817,9.157018898322153],[78.75181528255536,9.157018833580857],[78.75171807675677,9.156977281194845],[78.75132963444813,9.1568065104421],[78.75133418621165,9.156806512215832],[78.7512796171514,9.156777744002953],[78.75122511905805,9.156751114912758],[78.7511163591283,9.156697503752977],[78.75106210986829,9.156667140055793],[78.7510079549314,9.156632149565437],[78.75098091384471,9.156612391031594],[78.7509538997075,9.15659084190984],[78.75095222884106,9.156589338668313],[78.7509517662087,9.1565889218403],[78.75094095767919,9.156579190235858],[78.75092950595595,9.156566689828596],[78.75091078686206,9.156539523280422],[78.75089708485903,9.156510105858281],[78.75088772082053,9.156479210910925],[78.7508820174168,9.156447607352908],[78.75087929462315,9.156416064986026],[78.7508788751099,9.156385355386055],[78.75087921018152,9.15637673324879],[78.75087923892761,9.156375976749775],[78.75088002495346,9.15635574727438],[78.7508855217447,9.156296618843655],[78.75089536099202,9.156237424774803],[78.75090970169721,9.156178204090027],[78.75092870555704,9.156118995811527],[78.7509525360649,9.156059840735361],[78.75096276697768,9.156037642391622],[78.75097370935616,9.156015460010133],[78.75098537218346,9.155993293590907],[78.75099776444283,9.155971149342067],[78.75101089421901,9.155949023716113],[78.75102476959687,9.155926922921106],[78.75102955941401,9.155919644380528],[78.7510297363821,9.155919374772084],[78.75103923786287,9.15590493387037],[78.75105377799404,9.155883343909721],[78.7511038572745,9.155812825327969],[78.75115515467049,9.155747199595497],[78.75126409875489,9.155630593874761],[78.75138600463053,9.155533446061456],[78.75145350493929,9.155492143599412],[78.7514891869207,9.155473307347968],[78.75152626937562,9.155455678126962],[78.75156247507482,9.155440206662277],[78.75156261521201,9.155440155223753],[78.7515994901561,9.15542653731892],[78.75163673161283,9.155415293567438],[78.75167416980064,9.155406301581396],[78.7517117732784,9.155399377778565],[78.75174950880854,9.15539434567175],[78.75178734495002,9.155391027886807],[78.75182525295666,9.155389245275817],[78.75190114892007,9.155389566323157],[78.75197694606882,9.155393883611897],[78.75205238928135,9.15540076661877],[78.75212722702933,9.155408788367957],[78.75217133071652,9.15541229594315],[78.75221563113475,9.155414558351309],[78.75230352769205,9.155423179625066],[78.7524287501477,9.155475739148082],[78.75246742621394,9.155511662740398],[78.75246866409242,9.155513042711435],[78.75248772364779,9.15553648891513],[78.75250344955515,9.155560055731732],[78.75252609338851,9.155607518389191],[78.75254455197097,9.155703501721403],[78.75254114106782,9.155849045100801],[78.75254130456123,9.155897688143488],[78.7525483383699,9.156046818830562],[78.75255025717134,9.156196493105844],[78.75253743821226,9.156345897710022],[78.75252249383918,9.156420243910805],[78.75251236263941,9.15645728308826],[78.75250025604433,9.156494216724466],[78.75250000361771,9.156494865912151],[78.75249995960029,9.156494980318154],[78.75248688911289,9.156528660030668],[78.75247193485833,9.156561552200987],[78.75245543190827,9.156593001433773],[78.75243741799187,9.156623116814224],[78.75241793263505,9.15665200742743],[78.75239701087209,9.156679779697791],[78.75237469402548,9.156706546257842],[78.75235101802787,9.156732414418801],[78.75232602240506,9.156757490604978],[78.75229974398808,9.15678188656188],[78.7522722223027,9.156805712261242],[78.75224349507822,9.15682907324041]]],[[[79.44581899070621,9.157930773003294],[79.44350322643025,9.156927593570192],[79.44532752331259,9.157144232130374],[79.4476467281361,9.152785769605085],[79.44581899070621,9.157930773003294]]],[[[78.69849740841033,9.158014571962493],[78.69871273727888,9.158110664615968],[78.69888299856797,9.158301195843764],[78.69895168195796,9.158484765978429],[78.69883606159438,9.158686111412335],[78.698607054079,9.158741488902843],[78.69841643876222,9.158752908147918],[78.69832776606054,9.158714453776613],[78.69806858862633,9.158523357838408],[78.69794978732831,9.158232113574615],[78.69800776010517,9.158106184177162],[78.69809121988327,9.157967785417373],[78.69829466044737,9.157937504307135],[78.69849740841033,9.158014571962493]]],[[[78.82355809904766,9.166035885279545],[78.81956017202853,9.165229311636859],[78.81694420695423,9.160353635063363],[78.82355809904766,9.166035885279545]]],[[[78.82707379694754,9.167333270898519],[78.82853915039857,9.17368344591748],[78.82705064197279,9.17012659106809],[78.82396199058255,9.166451631565812],[78.82707379694754,9.167333270898519]]],[[[78.7042492097835,9.184079009338577],[78.7042811080609,9.184198293601924],[78.7041925359705,9.184425071134154],[78.70393251681489,9.184784273160412],[78.70308129031966,9.18548452518149],[78.70251690936936,9.185841789373374],[78.70211104243914,9.186061905140276],[78.70195148906829,9.18603820821665],[78.70191123376377,9.185993714183295],[78.70189073331066,9.185956467031291],[78.70188077458745,9.185892481235637],[78.70189781922164,9.185822480297249],[78.70204577803713,9.185714134315003],[78.70251342390604,9.185402006148152],[78.70301267071002,9.185023804233825],[78.70361102504606,9.184544064411211],[78.70415135180801,9.184056735595604],[78.7042492097835,9.184079009338577]]],[[[78.91048050887046,9.186002783432352],[78.91049407432956,9.186165784233568],[78.91048907879826,9.186310116175411],[78.91040728719167,9.18646225361498],[78.9102324409014,9.186564356344043],[78.91012041559556,9.186565769892452],[78.91008636585305,9.186535670354852],[78.91004435703711,9.186447779371106],[78.91004100632107,9.186311646781654],[78.9100607018837,9.186136465040988],[78.91013209908418,9.185988393415215],[78.91030049277575,9.185925436307302],[78.91048050887046,9.186002783432352]]],[[[78.93719352721801,9.182399771639723],[78.94277649382674,9.184819849708958],[78.94335419858932,9.187732786994875],[78.93296884026833,9.182396470956446],[78.9251882800643,9.184880471188754],[78.90892400875747,9.181489735204538],[78.90629150839376,9.185177343364542],[78.90521981556486,9.183943175577427],[78.89732243035644,9.179509849376828],[78.90355903901366,9.178456734151016],[78.92353871987774,9.183318055651684],[78.93719352721801,9.182399771639723]]],[[[78.96982980119044,9.186194464045144],[78.96670719258414,9.18713205077638],[78.96845723742004,9.183349803139418],[78.9685643561278,9.186100236830756],[78.97113434632413,9.18500714663664],[78.96982980119044,9.186194464045144]]],[[[79.07585777990191,9.202338520945005],[79.0711457227746,9.205167401235203],[79.07098993963295,9.20983683985615],[79.06889865266838,9.210539149178683],[79.05676835912882,9.198019958684641],[79.0589318760321,9.196020807963672],[79.0655605543951,9.200596940308884],[79.07137515159984,9.198941594057805],[79.08635219729166,9.191691565369085],[79.0910261011722,9.195932580588154],[79.08806707937241,9.200327770993129],[79.08677187671766,9.198569534139265],[79.08356861556852,9.199849836954797],[79.08329198027509,9.20276730956527],[79.07585777990191,9.202338520945005]]],[[[79.14070416797426,9.213282211207227],[79.14083317503223,9.213407184613004],[79.14113249817649,9.213587278610023],[79.1411777319443,9.213637235835018],[79.14139310483029,9.213776215824128],[79.1415688988432,9.214089020356171],[79.14156605657361,9.214197492430376],[79.14153391664941,9.214253830433817],[79.14133601509737,9.214267368046386],[79.14133503683199,9.214267435437376],[79.14132352492162,9.214268222848126],[79.14131201480792,9.21426901025885],[79.14130050289755,9.2142697976696],[79.14128899098718,9.21427058508031],[79.14127747997514,9.21427137337776],[79.14126596806477,9.214272159901759],[79.14125445705268,9.214272947312509],[79.14124294604065,9.214273734723207],[79.14123143413028,9.214274522133957],[79.14121992311824,9.214275311318106],[79.14120841120787,9.214276097842092],[79.14116527680287,9.21427904885884],[79.14046961605696,9.214200872622138],[79.1404662213235,9.214200666015456],[79.14010577411237,9.214178653092215],[79.14002182475245,9.214150973113933],[79.14001533801778,9.21414883522216],[79.14000885218142,9.21414669555687],[79.14000131711282,9.214144210955949],[79.13992424974629,9.214091830385316],[79.1398521455717,9.213960369944854],[79.13978549057761,9.213657169421106],[79.13969555574296,9.213455552850768],[79.13958723508935,9.213290003757653],[79.13948066884551,9.213223909836477],[79.13947768913371,9.213223612783153],[79.13947143865597,9.213222987641009],[79.13946518907653,9.21322236427233],[79.13945893859879,9.213221740016923],[79.13945268812105,9.213221115761517],[79.13944643943991,9.213220493279563],[79.13944018806389,9.213219868137456],[79.13943963559997,9.21321981316041],[79.13943292518478,9.213219142795205],[79.13939869757584,9.21323930695375],[79.13923050690352,9.213647520962597],[79.13916877108393,9.213708226175457],[79.13912965214826,9.213793908648313],[79.13905906882141,9.213818999417803],[79.13905444609098,9.213820641632356],[79.13899092082734,9.213788671650484],[79.13894805771356,9.213720647421932],[79.13890999070506,9.213605183371081],[79.1388749447309,9.213347348340012],[79.13889917139579,9.213064956995701],[79.13896649563476,9.21280538979159],[79.13918987520489,9.21271839915559],[79.13953377544848,9.21263881090268],[79.13957615886191,9.212639986703875],[79.13958241023798,9.21264016138925],[79.13958866161401,9.212640334301213],[79.13959491388842,9.21264050809985],[79.13960116436614,9.2126406810118],[79.13960576463872,9.2126408087006],[79.13963384777115,9.212641588134428],[79.13987006965655,9.212708351643965],[79.14000190640765,9.212727113915236],[79.14039877940523,9.212957435145158],[79.14049403136808,9.213012171030805],[79.14053477355945,9.2130508030619],[79.14056427423341,9.213064517179223],[79.14070416797426,9.213282211207227]]],[[[79.125552135855,9.217420986283773],[79.12698237326327,9.214940046723306],[79.12225581103907,9.21574263041079],[79.12949518838671,9.213786887559758],[79.1339961854397,9.215649976128804],[79.13203066441153,9.214812582169868],[79.13411272388153,9.215982817975716],[79.12912475819783,9.214585044686386],[79.12707232426759,9.216000507142494],[79.13323708656672,9.216389620704579],[79.125552135855,9.217420986283773]]],[[[79.23573086388008,9.243476528427484],[79.23274584034439,9.243454757613994],[79.23537501424656,9.240452203386273],[79.23866059341509,9.241301172937485],[79.23573086388008,9.243476528427484]]],[[[79.20045363010891,9.250681944697568],[79.19523213568905,9.252896705955775],[79.18106415496291,9.249930043434201],[79.17807343700666,9.2423264036061],[79.17982913673728,9.237466299077852],[79.18650853577783,9.235223055738969],[79.18972025636202,9.231040809784426],[79.1993300505892,9.230202836991165],[79.20281171042468,9.233882135113339],[79.20383677170716,9.239722836896929],[79.21317870718126,9.24055724840048],[79.2152044575543,9.244051387716636],[79.22357810437353,9.247797149097076],[79.21785439242102,9.250435733941757],[79.22206282525399,9.247797524145579],[79.21227460315345,9.246398343099884],[79.2029022183845,9.241536290046488],[79.20244986363834,9.244090215843483],[79.20866673091888,9.248876521056017],[79.21774062797684,9.250422893725],[79.20316067087825,9.24852952317885],[79.20045363010891,9.250681944697568]]]]},"properties":{"name":"Ramanathapuram","sourceVintage":"2011_c"},"id":683},{"type":"Feature","geometry":{"type":"Polygon","coordinates":[[[79.78988965278936,13.024571495670275],[79.78697953707027,13.028909291144505],[79.7861459409108,13.039068989810927],[79.79201156691525,13.045995102011565],[79.79159392935988,13.053746041107543],[79.78860562966833,13.056610371115728],[79.77908708271445,13.053669065410453],[79.77888131461545,13.060592972016938],[79.77588847483847,13.062819948889219],[79.76997484825513,13.060092203258826],[79.76210470086443,13.05178622497295],[79.7514095189918,13.051966340617778],[79.74771501772281,13.049583604646632],[79.74584635394689,13.055907317281283],[79.74259607228083,13.055393486971983],[79.73721849288542,13.061009091936906],[79.72995501643364,13.05449472875389],[79.718614131823,13.053735006076373],[79.71852355469291,13.058426317433263],[79.7244479224321,13.059504426804013],[79.72577426069462,13.067964591264],[79.73811942226702,13.065528278313854],[79.74164172727582,13.076007691070044],[79.73552824530466,13.086857243616636],[79.73632938982452,13.095118692614568],[79.72713142734099,13.096428392409251],[79.72277535010292,13.099390286597103],[79.70855029761017,13.097596145408927],[79.70743982540878,13.099942191794279],[79.7014732880552,13.099415052638003],[79.70166833386295,13.104300649257178],[79.70477973059619,13.100991486596877],[79.70222805974342,13.110799610750176],[79.71353366661454,13.108581740270628],[79.7189133920852,13.104910017825201],[79.7220821166049,13.107616160397725],[79.72409128317949,13.11667262633902],[79.72660962114531,13.118235517810412],[79.73138077035031,13.114816857415976],[79.73605320997696,13.117883772384307],[79.73899704935012,13.143431643941947],[79.73732890391867,13.146428765724755],[79.73874626487563,13.160642129632121],[79.73653985521412,13.166943289578544],[79.71281835881504,13.162468592075516],[79.70623724265309,13.163288651752492],[79.70207677805969,13.161857110426336],[79.70150400414971,13.158788531755702],[79.69486286884866,13.159043347799585],[79.69181882959205,13.17723975258667],[79.7007908702732,13.181187595289426],[79.70075689509083,13.191645794583737],[79.69204382163812,13.19184685263473],[79.67013740810155,13.183245909156518],[79.67151065818481,13.203791531763969],[79.66271897765314,13.206102261267706],[79.66120642941205,13.210423167835438],[79.65401492508252,13.210545895988929],[79.65605793119386,13.205542614608095],[79.64813271078805,13.19949608763989],[79.64434983056645,13.191636841193763],[79.64494880833325,13.179058900685604],[79.64101902122336,13.178643358395572],[79.63506440541192,13.171796403125455],[79.63009709469158,13.172867536839345],[79.63226477977783,13.157419676381751],[79.63675199487771,13.151539673286264],[79.63458445442022,13.147639388009337],[79.62800351432807,13.145040614624383],[79.61554269196792,13.14461080035709],[79.60316465025949,13.147511363943392],[79.58917259739525,13.147545621619614],[79.59928814941561,13.131678866753507],[79.59693751343862,13.123150167292415],[79.5943876742507,13.12198373238666],[79.57091169730025,13.121888937862405],[79.56845924177738,13.137498918760254],[79.55305661382982,13.137512796651373],[79.55307585933647,13.134895926368563],[79.54135246309471,13.13762191530484],[79.53257712381641,13.13648430667272],[79.52522937640782,13.140069985032698],[79.52251353304702,13.139223615140983],[79.52264509581195,13.144186144790652],[79.51729114480342,13.143781611967357],[79.50577440958605,13.137299758163772],[79.50295611606204,13.138681350062889],[79.50030581737764,13.136099375249161],[79.49697725202611,13.135868748358137],[79.49726442725276,13.138598488133123],[79.48268780919213,13.139915302001482],[79.481714556447,13.128160292742413],[79.47519029825263,13.130390934071622],[79.47418840362302,13.127123680064747],[79.47528774300308,13.107666541234526],[79.46454399281632,13.107349352819185],[79.46241902531679,13.09540485780339],[79.45093762083954,13.093247795822416],[79.45063026765496,13.098938065741848],[79.44867639058951,13.103132781943724],[79.4462465088314,13.103350296416018],[79.44366251300148,13.11401264535552],[79.43411237858722,13.111492858826653],[79.43320489958892,13.115962875114771],[79.42897652864823,13.116501515848723],[79.4517017278202,13.121124353956821],[79.45352469609428,13.126484031351199],[79.44768271913799,13.12853294341475],[79.44663998440056,13.126368332423802],[79.43861128526054,13.12506412859135],[79.43406238644334,13.136490583417693],[79.41877714135398,13.14995699677141],[79.41535357556793,13.138134284624313],[79.41150275576139,13.136715627582173],[79.41431412956278,13.124390499689914],[79.41331275685434,13.118750196979237],[79.40412230698153,13.115302732967308],[79.40161290725278,13.104211944377735],[79.4041484892788,13.099755418771903],[79.41583314567393,13.10475278414358],[79.42033782941284,13.103812046712713],[79.42263296477662,13.096878631739958],[79.41522703618207,13.089675574290126],[79.41675236565304,13.084631506563476],[79.41361733244804,13.085382143625552],[79.4012005571812,13.08003221742273],[79.37950821666837,13.080118844114272],[79.37930079207601,13.07547274187491],[79.35530001933657,13.066820983325357],[79.35149703212396,13.062490809678232],[79.33494694474152,13.060554038948554],[79.33012226403042,13.07294574458269],[79.32473168421619,13.077681158392428],[79.30349876369924,13.08343364562171],[79.29873955400268,13.08674954966544],[79.29881167344863,13.091834035121352],[79.29239026067619,13.101056365567334],[79.27245434303785,13.087019997619963],[79.29054789687686,13.05764519782357],[79.294543849399,13.047188209781654],[79.28482995660006,13.03771629894062],[79.27809850468036,13.007332963390727],[79.26953772171944,12.997599603974093],[79.26822867243291,12.987619786150365],[79.2659796844236,12.98741540405861],[79.27009991257708,12.966586299118694],[79.26915966842708,12.956669826608318],[79.26363882121856,12.947140107955033],[79.26876783407994,12.946532207098572],[79.26785374976929,12.940141038317167],[79.2621555751237,12.946136032951447],[79.26084343742922,12.943730986321214],[79.25223633014575,12.951532294746873],[79.24164542111805,12.95531155913812],[79.22864651688585,12.957151731851804],[79.21673353120337,12.954950329413599],[79.21551875741096,12.946548729151216],[79.21000505270726,12.938514601267398],[79.1943831001848,12.93352916273446],[79.18813781290358,12.925960158273233],[79.1862469158244,12.917807174603574],[79.19133124917846,12.908070751194295],[79.1987896789115,12.904846490586705],[79.20582956828234,12.904853593663994],[79.21090365904554,12.895211699427174],[79.19963315474247,12.889149528050744],[79.19775469214343,12.893850391751739],[79.19467699391147,12.892870420669219],[79.19159270294358,12.883714321235022],[79.19402757933469,12.875243943259756],[79.18890255858645,12.865035260914055],[79.18400954392997,12.860715468577652],[79.1819222302139,12.834849943910099],[79.17789016990892,12.825043004636187],[79.17819784918191,12.82003061664646],[79.19083816930889,12.809917582123992],[79.19146779938986,12.804231690040401],[79.19571227263201,12.797600255597994],[79.19549454256668,12.792456915145678],[79.20868149742553,12.784729326774517],[79.21936786772353,12.792364221937097],[79.22363630981405,12.790798911175692],[79.2295880213722,12.795370653416468],[79.2381317300545,12.797645240817065],[79.24048194292499,12.801300721854307],[79.24020879039992,12.808595588570507],[79.24394423238797,12.80954767129798],[79.24982798639489,12.80685739600363],[79.25399827496423,12.811284111799148],[79.25034082920071,12.812525279797672],[79.25025207744727,12.823901203600341],[79.26175521396789,12.818713590990535],[79.25881939834679,12.813112448108038],[79.26010726266398,12.807133512272685],[79.26423461535602,12.805255132908556],[79.26229063503004,12.8023491552884],[79.26204767039009,12.794122267598647],[79.27459878241949,12.789734519331665],[79.27928796035481,12.786916036715063],[79.27784754503436,12.784379965209881],[79.28781020199675,12.779149878241997],[79.28362574430042,12.763379198958184],[79.28949133257565,12.752873036236295],[79.29470093958935,12.75129301811436],[79.29599153837827,12.747234757633034],[79.32302059122931,12.741583452426354],[79.32759759204353,12.739943763027993],[79.33024134739942,12.735221188417299],[79.34338681985507,12.731539851352188],[79.34514789420604,12.715232973231107],[79.34781380740674,12.712996145883011],[79.34578886731408,12.707676160565628],[79.33894427797425,12.701225530602086],[79.34512772972285,12.694889836594115],[79.35774098630527,12.696803101219198],[79.35751934856849,12.704305725574098],[79.35366082391177,12.711026197915634],[79.35564424566863,12.718949439191615],[79.36685950986993,12.714182005587096],[79.36545963731487,12.719501649575442],[79.37644907224028,12.721743775324827],[79.37993418609803,12.726191266660846],[79.37978223876264,12.733472473383236],[79.38718105809008,12.732224979815541],[79.3876183301226,12.728139192681887],[79.39052337575025,12.726195619857007],[79.39547287377682,12.72938176262319],[79.3923782809293,12.713924499264854],[79.38102994120013,12.711072859987077],[79.38007237932807,12.707768903183947],[79.38775565737673,12.696492176048048],[79.39277803123073,12.696166587395567],[79.39494656612321,12.689833203677734],[79.38830783112063,12.687845926351782],[79.38275621391867,12.682811078281944],[79.37001458179397,12.68058261319687],[79.36791111187748,12.677124940090353],[79.35627488904923,12.672301560606886],[79.3533662079396,12.668238043191709],[79.3605699473233,12.667068103920919],[79.36243525229837,12.651750891303072],[79.35837570713896,12.651908758315622],[79.35181753394936,12.646366922629102],[79.36933095937115,12.632226031884361],[79.38410897792188,12.62876871506517],[79.40518428542897,12.64578445113397],[79.40990765773557,12.656088961693941],[79.42679548741037,12.658097891279073],[79.43567595742466,12.666154887715072],[79.45097744674936,12.671181768673785],[79.45432146402203,12.679004498328576],[79.4538675003932,12.685183067596517],[79.45900985772812,12.686853908435955],[79.45499009895265,12.699098941930233],[79.46546359188446,12.700542102704555],[79.46671941688874,12.711520093016992],[79.46261920319976,12.716963098413219],[79.47099147918986,12.724069883422516],[79.47241091256019,12.728028651414618],[79.47495237316141,12.728113638879078],[79.47532651159581,12.731399322623451],[79.47004186381484,12.733868899594052],[79.46692428667244,12.732166001887455],[79.459365887923,12.737248473436383],[79.45556707158825,12.736056367239106],[79.45338587673848,12.740260284713669],[79.45856832139295,12.753587293408211],[79.46240964690523,12.757233477404956],[79.46752516796933,12.756653395917118],[79.46640432202304,12.764721395942543],[79.46916468139777,12.77079044038786],[79.46683486657243,12.771356131198962],[79.46567632282522,12.776956402615584],[79.4598023415903,12.783362574385993],[79.46229849476188,12.7985298246874],[79.47645566516186,12.799528446656765],[79.47714923642641,12.807130265939756],[79.45736055895131,12.81046777718975],[79.46078384895458,12.829431301335182],[79.45904907637681,12.834810244207304],[79.45709156023611,12.834937293569428],[79.45699762969507,12.844198142858849],[79.46020315819199,12.843162239205904],[79.46188638903203,12.849290328617982],[79.47288682562468,12.851311553720457],[79.47440507187964,12.85883171439385],[79.46961980744658,12.861210731413486],[79.47180475276267,12.865331917408962],[79.47416798761155,12.865444000296327],[79.47180516778432,12.866520519097953],[79.4725588596976,12.874266963570337],[79.47855157395857,12.872624113987804],[79.48990764728403,12.874319060037186],[79.48983769457452,12.872140642760563],[79.49867724003946,12.868549602827667],[79.50063298290578,12.87200630241259],[79.5086235368839,12.857181221397825],[79.53917559273471,12.862933621673733],[79.55962175704771,12.853552731630208],[79.56438413240734,12.855795768122112],[79.56713781909613,12.859448261379429],[79.56640459439828,12.862467218119614],[79.56401210411556,12.869092371951275],[79.5584001353979,12.872946211314229],[79.55701003741147,12.884900230567759],[79.56413660432577,12.885977887401875],[79.56525927385206,12.891333915767571],[79.56825782421932,12.893797888660158],[79.56627162756655,12.895898990596999],[79.56959307556605,12.897011681388854],[79.56827476914053,12.899569444709785],[79.589844973809,12.90285502300367],[79.59624841129258,12.906941754794621],[79.6197821310512,12.913492797581808],[79.63539683955923,12.923702821990686],[79.64051124940733,12.922911791823726],[79.66308009860073,12.930435126200644],[79.65888470211921,12.950584079888271],[79.6752905245586,12.95643025859075],[79.69651957243836,12.970766563629716],[79.70103290156356,12.976301931417359],[79.73409904994217,12.98679000029084],[79.74528398971441,12.99583800835861],[79.74873827878149,13.003745508004178],[79.76882785055426,13.01711490129372],[79.78988965278936,13.024571495670275]]]},"properties":{"name":"Ranipet","sourceVintage":"201920"},"id":684},{"type":"Feature","geometry":{"type":"Polygon","coordinates":[[[78.62682174996868,11.86922280380113],[78.60846223731338,11.850522734727027],[78.60161732188509,11.836555240615596],[78.60310434629403,11.832980154012041],[78.59583747780374,11.822759578604671],[78.57430052427551,11.819424822733993],[78.55534437755796,11.809792720820019],[78.53939719358011,11.80659687796374],[78.5218856159929,11.815332257371978],[78.51195833199145,11.811495305244026],[78.490828130234,11.817707635364531],[78.47790640565772,11.8176373056877],[78.46882469056189,11.823735893186928],[78.45963983629497,11.827142130109609],[78.45538151462445,11.826352224579823],[78.44067395094146,11.839653475264756],[78.43507878161789,11.854665464657462],[78.43307025644042,11.862232346614071],[78.44148321623143,11.868346226152424],[78.43529363527766,11.873866332018594],[78.42777193719915,11.874238311589389],[78.41978758878302,11.8799843952079],[78.41437682562099,11.880143285192036],[78.4031462855683,11.873545168910974],[78.40041040977665,11.86326688197191],[78.39490346309881,11.859741613318082],[78.39316388812755,11.852455499628311],[78.38734517484217,11.846317531404905],[78.38056765461975,11.825715396701035],[78.35124230308665,11.792853319439761],[78.34501652541681,11.793485406599851],[78.32828345210928,11.775981266642454],[78.31287216440236,11.782685625287533],[78.32716019059315,11.795480328141357],[78.34558598634001,11.824198878772615],[78.35077894487657,11.833917491353862],[78.35070962817431,11.83757867474762],[78.34707055475496,11.840439439598375],[78.35142037073553,11.842763227405166],[78.35152560657443,11.845448135217177],[78.34800568299943,11.848485116213068],[78.35139217531369,11.848657316799832],[78.35379087744661,11.860744014263556],[78.36029746398268,11.867420590206805],[78.3675567812347,11.880565179595065],[78.36809336202188,11.887449102944505],[78.36574790573081,11.89183785456522],[78.35468264491062,11.891665233824588],[78.35313114571882,11.894160166229957],[78.35848647204801,11.901686413579176],[78.35894004131642,11.911702672619782],[78.35705345255731,11.913591868102907],[78.35426295739977,11.912285333560964],[78.3400092217,11.897218519327701],[78.33627270981842,11.900476840561785],[78.31935301240894,11.890556764764675],[78.30914847507314,11.881188953682363],[78.30772990588213,11.883010122022583],[78.32639136296568,11.899584630119884],[78.32270475788803,11.90521131856557],[78.3315047145984,11.92224420792725],[78.32438853490375,11.930084994079703],[78.31712650833285,11.931724200792278],[78.3099035764431,11.924137966414891],[78.30230750774054,11.92274824740737],[78.29911898794523,11.917630765028603],[78.29157879535165,11.91454130575779],[78.29265075408188,11.90677182327185],[78.28007294412224,11.899567213396953],[78.26902077355236,11.900250057273107],[78.27998916813716,11.914939623160567],[78.28022467586194,11.923586448667455],[78.29156074640098,11.92748191965452],[78.29366221666761,11.929719968417228],[78.290755874771,11.932096593380935],[78.28453730608132,11.929161026396363],[78.28058401006041,11.93241856358321],[78.27502569322309,11.931440160792016],[78.26426737865063,11.918246627034595],[78.26190178662246,11.911967454811853],[78.25794970063228,11.912363511764061],[78.26264316173487,11.927444065419408],[78.27275556156692,11.937920908618663],[78.25700069700994,11.940219580678775],[78.2548491923786,11.937316774351359],[78.25684204375095,11.935735684041083],[78.25588848656847,11.933177005360584],[78.25264291926102,11.933772156826562],[78.24839166463678,11.928143217849389],[78.24197405443296,11.92666329438379],[78.23579247657003,11.917964712291582],[78.23438834420394,11.91895056266827],[78.25007951191908,11.938173349395049],[78.25327740743103,11.95106129558708],[78.2479126290284,11.956560368807953],[78.24502538711137,11.968186804424729],[78.23798486173331,11.972542272778638],[78.23486558408008,11.979260095723124],[78.22704249313895,11.978910344097095],[78.2219041890026,11.975901776331394],[78.21526141786943,11.976812338903567],[78.21144566110505,11.97434103439034],[78.20702046659069,11.975933266816611],[78.19065792857494,11.973622980275872],[78.18284826744727,11.970428842972298],[78.17905664482132,11.972843206248985],[78.16847864188931,11.9674208126094],[78.14948214105259,11.968349277431544],[78.14706259081856,11.966532313025835],[78.14485915997054,11.96825007279592],[78.13518632556998,11.963233245283554],[78.12904397444052,11.964498801809787],[78.12207088559087,11.959314197397797],[78.11805396459339,11.960362738703264],[78.1071929537193,11.955814900744096],[78.10059629221139,11.95576002140083],[78.09570767480824,11.95325986733317],[78.09499665826087,11.949105939392899],[78.09052543856293,11.950072587963623],[78.09023204429954,11.94754140522062],[78.08056516572931,11.944348671961436],[78.0792669618032,11.940126795614148],[78.07690270556985,11.941373881634673],[78.07372239457959,11.937599053934019],[78.05238659630137,11.938493333130511],[78.03904338039717,11.936337756436728],[78.03430234002555,11.934537247194323],[78.02991155457983,11.928926336604029],[78.02686234641709,11.920450308823355],[78.0112974414067,11.921307407373915],[78.00635713134888,11.914430373631292],[78.00097794037582,11.914179342591138],[77.99843090303331,11.90975022065457],[77.98704206455616,11.906003115816954],[77.98420890660915,11.90244696643888],[77.97996826378339,11.902963748606643],[77.97883256958376,11.897241851995554],[77.97034589044725,11.895558696902688],[77.96099854172527,11.900922211593288],[77.95067136189533,11.899211810567802],[77.94850867503533,11.894941006083606],[77.94475969543592,11.897766774083392],[77.94161994966896,11.895878184116658],[77.9329328941218,11.901344461421598],[77.93044039260187,11.89918888417258],[77.9208804512797,11.900880835870689],[77.91715330972484,11.898286842994596],[77.91094845202132,11.901085482624326],[77.90508279996574,11.900285963899911],[77.8920302222936,11.908874693827569],[77.886944653756,11.907907552086716],[77.88322242508744,11.912197092885576],[77.87307895432639,11.911125673655558],[77.86708896555398,11.91574487791861],[77.8612094857312,11.912847179290267],[77.85877269503025,11.908431015563078],[77.85005257609076,11.904900057394403],[77.85137499320703,11.899082976367152],[77.84774071589301,11.894295919834196],[77.83463633866666,11.901562187413896],[77.80741753916976,11.909077518588676],[77.7736265644429,11.911561638933104],[77.7626667730236,11.909907439895505],[77.75787110699784,11.918705757887928],[77.75143821555272,11.923570806292],[77.75062825227174,11.928076864769228],[77.74547869583813,11.92732137157063],[77.74068362988702,11.93132338468212],[77.73900677798383,11.939197807703948],[77.73674883107614,11.94055464882221],[77.70881241241452,11.941395421995578],[77.70116546223595,11.943571504640781],[77.69132793879602,11.941838038285162],[77.6771409506168,11.951865996609701],[77.66907022918609,11.949073509807668],[77.65738317518746,11.949834038804891],[77.65353221973533,11.954670612370538],[77.63943927169163,11.948045032938829],[77.62400193104486,11.947308237705673],[77.6069538769577,11.942018808561295],[77.60345201041822,11.937656730062857],[77.59357812587054,11.940222838684441],[77.58596353300852,11.9368723797126],[77.57531437272623,11.93648163891598],[77.56106958963659,11.941915728106137],[77.54252159157005,11.938163291423853],[77.53798391001581,11.932385394599446],[77.50491722174975,11.941131703843025],[77.50041017903489,11.939977001964902],[77.49480070404043,11.94384701042679],[77.49286716842629,11.941262376029409],[77.49188608057524,11.92118536907687],[77.48860555802348,11.912336667152639],[77.49059135941748,11.908489535562016],[77.48307019942985,11.8995744573263],[77.4862003520879,11.887410294636457],[77.48064014789016,11.893410212402665],[77.4772154708881,11.890455355164262],[77.47352387207579,11.899179957803568],[77.4616279606719,11.899983508281512],[77.46397604273855,11.894025613311458],[77.46314256695334,11.884371327090449],[77.4604753341275,11.881203585807853],[77.46585640617275,11.874196235568636],[77.46284325997875,11.864804718933485],[77.45993809218025,11.863449552433314],[77.46305265816981,11.858847367841934],[77.46140838007713,11.853690633790974],[77.46624384955477,11.850019130314971],[77.4663987325845,11.846312717879345],[77.46036063992696,11.831837122230525],[77.4566155006254,11.828027791574986],[77.44980338897633,11.796010253200526],[77.44662275998246,11.790306835216846],[77.44050237894996,11.788834613832169],[77.44166640960692,11.782687263585512],[77.43380662338473,11.778136786838187],[77.42804734713012,11.767009453971216],[77.4289364852253,11.762633927303284],[77.42542209796736,11.759099897871318],[77.42660460337648,11.75325079572002],[77.42065975225215,11.74887516379934],[77.41539356485028,11.740143099915382],[77.41942536015227,11.728830119782858],[77.42323136031432,11.72800234177786],[77.42677543240077,11.733116609569551],[77.43505392068198,11.73150239456289],[77.43438395175319,11.715263889102987],[77.43849591899934,11.714261957865174],[77.43944598802359,11.718641806755064],[77.44318323382878,11.716587127022816],[77.4430961143142,11.713089364792852],[77.43905041219331,11.710506793791922],[77.44160258161102,11.706936892794198],[77.4371183507145,11.706766830596061],[77.43561569202636,11.7027656758502],[77.44197888498522,11.681605485403466],[77.43969898235372,11.673736544199993],[77.45402601698738,11.666075276396487],[77.45085207056094,11.657354481127756],[77.43762210526458,11.645047997273284],[77.43983767055546,11.639949349834136],[77.43848878457935,11.635862297905891],[77.44501789816783,11.618387552317822],[77.4586244048919,11.606637317418429],[77.44970708688292,11.595425335838794],[77.4518400961009,11.580607554359537],[77.4506278555576,11.572487098401965],[77.44470634176604,11.561374350766538],[77.48559474116101,11.549819138983665],[77.49622667175616,11.551767331772153],[77.49721523359035,11.55607973640951],[77.49328704099007,11.558784835358534],[77.5039679414463,11.564507450046595],[77.5163127526757,11.57933588915725],[77.51225054041822,11.59135246067927],[77.52023406507922,11.5869898521555],[77.52874341589686,11.586303838115931],[77.53548636804882,11.601759271180338],[77.53727951944197,11.619234998816012],[77.56009740139507,11.649865965901965],[77.56430451011127,11.660871757705943],[77.57672657106525,11.652472964070286],[77.57179130864101,11.664975051724612],[77.58180708657939,11.67594843003222],[77.5783946509197,11.685287686360292],[77.58901814094445,11.684987995230301],[77.58869125389403,11.679457963397038],[77.59224743796545,11.679460094949087],[77.59264416543596,11.673499955413874],[77.59846598240065,11.671842410998025],[77.60631949658551,11.659304471919707],[77.60625926095248,11.654217211941308],[77.61066006980013,11.652248129794833],[77.61912367840348,11.656892083611897],[77.6227511366062,11.664873847403358],[77.61611842570589,11.671547465610823],[77.61839063696199,11.67618322912508],[77.62534081787358,11.67296355760604],[77.62501331996877,11.663681598847315],[77.63433505502707,11.663961454945676],[77.636313129113,11.670279414345002],[77.63393470285438,11.671313464917466],[77.63480709455602,11.674725886268755],[77.6374286255918,11.674790141820038],[77.65008129755394,11.70259069828327],[77.64918732921747,11.70478593790816],[77.65083501641666,11.704302264573968],[77.65618784812432,11.711770769435335],[77.65866230159187,11.717793465837598],[77.6632940610109,11.720685752580986],[77.6708045337416,11.720704218587672],[77.67546620616123,11.725286037881915],[77.67168679972485,11.728641661879692],[77.67270592044841,11.732844031285545],[77.67542342389584,11.731835069396153],[77.68626453439141,11.74247610915557],[77.7057191912944,11.77619588883351],[77.70983192121025,11.79759643013571],[77.71445637642768,11.797138607053373],[77.72218178007324,11.795084186867987],[77.72153827641104,11.791423166182922],[77.71524356292463,11.775564329977353],[77.70791460108528,11.76609699418599],[77.70665941118992,11.755488821608317],[77.69730184233494,11.73568966623674],[77.69842852194068,11.729141197652131],[77.69643641886493,11.722610822295541],[77.69096149892363,11.718508804571826],[77.69513400004352,11.706775576750022],[77.69439305881737,11.703625892280538],[77.69176784199401,11.703114381561916],[77.68989460489496,11.694751368250682],[77.6963089407396,11.695901273377324],[77.69822132731701,11.693472071005118],[77.69468983972938,11.674370313690197],[77.68963235881577,11.66368934782712],[77.68945495412355,11.652430820689545],[77.69548817162405,11.639645853704955],[77.70009739141426,11.637114743765196],[77.70002729677094,11.634966722803334],[77.70547019806058,11.634429023182982],[77.71629495742135,11.642189715804497],[77.71817057864914,11.646160585830813],[77.71496219710292,11.649286682638394],[77.72181462424359,11.652439518409574],[77.72421664744812,11.649747195062393],[77.73421298764036,11.657868919772985],[77.74562210558503,11.654610150596069],[77.74891254463925,11.664189633399856],[77.7705504400593,11.697062874966084],[77.77651772660784,11.695704635010497],[77.76763259074393,11.677187186983902],[77.76126151057687,11.648220099810917],[77.7510197704119,11.633787633593567],[77.74922287304402,11.622961312900037],[77.7358974931898,11.601322669836394],[77.73652504187423,11.593955060953238],[77.7461990027622,11.570648198291005],[77.74476236126428,11.565744109006511],[77.73184490997383,11.551828180564346],[77.72406383683177,11.536660247082732],[77.72443882237745,11.531832306236362],[77.73262332711695,11.517127994080631],[77.73244330383574,11.511661320766521],[77.72098100382962,11.503415970913146],[77.71866486765107,11.498336680646025],[77.70252413266212,11.482511635060899],[77.697604706638,11.473273694236223],[77.69658993106553,11.464428057935917],[77.70625345981804,11.460949809680432],[77.70917370314369,11.465568595132916],[77.71195019805752,11.463805008857635],[77.70845205683153,11.45739642633091],[77.70867896139085,11.449169762415975],[77.7208230898841,11.453125948201825],[77.73199632909979,11.444687817782473],[77.74379596985129,11.446215868563081],[77.75394981705222,11.451747807176192],[77.76103896733827,11.450986956314049],[77.76551401655426,11.477711637211414],[77.76765734292326,11.481161295058158],[77.77404971855245,11.482533402247105],[77.7787392091015,11.478738192329281],[77.78489417437412,11.477836245577615],[77.78856818237657,11.467784756606774],[77.79145583841692,11.465588904821544],[77.78697066069608,11.462369076819648],[77.7842939209996,11.450810283045204],[77.7961813055948,11.447265774837533],[77.79907596579942,11.451786688805058],[77.80408073896207,11.448443240984803],[77.80578246791042,11.459065915757764],[77.81457621816048,11.45833579333665],[77.81582052406783,11.467398964191439],[77.81171487736803,11.466444222319764],[77.8082178024423,11.468775717135404],[77.81628736324967,11.469998074687417],[77.81719070191286,11.467227501606946],[77.82285845870459,11.47125612863853],[77.82976922513481,11.469865175887447],[77.82997651857313,11.463980106024184],[77.83425223791578,11.462520759803702],[77.83445020055328,11.457033441860808],[77.82114473455225,11.448971587656118],[77.8200181887955,11.446132711016624],[77.83275324435401,11.439165117295428],[77.83914031543145,11.441254395954285],[77.8470589844239,11.434402957397584],[77.84989520203278,11.434638336689797],[77.8466380123222,11.43024895075815],[77.8471980984271,11.42121327773774],[77.85203633471583,11.422330302123743],[77.85067602576257,11.417868771646859],[77.85248154066898,11.41510715328348],[77.85745710421183,11.415993565587083],[77.86458120794559,11.423678257715896],[77.86500767504187,11.417097000027937],[77.87421237578832,11.416193327258453],[77.87667284158861,11.413580803283065],[77.88014563056065,11.42347989341751],[77.88998738416724,11.42446969009444],[77.88996896780561,11.419759763804752],[77.89585195105796,11.421481653367664],[77.89926527425314,11.419727661393106],[77.90299518531403,11.424975292880186],[77.90776040923141,11.425702668739042],[77.90808545204057,11.42285045758462],[77.91093982460133,11.422226457588106],[77.90851205837573,11.427998882831039],[77.91213711268674,11.435271336953539],[77.91001630977686,11.4421195557826],[77.91333401090331,11.444451570791953],[77.91358213097467,11.451005709562391],[77.91130484423725,11.451656849746717],[77.91539252193645,11.454829633796647],[77.91570003322448,11.458680696029797],[77.91881067177964,11.45215323518921],[77.92413055058773,11.451510697974166],[77.92529547686503,11.458602573694426],[77.92326129041317,11.46096686661146],[77.92556642043283,11.461893227923515],[77.92833811474979,11.458113911103087],[77.94114161833973,11.459797653600182],[77.9468025048162,11.466730290424877],[77.94854097036811,11.473989229176263],[77.95479964524196,11.46910603859313],[77.97194261442374,11.46824692327099],[77.97424073758417,11.475320186317903],[77.9734025618134,11.490996101804026],[77.97699139695048,11.501360682826343],[77.9721386178356,11.508556525935198],[77.97386345684295,11.513478407904467],[77.9718108459446,11.515517618941645],[77.97454783744384,11.517943971953533],[77.97773753582884,11.530621793253246],[77.99409436505097,11.526100415606484],[78.0017109036639,11.525241232917205],[78.00174213000147,11.527216505682603],[78.00410360774566,11.52496655331526],[78.01224315899172,11.526538531126546],[78.01661427223105,11.530282889946085],[78.02489342257063,11.526823633369682],[78.02675318943196,11.530006461940333],[78.03466023781787,11.528626095818122],[78.03562956941681,11.522189813564857],[78.0463233472226,11.519793031199324],[78.04365733610555,11.515082263382817],[78.05400222622134,11.51339469098392],[78.05509063310443,11.522213726280889],[78.05879424059543,11.521604407777989],[78.05874991322774,11.515665105429896],[78.06297387793194,11.523024726771789],[78.0676491041326,11.522759157818909],[78.07087925365482,11.527967003061484],[78.07025708857388,11.522719050161275],[78.07889656305537,11.523972817971645],[78.07864347260552,11.528872611893595],[78.07506767202322,11.532234766390705],[78.07755572328922,11.536954314979438],[78.07667936732224,11.5414515759642],[78.08312640274153,11.55405479175561],[78.08669287791285,11.55288463906605],[78.08679948368257,11.54590569357698],[78.09034280477744,11.545417987804983],[78.09688816529615,11.547737665770311],[78.09775839026133,11.553686237579472],[78.1051380458288,11.557479287438278],[78.11013475840838,11.555902300018744],[78.1099564733672,11.550008042849642],[78.11662162063577,11.545031887240768],[78.11916596303244,11.539101694416612],[78.12593139642271,11.541908797593633],[78.1322110146191,11.538130067710402],[78.13294439742043,11.541601529102245],[78.13874747103672,11.544028698004574],[78.1410805215937,11.540548211613917],[78.14827215078905,11.537478715420214],[78.16058852944143,11.538811233024294],[78.16122158300193,11.543087137439757],[78.16385713943421,11.542919587438485],[78.16681442658722,11.548714067344171],[78.17684796062554,11.545946341847323],[78.17676122918314,11.548387251585083],[78.18327534090639,11.550763709848173],[78.20146929674975,11.553087747683344],[78.20375458028984,11.563189584752225],[78.2073626402723,11.56450403005902],[78.23959986373092,11.557465129249469],[78.24360432599373,11.552708462739067],[78.26622528016858,11.55984208524046],[78.2771009299885,11.565803644331181],[78.26432909201232,11.566996558904622],[78.26513850372773,11.571779126581298],[78.27192957683282,11.578674912680423],[78.28354104209188,11.580536828219683],[78.3032468787281,11.588760360110593],[78.31186597043578,11.587677750364378],[78.31926276496056,11.57849013527721],[78.31777862144875,11.573341442133241],[78.31032425389739,11.574917199590908],[78.3073730375591,11.570965907632743],[78.30726928573706,11.564610649868161],[78.317441630148,11.563546353567526],[78.3294849371237,11.558490813236334],[78.3239987334441,11.554430732217202],[78.32324942980097,11.542606035798052],[78.31049740506673,11.542901502178685],[78.3100669692135,11.541188282028177],[78.3263446667406,11.536436723413166],[78.32848161596935,11.531284220956527],[78.33835337240815,11.539137270437518],[78.34274001033218,11.538713008051225],[78.34521940004223,11.541606190382275],[78.34350900504631,11.546505744322609],[78.3492292827395,11.549105497291828],[78.34916471363353,11.552513635746363],[78.35649378686395,11.558883172113584],[78.36135192622615,11.571160103988909],[78.36570193893775,11.57794050085201],[78.37114347478813,11.578957772374412],[78.37449436057948,11.588535920577153],[78.37300458373254,11.58295358522747],[78.37583327525594,11.577339721897102],[78.38287016784696,11.575197268060567],[78.38585467934298,11.586474838197967],[78.39172731939315,11.58536276026563],[78.41814338974207,11.58991238000812],[78.43905039428743,11.598112938794014],[78.45162121086256,11.597061527915335],[78.44881250775249,11.565480432174834],[78.45362602060798,11.566270295827325],[78.46063376466469,11.561346113989945],[78.45432583965537,11.542345328822414],[78.46653545712948,11.537528140145128],[78.45982869810031,11.534352391569106],[78.46162861201094,11.529235165844067],[78.47024563939009,11.529277878813248],[78.47340528463722,11.520046881083504],[78.46504553475545,11.505490164394462],[78.46526762614145,11.497042336916824],[78.46181148474825,11.494909823146667],[78.45773460390046,11.502373288385323],[78.45253633542227,11.498085358727238],[78.44575775788277,11.496902633886315],[78.44631274694677,11.498742238925669],[78.44231629765628,11.49871143070008],[78.43994156976166,11.495077738035878],[78.4366464477899,11.495141654613033],[78.43688392013019,11.498116521777034],[78.43421360967618,11.498948024898818],[78.43292052614719,11.495390952717331],[78.4360305233052,11.485862028582293],[78.43324360883238,11.482485943334964],[78.4328071039611,11.476243802259782],[78.42698222284298,11.474197149606082],[78.4259139507987,11.47090667568797],[78.4317423101936,11.466742742592666],[78.43318509616803,11.462841575002697],[78.43769918257304,11.464784442299509],[78.44361675186218,11.451100855425167],[78.44540132434435,11.439660036656317],[78.45799718325465,11.438816344027217],[78.45257950037,11.431938053955978],[78.44855176814804,11.43094911718839],[78.44306699278972,11.408729348771207],[78.44487550717088,11.40312397264348],[78.43519357642973,11.396476786718267],[78.42702314559574,11.384942781583748],[78.43784947341499,11.389926661821628],[78.43911951336034,11.39490301358606],[78.44739465631538,11.400158292221189],[78.45664487020571,11.40125892276754],[78.47121601033979,11.40803509509966],[78.47405992740897,11.4042825003627],[78.48066279537721,11.407046652648066],[78.48296049632944,11.41360005916006],[78.48981022493105,11.414140074675288],[78.48622032978193,11.407419937784551],[78.4962820385808,11.408885194735767],[78.5098034874239,11.396793151273357],[78.50621761762557,11.383294532835222],[78.5034683290884,11.380497484439111],[78.51531075480025,11.384478037951155],[78.52341429078996,11.37394019023695],[78.52348424529609,11.370667636329971],[78.53525826609568,11.36789185768205],[78.5424177571634,11.3694580944239],[78.55343789740353,11.358653583285063],[78.55495144097799,11.351629676998389],[78.55209924323849,11.346046536169888],[78.55561726957163,11.328278756570901],[78.55219665025972,11.325190586987214],[78.55292174340757,11.320051364613146],[78.56126312094517,11.316360513289064],[78.57419291598596,11.315513539602732],[78.5796334493165,11.318863992291908],[78.57930264022153,11.324527690663373],[78.5836508931335,11.329787076362999],[78.58944524859994,11.32623291129102],[78.5931315590302,11.326870544432756],[78.6045246043178,11.338769610274323],[78.62187087931633,11.336456403597161],[78.64206617201829,11.342757508892559],[78.64314280558123,11.348281095025945],[78.64986293244016,11.354328726779105],[78.65563559089756,11.36617110460813],[78.66318572963792,11.373786845608642],[78.65881598632944,11.379636338395372],[78.6566875728925,11.400632557589894],[78.65078253689819,11.407476472987485],[78.65133333082981,11.422419984289284],[78.67575059756928,11.42818504456924],[78.68835223174855,11.435496454382402],[78.68855077559601,11.443153497810636],[78.69814772930455,11.451680948053736],[78.69967000540186,11.455739663192249],[78.70319412860079,11.45698637837142],[78.7413485476494,11.449647511581958],[78.74323394703904,11.44329152639078],[78.75604169157542,11.437122607388588],[78.76030675330556,11.42828758377525],[78.76237765659802,11.428550603647148],[78.76530369944712,11.421721885398602],[78.77254994172014,11.415355827213986],[78.77129108130855,11.412516717687103],[78.7732353059763,11.408286608009444],[78.78102135758165,11.402720594063375],[78.78140309396669,11.398539606129821],[78.78918165811416,11.386500535615555],[78.7928913831323,11.389914385925827],[78.79883952837874,11.384234321427902],[78.8014274103206,11.40221161068714],[78.80601822273232,11.40154385734468],[78.80611346481369,11.40519162659372],[78.80979207578362,11.406566674268712],[78.81210466900667,11.41099696058602],[78.8127493090377,11.41662919539223],[78.82278564941295,11.427077404816657],[78.81889451860634,11.432148170436431],[78.81933733773576,11.439556744362541],[78.78951718695762,11.453769123577366],[78.79044628840485,11.457204701092326],[78.79623267491642,11.46094006977968],[78.79843523799188,11.481882371092537],[78.80973629040447,11.481939630906536],[78.80869381528021,11.490414567885933],[78.81197768764966,11.498754964329263],[78.81026589757012,11.507920977006862],[78.82209012341433,11.509627728585713],[78.8338557099317,11.506628564615944],[78.83522474601797,11.51465196498336],[78.84304725574916,11.523019816084073],[78.8344657288917,11.53116826996975],[78.83472092858582,11.539996049745165],[78.82921060514083,11.543882377637653],[78.81798084931741,11.541913879580287],[78.8146615635628,11.544720104404933],[78.81617024455659,11.561711448409373],[78.82595533513002,11.570997751679956],[78.82932796643945,11.578153668588564],[78.82425750307338,11.579192319737095],[78.82165677522296,11.585782060880376],[78.81731069803061,11.585912204976555],[78.81762589171097,11.590866276400373],[78.79561866204669,11.595855221595453],[78.79434300942745,11.599493492157361],[78.78619597880832,11.599748551939909],[78.78312272544035,11.60409582239708],[78.77534171428205,11.605973402282963],[78.77674188597605,11.613355178294592],[78.78643429376838,11.61348510891273],[78.78984039540698,11.628881544023566],[78.78634496709313,11.63342306481422],[78.78625057032647,11.641301489235179],[78.78107523044758,11.63710059401348],[78.77357849744911,11.636605186838873],[78.79752168458559,11.655384978685076],[78.7970437970241,11.658634754435795],[78.80648946006573,11.661344896787833],[78.80450252409949,11.666180821886266],[78.80460646905934,11.68824770770077],[78.7913509170488,11.693414756877932],[78.78064770423757,11.703341697393917],[78.75380802972316,11.693965453716368],[78.73775877556947,11.692959558921602],[78.72495517316487,11.689015993729308],[78.71794968657446,11.683196873997842],[78.71251993212901,11.685764461797142],[78.70959497085153,11.690162344131158],[78.70497017157936,11.689192745406649],[78.7004282212309,11.69161932342338],[78.69316693217684,11.689346749206162],[78.68241745972175,11.68210596914131],[78.67786978440994,11.671836014406711],[78.6781271068231,11.667628429419075],[78.68241770136852,11.668756292355319],[78.6829634557514,11.667191523203229],[78.67849617157272,11.66498578218163],[78.68009971016896,11.64357139339801],[78.65906723613126,11.64794155989252],[78.66002065856648,11.661626270210515],[78.6500221022304,11.66253093980745],[78.64587407571042,11.660440206610076],[78.65016370366864,11.67214736134646],[78.65267045606222,11.715267538572734],[78.6379109868238,11.721241234572808],[78.63906878496934,11.740998300110254],[78.64336536768445,11.756068803307626],[78.64317319738393,11.768336177593488],[78.66224899610408,11.779874417288726],[78.66222275182304,11.790885160613321],[78.66528803174454,11.796652300433017],[78.67915825059836,11.802006528953516],[78.68517746426191,11.80102914241164],[78.69224817393182,11.803884406574115],[78.69010821714342,11.81624252763297],[78.69363502720341,11.830009675781714],[78.6952046391263,11.851230722618503],[78.67760764343363,11.858330528329228],[78.6585771835842,11.856796186413916],[78.65845378381026,11.861261902407659],[78.65529224760942,11.865203651561615],[78.63555020257905,11.864992131231347],[78.62772120880817,11.866994511079664],[78.62682174996868,11.86922280380113]],[[77.5321323992394,11.848475738924174],[77.53909000742178,11.845381885061684],[77.54474141757034,11.83712568911018],[77.54246947041895,11.824722134560881],[77.54742648914109,11.819638640698233],[77.5461570097445,11.814715972078316],[77.54954499236382,11.808402569294232],[77.54188975343014,11.801534374933201],[77.57347804830052,11.801158338561715],[77.57191802140171,11.785497916048524],[77.59338286985704,11.785649104829174],[77.6060353441898,11.791553662151932],[77.61174277597442,11.788688380284402],[77.61708304564115,11.785673905032898],[77.61706981166037,11.77675592415853],[77.62090505917146,11.775666744265042],[77.63541980037704,11.753875924042173],[77.63380747176573,11.742158624096497],[77.6359836980337,11.741483633024698],[77.6315499147269,11.72922735386806],[77.62701807042538,11.726983659704635],[77.62076964443061,11.737242531362083],[77.61407025697663,11.76546929486985],[77.59616488132504,11.771533450844249],[77.5929446051861,11.770534088024858],[77.59068253770621,11.773340699880377],[77.58517552724801,11.757998927413922],[77.59512156717426,11.752106293763957],[77.59502711022046,11.747096337874623],[77.57790871624991,11.725226010718176],[77.583227102058,11.722355383680764],[77.57160170662387,11.71144134171561],[77.56763041914446,11.716121109429325],[77.56781033732283,11.725459248975326],[77.56328291363081,11.73114437065065],[77.56013252821764,11.762314847289407],[77.55705789144412,11.766499605958264],[77.53992864582494,11.75237410642546],[77.54745013459599,11.748451420973842],[77.54768366962041,11.744409261672361],[77.53882429115063,11.739279901299524],[77.52849958258604,11.747557983930077],[77.52843011227186,11.75133735474454],[77.50727721996861,11.752217073645305],[77.4964652984316,11.740601220182223],[77.48251584906801,11.719661647237881],[77.47640551928521,11.713846299999307],[77.47197682942607,11.718100859211583],[77.46944929720331,11.707059614172802],[77.47167342074391,11.693996440090347],[77.457353896026,11.677995946204812],[77.45339757358093,11.69370152004312],[77.44997306007227,11.696927195270927],[77.46463805708552,11.742191394001281],[77.46688679176994,11.743606009002907],[77.48043277090851,11.739183631035568],[77.495152453763,11.750320741253],[77.49958661795547,11.75074314789749],[77.50835076063207,11.762188660824425],[77.530749353028,11.77840170907176],[77.53304363589056,11.791324750941197],[77.53258769956139,11.794900420808888],[77.5298531433949,11.79519320568584],[77.52722713874903,11.79994276979328],[77.52659882739489,11.811260667121445],[77.53203452329765,11.81474751991878],[77.53527915276393,11.82573678706983],[77.53383892429308,11.83718091858486],[77.528267421984,11.839732678362617],[77.52501677739856,11.844613066806785],[77.5321323992394,11.848475738924174]],[[77.55709376835995,11.820414288082352],[77.55208917575868,11.816195755239269],[77.54860109207063,11.819544058646533],[77.55560673317123,11.82208178904484],[77.55709376835995,11.820414288082352]],[[77.55831753339004,11.662681490366602],[77.55640108822416,11.661022727937603],[77.55233373670488,11.663808927367477],[77.55530130597464,11.669425697739097],[77.56030637827624,11.666238461877349],[77.55831753339004,11.662681490366602]],[[77.54898234965363,11.64100093587974],[77.5458297013842,11.63636433873228],[77.54069484677855,11.639756923204954],[77.5438374303235,11.644400276298278],[77.54898234965363,11.64100093587974]]]},"properties":{"name":"Salem","sourceVintage":"2011_c"},"id":685},{"type":"Feature","geometry":{"type":"Polygon","coordinates":[[[78.50556692384782,10.375896815441216],[78.50774129778968,10.388971187092775],[78.49202275032299,10.387961778397038],[78.48957160544212,10.390277006207963],[78.49035886110934,10.395827893677893],[78.4701509542642,10.401819019561918],[78.4628101113069,10.407937114589634],[78.44749961457488,10.408993790395435],[78.44022394528977,10.400596223420397],[78.43859537962969,10.38367200491353],[78.43984131508103,10.380480396132722],[78.44805951742349,10.378575721219951],[78.44893990413117,10.374904966419523],[78.43663303055281,10.362729218096405],[78.41480480368358,10.363143447030575],[78.41021625502641,10.361778689089078],[78.40868646631834,10.357841529113697],[78.40265071467043,10.35740345862048],[78.39975144880336,10.35436589758888],[78.39216357183784,10.354302904014482],[78.39382982002743,10.349090765562813],[78.4045491899374,10.345460384991124],[78.40425693294118,10.343602431384864],[78.39203479205368,10.317818412290142],[78.37867310768556,10.31008401837149],[78.38006997537593,10.305830284834213],[78.39063742220502,10.302236396755985],[78.39093398662305,10.296310098756399],[78.38634187524744,10.293647568368431],[78.38787106388084,10.291613445001799],[78.38574390718696,10.28930341602458],[78.38129805860761,10.293855530075477],[78.38429692877509,10.289741970274262],[78.38406412138606,10.27393847004178],[78.38643759792748,10.274019768715537],[78.3867022137624,10.270340105061907],[78.39123011176488,10.27317886438056],[78.39995710191796,10.27294348505009],[78.40622869726057,10.275668926219002],[78.40955126456089,10.271979943174138],[78.4175573225625,10.2748949399774],[78.42055568877512,10.271160679723673],[78.42422078818488,10.270681074252485],[78.42508186021564,10.258570606161783],[78.41060428860156,10.257107493042458],[78.40572024362324,10.250306910691199],[78.39509972881874,10.248318567562414],[78.39241133887133,10.241632880420322],[78.39766356375875,10.226145573596598],[78.39961229257932,10.224789258717264],[78.40074874765197,10.227194137080696],[78.40785405863,10.223229180602537],[78.40797672987023,10.216281159311976],[78.41253545086674,10.213089388819172],[78.40596324419579,10.202534532259905],[78.40380412903737,10.191563487810589],[78.39462244043355,10.174056069129787],[78.39877422999625,10.16567944214896],[78.41303254890059,10.160656160711522],[78.40169288240548,10.138569878837469],[78.41567169500077,10.135530970671818],[78.41702642092454,10.131873807669262],[78.42533910357703,10.133319383750448],[78.4241244815999,10.12518715709063],[78.42588517326855,10.12202700467191],[78.43147934995373,10.128603645085892],[78.43032581700919,10.133608012879705],[78.43267563282433,10.135099335585263],[78.43478286219026,10.131378626608772],[78.44129780036354,10.131029504334135],[78.45157415710796,10.118966818130062],[78.45811752606167,10.124503090359635],[78.46233287592233,10.124140439229553],[78.46429385866166,10.12090778035664],[78.47356898642808,10.121908853256151],[78.47066891477218,10.110287447770686],[78.45886072026255,10.103260971143031],[78.45636444042853,10.099184036141457],[78.45904119809134,10.094929703565484],[78.45873237256802,10.081029191805086],[78.46284186405724,10.078980443118946],[78.46186843344569,10.071607685572278],[78.45418665558354,10.070162883715058],[78.45289335825552,10.058925134407197],[78.43739901321578,10.061097882185717],[78.42773234125806,10.0530030928537],[78.42765379526456,10.044617499197775],[78.4306452390596,10.040996064871743],[78.43071303940566,10.0360325981331],[78.44348795321338,10.034344307767583],[78.44727235518104,10.02815506875954],[78.4444849412449,10.024408000595413],[78.44849399928873,10.025166741724238],[78.44912728641121,10.021844031901296],[78.45609533391547,10.018058885804166],[78.45529155194198,10.013253688421495],[78.45819114299921,10.008723492119124],[78.45648003743594,9.992149600984675],[78.4496256744258,9.991830039579991],[78.44767280976164,9.986234021402025],[78.45419731139945,9.980482573027382],[78.45655684069777,9.968502561425236],[78.38889481811461,9.952227597389406],[78.38766366533963,9.95502579766206],[78.38117957171993,9.956187642578941],[78.37840256925797,9.960522844757328],[78.37501908270661,9.95886822613944],[78.37203230386287,9.962344480172396],[78.36869501856489,9.947914745939562],[78.37034621907517,9.934642382136662],[78.3572191189637,9.9352790046473],[78.3521164581812,9.940468222852521],[78.3490711091809,9.936765594091407],[78.34530903394128,9.939979306430997],[78.34522731419989,9.937185540407098],[78.33882539037755,9.938685703391533],[78.33463098743272,9.935642643268634],[78.33393862799547,9.930909566952305],[78.32809340901932,9.9309358913969],[78.32750100961533,9.928349959862743],[78.31711043298083,9.926209836567052],[78.31349161836778,9.919749210727758],[78.31040946359367,9.899369852439792],[78.31124974771046,9.892982467047387],[78.31448256792399,9.890193929689245],[78.31499470824728,9.882590443011187],[78.31225503437861,9.882115177937811],[78.31333692398428,9.875036230253926],[78.31000927760934,9.874212754176495],[78.30960999083858,9.865252881959787],[78.29453582738309,9.861429430115784],[78.2873352851035,9.870183803208738],[78.27608916556885,9.869913695293993],[78.2760658300327,9.871455216418884],[78.26424580111751,9.869539072418895],[78.25027188164557,9.873665574400082],[78.25515805113959,9.863943781228047],[78.26699027468473,9.856217889415591],[78.26636861984687,9.848098727891003],[78.26095329503984,9.848096807271062],[78.25843774634299,9.834163444143963],[78.24671839341833,9.837469498303573],[78.23921807973517,9.845306078062402],[78.2396710516239,9.850694559421052],[78.24867725074374,9.860184692439374],[78.23943700366148,9.859857719158443],[78.22904951184167,9.864942028390288],[78.22516001237562,9.860992077206745],[78.20873426889646,9.87547108473134],[78.20249329263032,9.87508817036537],[78.20132532286084,9.87069884581798],[78.19791046803813,9.868701488601365],[78.1879320222863,9.87162351359737],[78.18680560678524,9.868793840738494],[78.18293557470975,9.87010993597322],[78.18102514286633,9.867786595688957],[78.16098605641254,9.87597554858764],[78.15486345025306,9.873055810146196],[78.15128496460638,9.874715003904349],[78.15068288944845,9.868083344591623],[78.15359067942929,9.859182263174011],[78.15084154001246,9.852220616260482],[78.13351040072811,9.852894720847736],[78.13176448993913,9.856389104440948],[78.1292254898235,9.851931767356245],[78.12500888232144,9.854644053366108],[78.12323123225686,9.849024932716343],[78.1323800200634,9.833216634578195],[78.1322478356643,9.819650257018578],[78.1278358176385,9.814135138342362],[78.13477747084313,9.811214908814778],[78.14231619738614,9.812263579039042],[78.15302316964687,9.821688485353441],[78.15173364793797,9.82770546842564],[78.16523019817633,9.828210756798287],[78.16906844067059,9.830927235717855],[78.173156372593,9.825217382247349],[78.18815983683899,9.815324153936018],[78.18618138905389,9.81354331278281],[78.19344544042744,9.806625698850088],[78.18771443864638,9.794877530262202],[78.18309717534112,9.792735493880617],[78.1754332532919,9.772100029220569],[78.17368834142951,9.776331600123786],[78.15993847975577,9.774569831012773],[78.16160715339662,9.781594777587296],[78.16846164037425,9.782529918267944],[78.17227329183778,9.796950197992304],[78.16306254992101,9.799333465591449],[78.15930281119948,9.804631872140744],[78.14088041108437,9.809176011439119],[78.13894315734326,9.800161985428307],[78.14056107437392,9.795333948826565],[78.145793211135,9.794180999865063],[78.14553777877718,9.789221961425868],[78.1443663163579,9.78348985839524],[78.14013229142083,9.781523486139648],[78.13841870111744,9.777052676596],[78.13391170242008,9.748093176823595],[78.14605140940552,9.742907766574488],[78.14742787276253,9.750027659183274],[78.16301295573084,9.757530460273367],[78.16358715167391,9.749827705084808],[78.1722133490555,9.748127086425825],[78.17488857958233,9.753466198418007],[78.17329072911843,9.76016368567829],[78.1744516192652,9.757014956590117],[78.18302353864065,9.756814857063766],[78.1964781689963,9.767585272752457],[78.20428841672383,9.763587526079686],[78.20817522483729,9.781470129086157],[78.2102262996165,9.782532055270027],[78.23782305538772,9.757367561340853],[78.25749405625554,9.751465462405001],[78.2698318803887,9.74277553819724],[78.27688679228599,9.740598853257675],[78.27620114506057,9.732764443387127],[78.28058037008691,9.732431276973553],[78.28013457483895,9.729899621933995],[78.27748357007872,9.726634916203066],[78.27194632502297,9.729124002261084],[78.27234036024258,9.722519554607269],[78.27702066282292,9.720550027422659],[78.27613348305505,9.716191867312729],[78.27837123493681,9.714827332388037],[78.27431069893564,9.702615882222528],[78.27785304266348,9.696084705930593],[78.27139303197825,9.69371837576306],[78.27124331156648,9.691806096429557],[78.27346863166302,9.686210258174615],[78.28330218095613,9.68157063502925],[78.28690760438325,9.67588019616799],[78.29165999137524,9.67464283602664],[78.29127665239574,9.676952752274785],[78.30229263792765,9.678971766568038],[78.30276911693076,9.687023088827706],[78.29583355340547,9.690958868745604],[78.29551401996395,9.693458680310473],[78.299912786941,9.703640217346395],[78.30217297784021,9.702763814268044],[78.30524791015947,9.705648672230154],[78.3125716051763,9.719994108321952],[78.31173724095726,9.722656653688741],[78.32151408679302,9.73191225227546],[78.32271060771716,9.742608219423527],[78.32482957357227,9.74266280184395],[78.32823186635409,9.725557442167423],[78.32101284303415,9.707170785380079],[78.32703874734992,9.693487941318507],[78.33530450560521,9.688977660414404],[78.3427776677089,9.680909214736602],[78.34224110039644,9.672261242898305],[78.3359816978872,9.668449474989401],[78.33925873317904,9.658111340637427],[78.34455725184633,9.65701336481506],[78.34973626763133,9.666014511217881],[78.35189164939145,9.661629715704471],[78.35101266585224,9.656521391434268],[78.35433645036979,9.657701135726294],[78.35606309588918,9.651547475165831],[78.36076976761635,9.650551043316892],[78.36354136581362,9.654099201952407],[78.37617894068907,9.657074331192728],[78.38973682340345,9.65285655616784],[78.39390507459375,9.645881181398734],[78.38967268459048,9.631442276420609],[78.39408211367162,9.628006479855834],[78.3940408297961,9.618748270644872],[78.3989831817246,9.615764474413425],[78.4000489690288,9.611903758039656],[78.40598432316393,9.612391674399001],[78.40900953642713,9.61956572705869],[78.41260347938491,9.617540149053939],[78.41301297101731,9.611812484441595],[78.4164518288244,9.608864723341922],[78.42338920514995,9.608154224704016],[78.42324404368824,9.613800548422383],[78.42617353067814,9.617190649633683],[78.42946126221008,9.608827085003231],[78.4326906831986,9.607461399919458],[78.43911363927668,9.609250600436003],[78.44016231187811,9.61527648497796],[78.44696312990742,9.614683018983618],[78.4486403034075,9.618927599919106],[78.45254819318401,9.616228033079953],[78.45574150728804,9.616878327625473],[78.46148100713162,9.636447009314656],[78.47230240679323,9.627122819205628],[78.47711815465716,9.613198004948408],[78.48051343429154,9.613689547266231],[78.48607117890204,9.609299215343986],[78.50299082420923,9.61092963793825],[78.4983963313998,9.60208430860816],[78.49425502427815,9.599780159570715],[78.50676567618714,9.593166022614394],[78.52010266856304,9.578889934653178],[78.53071157533746,9.575737821432039],[78.5460059580899,9.57673203863115],[78.55764821041035,9.574754737615727],[78.57137290218816,9.566724269909122],[78.57578926356834,9.576064691613153],[78.58712638064468,9.572341377756779],[78.58998692642807,9.570538007034475],[78.59025634375818,9.565081608830535],[78.59757139428704,9.560905379207771],[78.6113671598718,9.557059432716706],[78.61683248939914,9.558085923602343],[78.61701963003242,9.548732685690977],[78.61436479395749,9.542878280603315],[78.61682896890156,9.536174269860068],[78.62453009467828,9.534361771405228],[78.6337932038845,9.527377457863635],[78.64296958883492,9.526929786639311],[78.65557472644377,9.520053283910343],[78.6575147119617,9.520139049430446],[78.661805844598,9.536119284598197],[78.65619514340318,9.536472305647257],[78.65422812129016,9.543199179610664],[78.68379270316659,9.562951445558198],[78.68620318041626,9.57034236028898],[78.69378317915668,9.57676496721288],[78.69348776368393,9.580300136688745],[78.6879768850801,9.582914031997765],[78.68160169062907,9.593289854428349],[78.67894624729301,9.593850772899515],[78.68121122082282,9.602249831106711],[78.68443668742748,9.605585607214959],[78.68859543983193,9.605340855925084],[78.6891823532245,9.601113970670722],[78.69753111940531,9.597771781156446],[78.70100114785447,9.593544296582024],[78.72728184209006,9.589216472272696],[78.74597947882168,9.588862794698564],[78.74673896486854,9.58529576987528],[78.75382607418226,9.593321981568414],[78.7632365484176,9.593135545617864],[78.77386018127443,9.588315525599707],[78.78127475974688,9.59080869395486],[78.78222063274048,9.595885594587283],[78.78787375867121,9.59445874413211],[78.79942415196567,9.598136987087457],[78.80377900210507,9.596854176012522],[78.80565517040688,9.599110383147103],[78.81613185056133,9.599230679582805],[78.82127411896306,9.599746445804051],[78.82664605873514,9.617942986041076],[78.81984909268175,9.620301546408486],[78.8186640135994,9.62446486289505],[78.81240510157028,9.62386236322623],[78.80753034068042,9.626198518314505],[78.80269829917387,9.62109810675924],[78.79467065735092,9.625680124788278],[78.79371236065697,9.632139799147794],[78.78763924627978,9.634633614373293],[78.78760670121534,9.63685768911184],[78.79479975783367,9.637402042991143],[78.79476169441847,9.643455268441775],[78.79075234172723,9.645158441685739],[78.79047785700057,9.649204328374312],[78.78546555056597,9.652918887116694],[78.78948198018503,9.65904553278418],[78.78909386037158,9.662309243136693],[78.79525239465083,9.666162519609315],[78.79540149522504,9.670809739209114],[78.79185197665302,9.672377445065887],[78.79470550300078,9.684149950705276],[78.79722025758693,9.685081806247608],[78.79909447025639,9.696686718603694],[78.79523503740292,9.697680263391078],[78.79413934697949,9.70575831930801],[78.79218953209576,9.704686473331826],[78.78765959132431,9.707537750774156],[78.77806001543347,9.71955067040301],[78.7551639225585,9.717146908114433],[78.75187909617817,9.715803060746177],[78.75060134509447,9.709044291809715],[78.74738067639174,9.705824476241826],[78.74492076664862,9.707624484384128],[78.74132136912044,9.736715778172083],[78.74285011668107,9.743478113402121],[78.74123337015521,9.746493867832873],[78.73279003293455,9.74902796982888],[78.73348192794279,9.758360685840048],[78.74431489700694,9.760292155203881],[78.74333427268661,9.771639159410414],[78.73736693313748,9.780505918832493],[78.74355090411233,9.779057393017874],[78.74627740957723,9.782496660175418],[78.75292405514422,9.780357372347881],[78.77418245727253,9.78678861212884],[78.7821828657693,9.795402810923738],[78.78452010157721,9.782759407779675],[78.78037059643029,9.760444500668862],[78.79204190296196,9.775546601903535],[78.78972048379126,9.781698495940162],[78.80014743860153,9.783875669146969],[78.79602004368866,9.794891281279366],[78.7990555381703,9.794602701891975],[78.80112158157706,9.788681235104441],[78.80989968766646,9.787336198606521],[78.81455907117875,9.779810339165383],[78.8282975592827,9.792945160561937],[78.83122546613602,9.780839457678892],[78.8285736591802,9.77665745459536],[78.82037984969097,9.774784556105356],[78.82643753999476,9.769446835818169],[78.82165395990286,9.760861298368049],[78.81885605005095,9.759689989729631],[78.81322276610818,9.762685996809408],[78.80538055632283,9.759506332106533],[78.80829782891982,9.739390579261013],[78.81398040701544,9.738799606957032],[78.81532609498915,9.731553322849138],[78.82633982844467,9.731794959587202],[78.81663606325222,9.743890273569653],[78.82308301602649,9.74976379588728],[78.8333727891097,9.750181345318046],[78.8413387517069,9.747402246568212],[78.84514900090028,9.742976999862188],[78.85112721096264,9.74704167642585],[78.85388263858646,9.756891973910397],[78.850359519704,9.761190811039995],[78.8553128750964,9.765255259290859],[78.85821586627699,9.765255501862947],[78.86240882562915,9.760057100164648],[78.86750381659576,9.759207472708002],[78.86936328431813,9.754763797012306],[78.87364693758137,9.755333510031786],[78.88173657214207,9.744697015441837],[78.88599274863572,9.747983491396964],[78.88692167940305,9.753733343358542],[78.88981547363174,9.754330066859293],[78.8949698872561,9.76403110025564],[78.89220836815635,9.768257994971197],[78.89294224862435,9.774026214327256],[78.88848522140955,9.77982176699685],[78.88748718594236,9.786358572693363],[78.87262971499804,9.785332244748636],[78.86647689130903,9.789323646667347],[78.86591127697187,9.797989602672773],[78.87208678581673,9.802930900825126],[78.86411483415152,9.81163718755928],[78.87402777744778,9.824724767175834],[78.87349436591688,9.828386411114609],[78.8661420442869,9.831261182331287],[78.86608260366286,9.834140796689084],[78.87239531489602,9.844542968600125],[78.86950080740496,9.845582530068949],[78.8687710771536,9.853371466314055],[78.87306054790663,9.85627839983959],[78.88030832719711,9.87291873956795],[78.87249009793827,9.875526964814892],[78.873985079624,9.883433504927796],[78.87731308083349,9.886272558306198],[78.88346757988049,9.88019691626593],[78.89207455511162,9.879012391157142],[78.89411712643833,9.88577512987956],[78.90158962917863,9.89440460688055],[78.89219841572131,9.907799427751469],[78.8932060505856,9.911519850342051],[78.89863167996728,9.914159605200934],[78.89926563723297,9.917893537803472],[78.90385243417538,9.91923588737628],[78.90961074833427,9.917255490436041],[78.91329480039991,9.91925782195111],[78.91599019900316,9.927114324401508],[78.92969115459623,9.925955398862998],[78.93125595604077,9.932026318819158],[78.93554219285876,9.933969504436112],[78.93783976625025,9.931329104903885],[78.93683962243712,9.92123940580287],[78.94395604557519,9.916848689306475],[78.96293808623082,9.923865176566224],[78.96570531502248,9.94039167182308],[78.96394130228222,9.942851335076568],[78.98968890478719,9.94014080128102],[78.99106264804551,9.944009919383113],[78.98869393976165,9.951483139332572],[79.00330674555521,9.956213955254896],[79.0011350953053,9.959088174313846],[79.00229129085633,9.96415615357499],[78.9963884674126,9.966017178574969],[79.00288739940416,9.978780335404236],[79.01392222620085,9.980936237261963],[79.00969600492867,9.99017467935306],[79.00737593143425,9.987221902199263],[79.00311206356514,9.987206703892536],[78.99882020509007,9.989081164033221],[78.9975367730605,9.99452933904565],[78.99383419234384,9.995927475381723],[78.99293952242314,9.993482110966822],[78.9881469106694,9.994532398278581],[78.98147832734483,9.990362056729259],[78.97395863430604,9.991458158118405],[78.97245401010407,9.992249589429797],[78.97478637075491,9.999635512587297],[78.96485746978598,10.007491029279947],[78.95167751819311,10.008009345578923],[78.94136694012792,10.013038146939657],[78.93022652625106,10.021764543641693],[78.92973072179122,10.030991021786416],[78.93203949537767,10.0373872393081],[78.9236160064332,10.042727118673485],[78.92463367458093,10.047044100833356],[78.93119715681385,10.04717430501833],[78.93805883211039,10.057480046697687],[78.9397778428482,10.054080312028736],[78.94372358942742,10.055616591753703],[78.94440393569438,10.059436308266097],[78.94043132319993,10.061032764330209],[78.93713887641108,10.066014933577707],[78.93789665026897,10.069468486917279],[78.93422507400605,10.0719056349346],[78.94587643344686,10.078887827715754],[78.94982438628843,10.089537388049308],[78.96299083081269,10.094814415630672],[78.9690917920654,10.084573928092205],[78.97700071523535,10.08117234737756],[78.97807426757689,10.086551450700536],[78.98235253903326,10.084633494894113],[78.98697500987222,10.089365049336209],[78.9821823846437,10.095071400761425],[78.98226152981353,10.100269962657533],[78.97703407686835,10.101840110180946],[78.97699980703858,10.109506896587767],[78.9666761153669,10.127632378680307],[78.96429704321955,10.119147990582984],[78.96088432459058,10.118167866264395],[78.95860687256314,10.114099942697496],[78.95009408119799,10.114246440567689],[78.94786605088422,10.105567511331833],[78.94788962177894,10.109364734383867],[78.9445599434148,10.112430276135298],[78.94099276396429,10.114338577970331],[78.94163981327695,10.110166036683362],[78.93807718558995,10.111902517919892],[78.93749387264506,10.115641081381346],[78.92864779642802,10.114290790970692],[78.92810121739171,10.120791374210176],[78.91348928835384,10.127763654802333],[78.91022795561318,10.135909890567282],[78.91352281527689,10.144611567564837],[78.90766935335968,10.147586549327722],[78.90855022156438,10.151347537872176],[78.90006407423054,10.15667323537119],[78.8988092203051,10.154241270105075],[78.90176566663496,10.151795524745014],[78.8965321716212,10.147252678815523],[78.88681853663874,10.148093747213165],[78.88186814658512,10.154530960039773],[78.8723738325843,10.138080683264958],[78.86549384872394,10.13573876610771],[78.86227340998994,10.126444417931543],[78.84789325707521,10.12606799390469],[78.84838475411323,10.137468760636516],[78.83675022191434,10.14034236734167],[78.83305025260017,10.139238821676805],[78.82954833665339,10.15452208223072],[78.81882518573441,10.159253118423605],[78.81361754782776,10.166615943573227],[78.81728949599328,10.172072936437397],[78.82323465973128,10.19810305192597],[78.80989741403047,10.212999849906984],[78.79358488792151,10.206237671193149],[78.78687658019679,10.206719457048155],[78.77354958786665,10.19895811817602],[78.76888588615277,10.199060494049222],[78.76528769057045,10.192992732729344],[78.76517360542766,10.18058397904864],[78.76721781887474,10.180620861389533],[78.76480176668043,10.174250632405032],[78.76952541566816,10.171345630080951],[78.7701976097239,10.167209616095882],[78.767187512412,10.163433963629664],[78.76042931944293,10.165348186575708],[78.74709773133176,10.16430028692562],[78.73812826073066,10.16209608397505],[78.737319691635,10.158562602342737],[78.72769952815449,10.161353137724516],[78.72664354955486,10.169815210685448],[78.71583649688664,10.171291488900916],[78.70851539710264,10.175602104138248],[78.69386283277295,10.15519275756964],[78.69105600804015,10.14749852534435],[78.68638457362829,10.145876102245529],[78.67720207923568,10.147390120828765],[78.66988592557566,10.154872748428287],[78.66804290241288,10.154286928962232],[78.67046614472271,10.163287912673345],[78.66751980803305,10.169907546081028],[78.67037629343136,10.176015510160521],[78.66421314630311,10.178954568251196],[78.67323092291029,10.204699372157677],[78.66569890768076,10.212123298351],[78.65202055190365,10.219647489712884],[78.64724815673533,10.225812047008933],[78.65061144107422,10.236593078803523],[78.64138063079403,10.241039464261341],[78.6444333998786,10.244801730235508],[78.64830292081271,10.245467270410975],[78.65167476340132,10.254283584263925],[78.6477483737198,10.25595361687568],[78.64768085544473,10.258576533079173],[78.63622403156862,10.269232144023201],[78.62904553394611,10.268017742639664],[78.61157173141486,10.270367496035552],[78.60960207723804,10.273908985389978],[78.59163625844253,10.27906273116515],[78.57792778395057,10.287234916402394],[78.56945396240074,10.281069121086745],[78.57173569669713,10.280009239121004],[78.57098613523753,10.275191432173504],[78.57411876994071,10.277263630254799],[78.57438886100732,10.267312824796024],[78.57683850659997,10.266254618607308],[78.57062855005888,10.256770112245336],[78.56519243464292,10.257954186699207],[78.56179380968243,10.253193229614233],[78.55509167607866,10.254832560790028],[78.55346539842763,10.249485664946912],[78.54060460298386,10.25306028139904],[78.54043135389814,10.257556030297751],[78.53845408560099,10.257660621924689],[78.53822762031787,10.255201294330341],[78.52997566827018,10.25043090536898],[78.52759317264331,10.238545352689936],[78.51894699313654,10.23664231673282],[78.51452050504818,10.216678129816293],[78.51740145157167,10.209496843746036],[78.51436268542581,10.207194434619387],[78.51384836309472,10.200573419670134],[78.51615478219678,10.190470502416336],[78.49911227790147,10.188012271772536],[78.49582036740684,10.191743568790017],[78.49085054859022,10.190181100602388],[78.48459981123018,10.192334902875604],[78.47599656939738,10.202775264962895],[78.4695125530328,10.204250734574764],[78.47280365863693,10.207730593616647],[78.47510703604348,10.219564613182833],[78.47273409220301,10.219863589201907],[78.47551886958378,10.22332552826262],[78.47826128511073,10.222379934795445],[78.48698090189197,10.231965203565444],[78.48709193455937,10.236557885233477],[78.47928904942391,10.24061067086251],[78.47892912143901,10.242812191880763],[78.4821946807531,10.250147974953155],[78.48564573229191,10.252402593583426],[78.48232859171418,10.255115936075658],[78.47507789469566,10.245010323413418],[78.46455688358023,10.24040225512739],[78.45759245808318,10.240566630615241],[78.45345376505898,10.244310509807171],[78.44775373090077,10.245423785100996],[78.45303711744708,10.258864169208495],[78.45292942830913,10.267168316276122],[78.46344998038545,10.267034739267928],[78.47257018559628,10.269866631890112],[78.4923358024197,10.26320650539238],[78.50743572955757,10.264407131384866],[78.51454938857951,10.267646807135929],[78.51149636976332,10.270030307044962],[78.51702535930157,10.279958532715057],[78.51267416620371,10.28574380118453],[78.51591746257009,10.297106492822918],[78.51891253825384,10.300219941916685],[78.515007998295,10.303511283071032],[78.51536905815715,10.309096469743508],[78.51951985597977,10.314304792399364],[78.52141175108726,10.326279377758347],[78.50945367267245,10.346962185919288],[78.50478455142249,10.350787415686233],[78.49774459108478,10.352112717771929],[78.49762112393718,10.364060263849659],[78.50174519598178,10.367357294239982],[78.50556692384782,10.375896815441216]]]},"properties":{"name":"Sivaganga","sourceVintage":"2011_c"},"id":686},{"type":"Feature","geometry":{"type":"Polygon","coordinates":[[[77.71255372040137,10.025860401255613],[77.71166633132606,10.033970364426324],[77.70996038209252,10.032885855705395],[77.70630823099926,10.038220878771746],[77.71259558458858,10.047884354750916],[77.71004643620513,10.04987399206469],[77.70771450135571,10.064579796284203],[77.70889957594652,10.080243153290295],[77.69693577256844,10.086669292292916],[77.70253634975002,10.10273855990811],[77.69419885562935,10.111094067217087],[77.66862985257595,10.122367464978064],[77.66910929242623,10.12613759007696],[77.6754782696372,10.126611430837265],[77.6743988126693,10.140471478840176],[77.67637939485154,10.144630067404712],[77.69211107658599,10.145364458278026],[77.69724647018081,10.135223971999466],[77.70355141458,10.134119649094096],[77.70786612978915,10.128902092584461],[77.7156995693224,10.128692270288548],[77.72174141963276,10.134029342567656],[77.7294510497603,10.131382712111016],[77.72426509179476,10.136103654652022],[77.72392565887307,10.146170871023818],[77.72463516355582,10.153900772924791],[77.72738640233545,10.153940543639463],[77.72928144873298,10.15906634758893],[77.72191022205782,10.16683457073296],[77.71224242540934,10.170014988910054],[77.71255377160534,10.17470266858984],[77.70527812118488,10.184170209281469],[77.70127400387508,10.195164963401439],[77.70479247307766,10.196140566402343],[77.7042550254162,10.20062042282912],[77.70740039912842,10.206017258640177],[77.71002896487119,10.206301390971712],[77.70654019756518,10.215858495357521],[77.70615158996654,10.212590270439664],[77.70248746343223,10.214168709158717],[77.7024449093389,10.207749640590778],[77.69668568428827,10.206268113428774],[77.69794427969688,10.201869430834515],[77.69321122714476,10.196911371832224],[77.68566440318777,10.201740606737241],[77.68148889271167,10.201483502116382],[77.68030652743977,10.19853631975344],[77.67141244705057,10.196186849650779],[77.66755131817784,10.18972304497751],[77.66443003278995,10.188783033204329],[77.66200279387542,10.193118446434006],[77.66009517735215,10.191070801419041],[77.6575675058905,10.194511111326936],[77.65289475095521,10.194714873902159],[77.6537756919234,10.19850295033425],[77.64971439864246,10.198715644404166],[77.6497100642712,10.20129234692195],[77.64504181438704,10.202440719236417],[77.6452654589602,10.204470405702464],[77.64240880467857,10.203042015943682],[77.6360794009508,10.207503861687554],[77.6320454299292,10.206301442249519],[77.63031586398681,10.210039844372833],[77.62394527609655,10.212901275650477],[77.6222063847432,10.218746154017804],[77.61522901991279,10.212430707567101],[77.60894976104247,10.212737661183564],[77.60380270821359,10.205924921324446],[77.60040752469892,10.205874849347811],[77.60085452189274,10.20832954985593],[77.59578031614518,10.205793040760113],[77.59615042743211,10.202163139148814],[77.6030047410349,10.199962334650436],[77.59831889584926,10.194311288321403],[77.59188961203833,10.19131343131337],[77.59077556993198,10.196792128780494],[77.5890460327357,10.196760257773755],[77.58729880321985,10.19298090208648],[77.57405764940667,10.186984597280102],[77.5697466298666,10.181269906425994],[77.56739631458817,10.182657221705385],[77.56868673730729,10.187281977942337],[77.56685171903202,10.190672007703533],[77.5688270568496,10.193117938939332],[77.56681878140381,10.195373312429119],[77.55566464486266,10.202079213926707],[77.54980590983475,10.199921490161586],[77.54818484331066,10.203994082875669],[77.54636093270388,10.198731744256687],[77.55129561212154,10.191830173913175],[77.54445522869388,10.192520088436154],[77.54312407456312,10.187872689904596],[77.54724962164143,10.186110805181922],[77.5462283799955,10.18284668959579],[77.54375097825721,10.181688812593107],[77.53805903612304,10.187712951961823],[77.5368021196657,10.179620980980289],[77.52315083461964,10.176140413571183],[77.52760497914066,10.173940364018755],[77.51180390344885,10.160897844613345],[77.50001385939954,10.160965540972903],[77.48775175695663,10.147743241596636],[77.48263446082149,10.153933400703819],[77.48070237957978,10.147049272379894],[77.47583890871637,10.14771067508489],[77.47205599525712,10.145749797824523],[77.47238820482562,10.142585391356832],[77.46804463393289,10.14225203204824],[77.46951764103017,10.139715645220539],[77.46445109611531,10.130870325171855],[77.46564590844379,10.128767988004583],[77.45212486204595,10.13605815768076],[77.44478406310611,10.136272048215831],[77.44290831072429,10.133076435697348],[77.43818162543089,10.132408235192145],[77.43587794978369,10.134221328577638],[77.4278849119638,10.135935773891026],[77.41176230857052,10.144657631907728],[77.40874754630735,10.158449939572446],[77.39836290304531,10.160086984179289],[77.39543375741525,10.16279488730188],[77.3930426999454,10.155923848095124],[77.38467474844505,10.146674996560598],[77.37175845238808,10.139206936969167],[77.36788467074456,10.145386343941167],[77.3603242085649,10.151032016008775],[77.35442040775413,10.148432267175524],[77.34146892289083,10.136022109395638],[77.32929080304554,10.142679001782282],[77.3237228418953,10.127566038892535],[77.31301353042157,10.135388944681228],[77.30248338343971,10.136001263023775],[77.29274867667561,10.131075896055197],[77.28953399344765,10.124958814588403],[77.28680974544903,10.127159480344014],[77.28414586064424,10.125377657423243],[77.2830396329826,10.117773819024272],[77.2665925958379,10.119341512756288],[77.26658265867425,10.121694882395115],[77.2526908793553,10.124445929238743],[77.24764547629066,10.130503067793775],[77.2382408779356,10.130077314567664],[77.2337253497346,10.127970009413508],[77.23038024100885,10.120502635387075],[77.22717110128447,10.121192474747122],[77.21643453582335,10.115853796077554],[77.20789194734022,10.11770195976675],[77.20126488863968,10.105821445610236],[77.20397634103541,10.087728811330258],[77.21983500592347,10.077162977606324],[77.22350029128447,10.069178791914482],[77.23143630225347,10.06626983659471],[77.23446762495892,10.059840741989529],[77.24439488919741,10.051971850406373],[77.26189970786048,10.029725212381049],[77.26159277418914,10.02120393930395],[77.25743864002357,10.019303722312637],[77.25319359904616,10.012812329418445],[77.26613127590522,10.001889738308039],[77.26080463368137,9.995761934215963],[77.2609106762074,9.99267896673502],[77.26682632310182,9.990294242266584],[77.26440135692492,9.987174213185556],[77.26796094291635,9.97990643427749],[77.2726682659221,9.976336799153655],[77.27087342928951,9.970911546017277],[77.27285475887003,9.964194675367807],[77.26101230531043,9.952486853604338],[77.25296385491225,9.953451210027621],[77.24654236129143,9.951396482045391],[77.24789756961053,9.94684540703025],[77.2362288295656,9.935374055406925],[77.23432813815486,9.930581820803583],[77.23563913319231,9.926369907383078],[77.23056031010417,9.921385879311718],[77.23006224458479,9.912467291323546],[77.21825256426166,9.904294420681232],[77.22074646176355,9.884483202398656],[77.2175231924381,9.884345659576395],[77.21526884418145,9.877389955401684],[77.21245005658402,9.87688481491778],[77.22132924021088,9.863133288357961],[77.236307480662,9.859603934559003],[77.23718402886846,9.851380753635748],[77.2281375951054,9.849140472264134],[77.22293527971684,9.844879723109289],[77.2275273587531,9.838093697153074],[77.22655234441173,9.830722157661524],[77.22177782023621,9.822451408589],[77.22501031615795,9.820297791148553],[77.23272583474213,9.821485673748583],[77.23258787956564,9.817423568185612],[77.24115365805785,9.815634560280305],[77.24679014629122,9.807995013921465],[77.24509372009797,9.802777264739234],[77.24666602696672,9.797886555973388],[77.24015940809127,9.796920473352689],[77.23601002242029,9.790057606077783],[77.22266345580009,9.787791772396885],[77.2249885553685,9.775559489695297],[77.23239972742938,9.768573655261306],[77.22747168925663,9.764207865960854],[77.22514276196681,9.752769488335316],[77.22023381479048,9.74503908158033],[77.2239083635787,9.73037335664191],[77.2183791898858,9.726081241091814],[77.20753405493777,9.724759032667395],[77.20355571478507,9.722106368437528],[77.20610497366128,9.717573276435342],[77.20194643056429,9.703893180712036],[77.20671616222776,9.69465635975218],[77.19411087100697,9.670556006160753],[77.18681594723206,9.666413895952202],[77.18750942597013,9.661439850430412],[77.18114623301129,9.659206263827036],[77.17926982306265,9.644857988913397],[77.17404604782027,9.637305274700427],[77.17626033570681,9.629478459251457],[77.16910777603982,9.623974971195134],[77.16586297769025,9.612862728952683],[77.17030256411377,9.609670457356428],[77.17409306384562,9.611185367056153],[77.18867937742314,9.606100974041397],[77.19082201568263,9.609221233797129],[77.19705915614249,9.610845088364544],[77.19820105590411,9.61435749156362],[77.20895728997836,9.613443529086252],[77.2098430036957,9.60497052322951],[77.22218428274941,9.597714113203429],[77.22249470817226,9.59277746727599],[77.23430179595748,9.581545290178026],[77.23712863066322,9.581060683870051],[77.24277331422691,9.585216853627344],[77.25306707942323,9.582966368301808],[77.25833478587626,9.576485736742399],[77.26971372222401,9.572769118882999],[77.27201253169733,9.576454244896032],[77.27692729007521,9.57574606024533],[77.29033841232669,9.584773139057292],[77.29006864555193,9.588687891612311],[77.29455957608381,9.58924066424429],[77.30380826283819,9.598740761972678],[77.31781874194552,9.602504873256226],[77.32240636084641,9.598287918066392],[77.3298992517504,9.59899445512822],[77.3245344643646,9.593338225387992],[77.32536116236099,9.58003404092497],[77.33250772936674,9.578810139983021],[77.33949082275373,9.573313943422807],[77.35458691139034,9.604069557325106],[77.36112810192951,9.602261747710198],[77.36580624585822,9.59974403040205],[77.3661435569592,9.595955751868647],[77.36239022861548,9.595562231573805],[77.36085057011744,9.59783599561121],[77.35747550796684,9.594431709275796],[77.3549710274126,9.586683170372648],[77.3582961971323,9.5839257993454],[77.3598908172544,9.57738001555824],[77.35813751961884,9.573907980560001],[77.35297265679111,9.57285881917152],[77.35026319955362,9.567081123181623],[77.35290553287646,9.559581664603414],[77.36126306930937,9.557936705693226],[77.36508454115558,9.552729163692787],[77.36561838118283,9.534999140564844],[77.36874248009418,9.53477781580837],[77.37333791343974,9.526848709372313],[77.38013248907612,9.525361542264848],[77.38517837363776,9.519231526043496],[77.40050731907077,9.527363841204041],[77.4024689944112,9.525055518969866],[77.41413305692843,9.53660979211935],[77.42249484957917,9.53958809868235],[77.42786973223214,9.546517605566299],[77.44106810467824,9.546678454695162],[77.44456977897825,9.543364184211224],[77.44812704821454,9.545470179298075],[77.45589129141976,9.541585432886366],[77.47729447771735,9.552194768182607],[77.47358329922508,9.571639122997489],[77.4678041576263,9.574678411658088],[77.4643256293179,9.579832774009901],[77.4741043939551,9.595923899559486],[77.48546315144661,9.606865184236629],[77.48637799842692,9.614403365389329],[77.50627398864584,9.638476430062354],[77.50363189157997,9.65019747861595],[77.51189041031238,9.652655189123262],[77.519914982592,9.660546409420355],[77.5231815884434,9.66030788018972],[77.5353459065727,9.67504432163567],[77.54072552783877,9.695338840774053],[77.54418422404062,9.69362193270598],[77.54594233484947,9.69578778481019],[77.54663245568503,9.705453026782044],[77.554043491202,9.715056633854891],[77.55355429205447,9.721968520955304],[77.56631236514552,9.747779422755487],[77.57358007356059,9.751464335372027],[77.58801440297182,9.768640306136245],[77.59864582871379,9.776597772396629],[77.60345251886467,9.791317366197125],[77.61206588560906,9.799147653140059],[77.62309023355799,9.821633605223647],[77.62564241555212,9.835046246691952],[77.61944319387871,9.835742183096613],[77.6170362946188,9.840393767572472],[77.62000740055582,9.86217409698279],[77.63195076905784,9.871269723292041],[77.64484790404983,9.888262400771447],[77.64803952033793,9.895911079821678],[77.6462936778209,9.902777858168673],[77.65287287338478,9.91033140565239],[77.65411814587941,9.918563326656729],[77.6564846461043,9.92065165462783],[77.66860726174318,9.914326339008543],[77.67904605006063,9.932845806934541],[77.6731950944431,9.961805253883442],[77.67734475499856,9.962252143773325],[77.68185550595891,9.968847109904626],[77.69190108011693,9.968099509960474],[77.69676033788166,9.982754293145772],[77.69792099805969,10.017310757644523],[77.70154601643807,10.013987401164522],[77.70873003330969,10.018352579061732],[77.71255372040137,10.025860401255613]]]},"properties":{"name":"Theni","sourceVintage":"2011_c"},"id":687},{"type":"Feature","geometry":{"type":"Polygon","coordinates":[[[77.33937488618317,9.420136716008763],[77.33638848283518,9.411902455191445],[77.34359645777545,9.400836610709103],[77.33977336357185,9.393747759020503],[77.34139895490998,9.389805862644334],[77.33659668716521,9.387323437840056],[77.33455364691791,9.381215672142929],[77.33732348621382,9.364982156911514],[77.3260332306526,9.346549554077773],[77.32528831977126,9.337114704363787],[77.32009951234961,9.33752522696357],[77.31561669719797,9.33486163201717],[77.3058029512653,9.337789101169859],[77.2999727449342,9.33665303427974],[77.30099378176422,9.330116312073653],[77.29702958199242,9.329514070233968],[77.30180075455361,9.324239575106038],[77.30251640191628,9.3195336662012],[77.29953742494075,9.310911975367404],[77.28849407762362,9.301650736800063],[77.28298734474483,9.301332729272824],[77.28322237456587,9.291314940428405],[77.2878807250156,9.281347947425921],[77.28852884422172,9.274173717573994],[77.28175334610704,9.27231836910804],[77.28352044006871,9.267278295264717],[77.28150131656754,9.262413389675435],[77.28254072214851,9.255998745242039],[77.27740243957172,9.247125118293953],[77.2795499907175,9.243832729388103],[77.27877035725544,9.239407162810718],[77.27410668159271,9.235822952976779],[77.28171242784585,9.21657005722735],[77.27038429931224,9.205029046564007],[77.27034337296621,9.200602745027366],[77.26313982312703,9.198259690967667],[77.2561057728056,9.199219505236979],[77.25641207136802,9.195981044327288],[77.2514881546658,9.189057476338405],[77.26094533321105,9.183114383034873],[77.2638782499687,9.18410635113876],[77.26515944159995,9.181260479830346],[77.26714325502225,9.174320402417694],[77.26532331856228,9.163068822611065],[77.26681438988157,9.15246078999407],[77.26071990997366,9.148811614083773],[77.26065495908365,9.144299578743468],[77.25272231140707,9.139188383292906],[77.24728396906751,9.124601681377422],[77.24214808499252,9.125045108894563],[77.22844487822137,9.116884411221102],[77.22646391964504,9.108191470852358],[77.22105959560696,9.105936924118843],[77.21877056429551,9.101434766955473],[77.21240695631501,9.100482391584451],[77.20570393517575,9.084986529789461],[77.20887189882241,9.074041027958545],[77.20551373128738,9.066171031428174],[77.19689808372047,9.056796532731802],[77.19528227144252,9.049337539640561],[77.1974557479674,9.04697272840811],[77.18758631367363,9.043136175106703],[77.18232057992095,9.047418055569764],[77.1674670400043,9.045299484392826],[77.16038540682054,9.035838056425117],[77.16109897907492,9.029441077793086],[77.15386782939696,9.022425235733776],[77.14655534625317,9.021815243201674],[77.15072516230866,9.014893748804269],[77.1493470029324,9.00958191023831],[77.15685466034301,9.007501942276095],[77.15615415228781,9.00382655977227],[77.16167433384472,8.995041788202132],[77.17356682715891,8.99122584270039],[77.17820229302679,8.969099866381251],[77.1855535285936,8.970183861376928],[77.19070407856393,8.965620497221112],[77.19150159838159,8.959159012230973],[77.1962881474055,8.95458313526074],[77.19388746628401,8.943318265433998],[77.19713998026354,8.935425244920145],[77.19279559010731,8.926195976900269],[77.19473472941222,8.924115179804826],[77.2010464839396,8.92456048138986],[77.20998299984453,8.918502268349922],[77.21823964918282,8.918687879415893],[77.22123245931542,8.903947981638257],[77.22794591259007,8.903587152041727],[77.23854603204435,8.897739775800577],[77.24023984503843,8.894470932336118],[77.23839546362296,8.892122153982598],[77.2389967509584,8.884323535129612],[77.24601835871485,8.879717228593291],[77.25606691438132,8.878817373925129],[77.26165350659055,8.881358430071597],[77.2732829336637,8.876086250224594],[77.28062338944711,8.879040342586261],[77.28923749281005,8.878934060206072],[77.29488701020829,8.882384737304273],[77.31314891911131,8.872501612136958],[77.3186395371122,8.875495306947107],[77.33138975802936,8.87555990258374],[77.34167757997177,8.868006909333902],[77.3413590014394,8.87132516275872],[77.3570186814072,8.873021945587691],[77.37327867044506,8.870269592422751],[77.38649742476663,8.871440641666261],[77.38267910600712,8.862358290924414],[77.38441096175515,8.848280424151167],[77.39151540765553,8.849523571285067],[77.40076950675947,8.842231166175193],[77.40446937815724,8.842127006147654],[77.40741904490167,8.83833837316704],[77.40680058896454,8.833374526763382],[77.4018917882136,8.833605352140916],[77.40093705064479,8.828135178442224],[77.41027740867725,8.82973050457972],[77.41500857027569,8.825598098898098],[77.41249039939652,8.823161562435669],[77.42035898641356,8.78722015472293],[77.44184756566372,8.767795910754478],[77.45010858800086,8.763870463259735],[77.45038627791642,8.766614573232983],[77.45748903408577,8.766039117668921],[77.4615031235935,8.772864806876498],[77.46133147081407,8.777887506703891],[77.4558978302567,8.786265710579327],[77.45833438559906,8.78948860406523],[77.4615062730869,8.788104589601835],[77.46281554156235,8.79006184557663],[77.46284329501307,8.813931897316568],[77.47614553875717,8.810488525348191],[77.47592190855707,8.806718198245498],[77.48012524434907,8.804108625995395],[77.48665214538701,8.805978537430498],[77.48625998944298,8.80123628105203],[77.49020365821896,8.796935873581967],[77.49795766242659,8.79909909787227],[77.49902175640649,8.801311099577282],[77.50636470681145,8.795113873731056],[77.51116320702191,8.797122754255636],[77.50655176120642,8.806158323270877],[77.50789154275715,8.808939072420685],[77.51101399864986,8.808799981885953],[77.51364735690464,8.802887599975131],[77.51997428757042,8.801225864337791],[77.51871284719732,8.79459795075191],[77.51346910779607,8.791992338570328],[77.51531989509783,8.788661013605024],[77.51959213616372,8.7876361729941],[77.52014386344494,8.781781838309428],[77.52617274567584,8.787714954609411],[77.52957665273021,8.787932920749453],[77.53064983496586,8.785433120960866],[77.5376655506724,8.790023668150816],[77.55378197635144,8.785267006573303],[77.55632154060912,8.789264031194948],[77.56836500478997,8.788710197715634],[77.57040948503665,8.792105764078942],[77.5663360896522,8.799731661141397],[77.56941659781438,8.80447910339323],[77.56998351740366,8.811373539344846],[77.57456905041644,8.813074092410206],[77.57542287843278,8.817283110014552],[77.58283447270183,8.826402733917783],[77.58531152589383,8.826633672842785],[77.59072086612443,8.860097557083208],[77.59434734785845,8.868131550851025],[77.58986444377359,8.875382429863484],[77.58244113996479,8.876389633186369],[77.57725040835183,8.873197126870776],[77.57252599310117,8.881894464027015],[77.56375794365138,8.877887475155925],[77.56371177114411,8.881883856996614],[77.56672970176527,8.884086038021628],[77.56466535976763,8.887173386355055],[77.57092454937616,8.889792069575115],[77.56455927142756,8.89528375031933],[77.57083555867086,8.905167381810429],[77.56123767610433,8.910839289726601],[77.5820277496441,8.906927738920361],[77.59293335558378,8.910740179375363],[77.59323423820338,8.944732246239523],[77.61410759724805,8.942365046720443],[77.61434438507213,8.936153460023872],[77.61623568010499,8.93697181319918],[77.6183362421749,8.93409218434752],[77.62167281510884,8.949241527730843],[77.62969762274703,8.946868278060792],[77.63053875577175,8.951863830825884],[77.63366226538828,8.952456001155527],[77.63446247925347,8.955186586672864],[77.64501090784971,8.957003847439925],[77.65470450860471,8.956469977995754],[77.65396279842068,8.945733060925],[77.65691735918679,8.934326896199789],[77.674060953596,8.92483623811428],[77.67909368861848,8.92462768631162],[77.68478944589764,8.918989493868912],[77.69483209064954,8.91880716121057],[77.69611541757625,8.926316054045477],[77.6919343474269,8.936235409811431],[77.69129616268945,8.955032987278384],[77.68097635623135,8.964148403009297],[77.67598684185215,8.989311767228628],[77.6861640704033,8.99464956420923],[77.69056565539536,8.993948167013611],[77.69369797209494,8.989842811166591],[77.69418760333213,8.980742417819668],[77.70005708490577,8.976867012885831],[77.70303838941621,8.968864714666186],[77.71988403959514,8.966618888767446],[77.72166476010136,8.978756747805484],[77.7292275246631,8.9830586964101],[77.72684830519208,8.996657848640854],[77.72201420744186,9.002540316748252],[77.6891232269504,8.999748272607157],[77.68826144525056,9.014662537691494],[77.69321370829157,9.014738608774126],[77.6966752234068,9.020334805287206],[77.69762641891843,9.02460228779561],[77.69395316639917,9.031971821995636],[77.69766462606411,9.035199004296315],[77.70240792659699,9.035166507293134],[77.70222697805099,9.040275038347723],[77.70711590896616,9.041033535979007],[77.70843409501744,9.03775571879036],[77.70840755698732,9.041358817299425],[77.71363384391923,9.045557501305083],[77.70626006602868,9.059455941683279],[77.70174915965977,9.063046343103894],[77.70423438662255,9.073425539678887],[77.70723658594648,9.075631107569256],[77.7080684106282,9.073216816260112],[77.71263473406698,9.072686951639891],[77.73915526141543,9.073286043604474],[77.73794148744794,9.07552868476356],[77.74164366571934,9.075260899666791],[77.7448606692957,9.079857635043696],[77.74162394141067,9.08540102136085],[77.73997921056706,9.106784712158264],[77.72583282713701,9.105947756978717],[77.7217078720485,9.108493935608555],[77.72001948398041,9.104701441084572],[77.68628685842452,9.102257508714377],[77.68625546589861,9.105110188699175],[77.67993760911551,9.105807232240137],[77.67999708297722,9.108940104406528],[77.67652215870974,9.110364599602413],[77.67625992969855,9.124351841391018],[77.6731579131735,9.126485958035536],[77.6741053168963,9.138063541775853],[77.68292576507662,9.137646582704903],[77.68279335160709,9.13407517567272],[77.68832471269772,9.13280857728313],[77.69652662229588,9.133923910707809],[77.70051683817663,9.138077808679508],[77.6996940604281,9.141473054748772],[77.69344875068903,9.144620586297982],[77.6901119370066,9.158874999862379],[77.6958311421113,9.163295406126341],[77.70463913784516,9.165622014185],[77.70584468234635,9.188388258343467],[77.7272874870429,9.189870656430797],[77.72766591493276,9.192682499414024],[77.73477824085482,9.19691195172968],[77.73286919601024,9.219877899860222],[77.74227856262281,9.219423138963746],[77.74475128593514,9.226022646249444],[77.7419729342036,9.232063127422194],[77.74201134796179,9.253375063744215],[77.73968333336026,9.25961890109628],[77.73769022866296,9.259728015244464],[77.73836488230594,9.26371050641369],[77.74172832744331,9.26534603723823],[77.73918449798465,9.280545525771553],[77.72886824526185,9.282135119422616],[77.72194128580034,9.28011166942184],[77.72116840587259,9.283027665064523],[77.71771886799507,9.283204802249912],[77.71727853630065,9.287549410668218],[77.71215414257648,9.287301887091365],[77.71210041344102,9.291424798268784],[77.6839979160463,9.288626961823889],[77.68239110309086,9.28618151540359],[77.66093372502544,9.286965800607028],[77.66048297287378,9.28489085865883],[77.65510836061372,9.28346722275123],[77.65325157795574,9.28391488825754],[77.65320627591595,9.288037796738381],[77.64474168006412,9.288747872066113],[77.6413740469809,9.292576981257952],[77.62489500196436,9.292830179304408],[77.62485849443122,9.295529047559151],[77.61648910742305,9.29749074615195],[77.61343966839328,9.300976046787115],[77.60338632470632,9.301151577412442],[77.60415494841627,9.306965324139757],[77.58563157676494,9.308617874848085],[77.58781084832172,9.313925477247043],[77.59095555728062,9.315381564299518],[77.59145730679099,9.343875678575827],[77.58945455867914,9.344476700735958],[77.58956793415284,9.347568917164626],[77.57302341273186,9.34302769160261],[77.57486036418165,9.354126354245889],[77.5603721798708,9.353459097787532],[77.54982798503451,9.36317172170522],[77.54974527175645,9.36665264942584],[77.55470151523245,9.370283947865957],[77.53305062837674,9.376087515809038],[77.53085653641445,9.375906053604314],[77.52932261904935,9.36034534559012],[77.52708831130839,9.358052693411844],[77.520178268022,9.359343521944176],[77.51907300784588,9.356748301387027],[77.52758271619298,9.348948199567113],[77.5221296729238,9.334963944265171],[77.5066100986993,9.331925303263505],[77.49703008092884,9.333790227152331],[77.49583452389696,9.33845597459605],[77.48770555570324,9.338887910367308],[77.48695855713713,9.337048200309512],[77.4747249573399,9.340749479187],[77.47151299241398,9.328390663929314],[77.46477704083301,9.329138178255377],[77.4588202232508,9.33392239793682],[77.45905285277341,9.336268597861654],[77.46294203872739,9.345892345401527],[77.46804008306766,9.346655172669625],[77.4666796681132,9.348915845691375],[77.44139584872144,9.354273368435534],[77.44336353019786,9.362007973654732],[77.4371047205767,9.362099383798737],[77.43849853309682,9.36809815039903],[77.44708310075151,9.365827324978838],[77.4505114833041,9.369940537819513],[77.44789959837787,9.375108184423404],[77.4379726422615,9.381854731731531],[77.43398627656008,9.390883159611716],[77.42602943455793,9.394907624220982],[77.42328426659299,9.393741602110715],[77.41974771340544,9.399270795366336],[77.41092055930154,9.397580844406619],[77.40598101640497,9.393521599973555],[77.40312688099942,9.396134733387877],[77.39716334940876,9.396193778865882],[77.38908292437637,9.392238379602517],[77.37895855539148,9.401862961067186],[77.37221645574071,9.40211596441801],[77.36438139474839,9.40914982962543],[77.35027745132562,9.412693001848245],[77.33937488618317,9.420136716008763]]]},"properties":{"name":"Tenkasi","sourceVintage":"201920"},"id":688},{"type":"Feature","geometry":{"type":"MultiPolygon","coordinates":[[[[79.74813215311995,10.996463143665896],[79.73176390181898,10.994804010775544],[79.72995868784821,10.998570465014978],[79.72111209330325,10.999089042311429],[79.72184478260515,11.001037219223962],[79.71999650878954,11.0004908551382],[79.71612187194988,11.008778174895971],[79.71103352761807,11.006410925136176],[79.7003067142677,11.015422879090966],[79.67100838585495,11.017258215979242],[79.64337031386883,11.009824661572644],[79.64038257023446,11.007153285961895],[79.64049362805473,10.999965406592688],[79.63391570989518,11.00029137924029],[79.63558019559018,10.995191882675265],[79.63152245873941,10.991955282030977],[79.63474746540666,10.993347478018622],[79.63536454063319,10.989418916826342],[79.6306391075913,10.986706752384617],[79.63273346769249,10.98092461313655],[79.62620609593733,10.979080459713218],[79.62536017489217,10.982525293068509],[79.60423693956973,10.982181697021092],[79.6043695452787,10.97794124839088],[79.60836721268474,10.976223480888118],[79.60710475002884,10.974383508243141],[79.6049321331917,10.976472025928363],[79.60401728710971,10.971770422440898],[79.59690934676286,10.974066618646281],[79.59626892791535,10.977746462944564],[79.59116891895955,10.976579754729686],[79.59073873912618,10.982895193773857],[79.5854922113543,10.983242825267823],[79.57746468541401,10.982590953930028],[79.57437781987456,10.975303124724658],[79.5777078162423,10.973707731381927],[79.5747533066802,10.97059708256286],[79.56958015419899,10.971003222140283],[79.56810211473956,10.97692516691184],[79.56380716516162,10.976476922131694],[79.55678633534615,10.974581469816947],[79.55624721142841,10.970575991076412],[79.54496428971318,10.965551062053953],[79.53245871238721,10.96849093023815],[79.53267541028828,10.96100012356333],[79.52845874080249,10.959556840055118],[79.52647283789884,10.963114091909471],[79.53018990844102,10.969136772252364],[79.5170853084325,10.970448375028472],[79.51493208442571,10.966677381753245],[79.515881837243,10.956334243142095],[79.51981550507493,10.955304767407451],[79.51887573703202,10.946570400870197],[79.51575645758216,10.946971747293091],[79.51435843016672,10.941876412662474],[79.50122803323818,10.941654807010709],[79.49874031434882,10.93184435431927],[79.48430072619992,10.920924011588387],[79.48447839679345,10.918835588212476],[79.4935292610475,10.91644573285483],[79.49361339456205,10.908991771594373],[79.49164153412293,10.907419425664491],[79.49325069257958,10.905276237913561],[79.50676921830473,10.904134610837275],[79.50721534143776,10.895997409425508],[79.49307535401255,10.888727563688727],[79.48827346895008,10.889375656775757],[79.48810218537822,10.883512910735476],[79.48395263441721,10.879043748932734],[79.48645818666158,10.877275480376614],[79.48574196797038,10.869170849202284],[79.47778409110906,10.867261338403162],[79.47603881273403,10.87256417082797],[79.47198687630507,10.872276080154599],[79.47201360387972,10.869889360369495],[79.46476491818912,10.869037051222904],[79.46627742331106,10.864715245597754],[79.45889676612207,10.86584724001724],[79.45815069282071,10.863234696252173],[79.44640438594594,10.872011249944359],[79.43871251371496,10.873233231612835],[79.43368738742295,10.87808438334282],[79.4094315686013,10.887629803967824],[79.40506436033853,10.89309970572091],[79.39009991621353,10.896124515888832],[79.3770516163188,10.893231579562263],[79.37018672325688,10.894515143567986],[79.36824275281239,10.899170956435027],[79.3587158838657,10.899884571892912],[79.34814960035489,10.910705132146612],[79.3344188036264,10.912674130901806],[79.3288792669684,10.916330118617857],[79.32658277155528,10.918558207228397],[79.33225864103237,10.920570713856272],[79.32781698309378,10.922617639979368],[79.32798120860245,10.925013416156963],[79.30937345729816,10.928011001568477],[79.3009505136311,10.935819906875654],[79.29663744772881,10.934539490123136],[79.2923870617755,10.937878747646424],[79.28697594377893,10.937397957110612],[79.28867816500406,10.93540956479315],[79.28538528522725,10.933835482715155],[79.28502519105402,10.9299660167072],[79.27530661803243,10.926251623877587],[79.2753855152672,10.92307389935585],[79.287060001835,10.91767603162366],[79.28667458505225,10.90716626672662],[79.29531865621303,10.908081941584603],[79.29570875142178,10.903503008956536],[79.2786630248695,10.902539412216411],[79.27835058901708,10.90664372041681],[79.26996675889579,10.907201270593573],[79.26823860330839,10.905333758302188],[79.27235312087161,10.897813520389152],[79.26907500939805,10.894783738091698],[79.27117957615748,10.892791063630115],[79.26789760102992,10.888075202261732],[79.27147547312724,10.884161952015878],[79.27536746541819,10.884018684644706],[79.27261966898274,10.881834417253684],[79.27359701624893,10.872938840994305],[79.288647857643,10.871547034296183],[79.29021417634208,10.864089028124496],[79.29532226564382,10.864176402666832],[79.29515514037341,10.857025251708299],[79.29258517443161,10.856902463003218],[79.29479803309853,10.842759092335935],[79.29189907355693,10.842229379343431],[79.28940065213929,10.832957499684849],[79.29240864200356,10.835557565008328],[79.2984810529999,10.83572201138321],[79.30607920399727,10.823876270799458],[79.31425955133368,10.822888240138223],[79.32584714476236,10.817411971400322],[79.32363060300277,10.812018827640433],[79.32636513042317,10.810373942989262],[79.32878394763193,10.809827416439635],[79.33204787560545,10.813742554793162],[79.33932742112104,10.81066984579987],[79.34353820933664,10.812686464711467],[79.35291610706652,10.811263607643479],[79.35830718364907,10.806571991792193],[79.36978328087964,10.809171857155828],[79.37662344242342,10.803987263403798],[79.370158729956,10.79628445570339],[79.35668970499628,10.793955661107086],[79.34851934243424,10.795672590586106],[79.34807618733493,10.792756937773277],[79.35127217302856,10.791129962418507],[79.3499880304316,10.785759691741752],[79.34511502395146,10.780755146599754],[79.34540482764865,10.766222344285149],[79.36141917057546,10.76505308414226],[79.36113206541741,10.75224245497438],[79.35374190315436,10.747869898732786],[79.35013949357504,10.750161396634157],[79.34906563400969,10.746526861957019],[79.34502933275822,10.745703758563131],[79.34908428483159,10.743326462241516],[79.34148736542446,10.739492361764706],[79.3273669648657,10.739648385262422],[79.32039182426392,10.737251316331278],[79.31658335373484,10.740577449813149],[79.3130544236508,10.740382349760079],[79.31466702894318,10.745088332795543],[79.31200617235923,10.746837153252692],[79.30806586507904,10.746135560032478],[79.30161291515194,10.739538791695706],[79.30838744488278,10.720898614696932],[79.30694570005573,10.710234779689143],[79.31308602278924,10.702013717390969],[79.32006435420688,10.68487405460975],[79.31672156043962,10.671985829699503],[79.31789851336192,10.660784624258529],[79.34289672868047,10.658402100434872],[79.3422161470549,10.655924846841653],[79.34879722638594,10.65244492226354],[79.34976649959435,10.648304366314099],[79.35427230263409,10.648580544323215],[79.35742113755511,10.645864085723321],[79.3542738360583,10.631706093958245],[79.34812831657085,10.626940984577391],[79.3495640965844,10.617611059142536],[79.35210079341968,10.611205964250411],[79.35421638969417,10.610790347154701],[79.35375529613695,10.606717450385611],[79.34855092630133,10.606838921824366],[79.34898600374962,10.597753035588864],[79.34673824643221,10.595646293416944],[79.35185685141272,10.583075633232864],[79.36111357808886,10.578732324290375],[79.37868059340724,10.579555779640641],[79.3834001308059,10.582114308139367],[79.39664969913838,10.580174794271846],[79.40159722176963,10.572539580357866],[79.39854008597449,10.558910816569421],[79.40033519928822,10.553811731062183],[79.40504513728978,10.55210728856416],[79.41486714682473,10.552070258303479],[79.42070519185502,10.549108743230901],[79.42356052740978,10.549931126386223],[79.42591896076344,10.557864012299211],[79.45250784002357,10.559513754436553],[79.45205823142723,10.551047145348026],[79.44421427262202,10.550872505225378],[79.43305274564104,10.544704198115815],[79.42849834284607,10.545685775914041],[79.4233721102705,10.541609069614537],[79.42315204907706,10.535361954304118],[79.43756368255261,10.530685665051916],[79.44075072641596,10.522647896603164],[79.44502201436929,10.523614393282045],[79.44715013136224,10.52110969836634],[79.45684297573574,10.519674638933287],[79.4577504906667,10.513757187006403],[79.46915568027862,10.511353984758049],[79.46907638778512,10.505174629643681],[79.46468696598203,10.505781473307762],[79.46089046191081,10.503056678046836],[79.45356753315689,10.492261743574035],[79.45538454470231,10.48858172740593],[79.46173758939341,10.48744107225614],[79.4679827230627,10.492714766705468],[79.47079131657829,10.491195147990982],[79.47654702831782,10.493408497748804],[79.483091071008,10.489604844363653],[79.47931024343684,10.46345096979499],[79.47193468867863,10.464483769365225],[79.46965037981063,10.46176311589964],[79.47610461522692,10.449727964970203],[79.4730497782206,10.435322287768],[79.4617420612069,10.432857133957711],[79.45467316703218,10.434029589384277],[79.45111022044328,10.42965912662647],[79.45632919239384,10.426905034210277],[79.45920413727293,10.418754042799653],[79.46514890665054,10.415967990982198],[79.4648690185575,10.410850944011647],[79.46158933682881,10.406616130942691],[79.4737994923938,10.406527009279582],[79.47601223068648,10.4001299743175],[79.47717918535967,10.393520772279453],[79.46384179413178,10.39390865289902],[79.4606215090097,10.389054508592057],[79.46475816824807,10.388506509331009],[79.4700030053906,10.383112254873259],[79.46755297891225,10.373100154981175],[79.47549711424467,10.372040181998786],[79.48565414238003,10.380558105422622],[79.49225267867196,10.369819906224416],[79.50257118436953,10.368446174782068],[79.50481838742638,10.366326969564518],[79.5053145548056,10.358651481081772],[79.50253347219558,10.34914843942113],[79.4987556189463,10.348887597329433],[79.4987557698633,10.314827804673882],[79.51394685264626,10.31327856593811],[79.53359592833296,10.32246174608278],[79.54413041507597,10.324885319017062],[79.54922329140841,10.31780555934688],[79.53207467811171,10.311481060124937],[79.53074251876615,10.309166178754468],[79.59552762197322,10.30244020320709],[79.70877760820801,10.280905179409721],[79.71835954208498,10.281609813263874],[79.7220306521223,10.286111270973908],[79.71953461303679,10.289018600620953],[79.70513427407926,10.29279672692064],[79.66961602860557,10.323148499328344],[79.63880221985066,10.342263003321946],[79.63713639476758,10.378675119377279],[79.63434859186093,10.378880320936824],[79.62741992200712,10.396173707408053],[79.6302508494373,10.411588474002157],[79.63325088112644,10.415729190834396],[79.63068915632903,10.421176289027061],[79.63241976791042,10.44254429822679],[79.63083056283286,10.445541360212614],[79.65885270143384,10.446665866753685],[79.66019481590934,10.441087556401042],[79.66356045742758,10.440264488001601],[79.6718179951997,10.447310939423195],[79.68264609180173,10.447313951895868],[79.69020012204393,10.449898442166235],[79.67723454441045,10.480684484919546],[79.69943694564667,10.483392780727259],[79.68835477224458,10.510359418192614],[79.69438436863618,10.505314801792775],[79.70032708177011,10.50605046009119],[79.70058873406292,10.511999163855064],[79.70737265657834,10.515243338746707],[79.71455155664613,10.525548008158438],[79.72673302361419,10.536131423758798],[79.71501262055895,10.541726387742145],[79.71580424383511,10.546486178920542],[79.71034797741069,10.553684152165488],[79.69975624372955,10.549039483574482],[79.68815309058184,10.55136970897589],[79.68715806357254,10.55670842823673],[79.67828608173933,10.55578769060184],[79.67574679326447,10.561632918228943],[79.65961057141149,10.55922082216836],[79.66885904975669,10.57552036043478],[79.67974594109408,10.572662094997668],[79.68115402694575,10.578524759578295],[79.68585996834257,10.5788269683835],[79.68716738359362,10.583550449410959],[79.67210885621397,10.586414081972062],[79.66925770411346,10.585153262721397],[79.67025440558245,10.59077653971857],[79.66737271794884,10.602638325613993],[79.65899307307845,10.60396360597261],[79.65555773127736,10.613497305674942],[79.66641023061408,10.617338662091218],[79.67266096438085,10.616402176565463],[79.67362624996773,10.624425703387915],[79.66912587095563,10.629507212257481],[79.66998540057907,10.632906386356712],[79.6494182107394,10.642839404757508],[79.65008593657491,10.652069971744858],[79.65317520870103,10.652833681596258],[79.65417177542271,10.657250059211536],[79.66037302189879,10.655685529898447],[79.66670156773546,10.65039743566218],[79.66880974662062,10.660742921192073],[79.67183550156794,10.664327179089728],[79.67080787379868,10.669494071310575],[79.67496696037641,10.671486984063119],[79.67782465400882,10.680409768569001],[79.67229171008668,10.693225760032956],[79.66189423079754,10.697394642788813],[79.66031774406778,10.701612249306171],[79.65217302571217,10.702327118160875],[79.65525439985032,10.712936163398734],[79.66429079943167,10.713070924124777],[79.66518165330903,10.708618273579928],[79.66889303392222,10.708111589993841],[79.67136620729048,10.71184962659523],[79.67649920238352,10.711939356192905],[79.67784368122484,10.716495702615777],[79.68715443078554,10.715883959826037],[79.68931770424541,10.722632450371423],[79.68409320136765,10.723415337881315],[79.68127835288274,10.72874979564828],[79.68700305118543,10.738313877403325],[79.68999250790706,10.737942705438007],[79.69824052443548,10.745485474234357],[79.69490014803465,10.762846180562416],[79.7003821188526,10.7674832041874],[79.70368153836472,10.783397851611518],[79.70599005862626,10.782701491741548],[79.7056570333875,10.785856509229747],[79.72398729240555,10.794387517831549],[79.724559662972,10.797519785021505],[79.72889365243387,10.797107636180298],[79.7318852067217,10.802164927049857],[79.73171386386102,10.809880626280425],[79.72780924934203,10.809555969602817],[79.72548107843365,10.80607600491123],[79.72364815413131,10.80762670658464],[79.7277551536939,10.812145948652834],[79.72594293915212,10.822099360709588],[79.7280783405837,10.822682030124174],[79.7276321967894,10.82919545006949],[79.70996014056654,10.829175786735169],[79.70876113130905,10.8246604586079],[79.70358070157577,10.824389905765171],[79.69819127609668,10.830727544184866],[79.68605152239884,10.829725068779794],[79.68655686786529,10.816142395881657],[79.67514058226296,10.81879161540871],[79.65896414642799,10.817422023159347],[79.65717569861367,10.805760318873588],[79.64251809743016,10.815780361388358],[79.63127067713495,10.815422160304882],[79.63128422911932,10.822735550031426],[79.6417135303291,10.826253172337534],[79.64343722398446,10.823053140813359],[79.65283781495505,10.824581497903239],[79.65421887858463,10.829078974396545],[79.64827486019858,10.829277541785293],[79.64817903690722,10.835094792639941],[79.65447531076734,10.83608048641548],[79.65500158518326,10.843963407027816],[79.65218526885118,10.851963694810275],[79.64388589204468,10.853386973420074],[79.6420339989168,10.857061591876029],[79.65095998027839,10.85635707829903],[79.65237804731116,10.867173521014388],[79.64663458679543,10.870979030413674],[79.64622768680266,10.87435996236433],[79.65564360393029,10.875716466074888],[79.65214545012792,10.880353832897802],[79.6525527381929,10.886148489758776],[79.65760161324607,10.88718377074462],[79.65633978300414,10.893321883051364],[79.66764575369294,10.901019625952555],[79.66642982287043,10.907325013283412],[79.66856637234893,10.914321954778606],[79.67168130215617,10.916902837022743],[79.67888918906154,10.91538393127451],[79.6807936300403,10.927976531133007],[79.68477749662858,10.928342446230502],[79.6887382872939,10.927433676593694],[79.69061687026719,10.920296483405211],[79.70100358504426,10.91936439505218],[79.7040707640043,10.921412905705074],[79.7031501570264,10.925612840754539],[79.7063804287195,10.925815323593461],[79.70738663616082,10.923102866431398],[79.70501708435887,10.919589945124912],[79.71440308579093,10.913708121747067],[79.71554013015843,10.924447422159751],[79.7188059652553,10.925025447104264],[79.71589754465714,10.926974035165205],[79.71572017859249,10.930865765257835],[79.72408530129802,10.929128651736002],[79.72590263983017,10.934290124001556],[79.72958918741563,10.934149270144038],[79.72949387706232,10.936571997975872],[79.72330490157303,10.93518104556965],[79.7274314287133,10.937937445358154],[79.72406595877331,10.941341630803663],[79.73717772284625,10.949063538332648],[79.73670478320537,10.957425590296243],[79.73358048666461,10.957240968020248],[79.73268665307545,10.951428482860798],[79.72085333717891,10.95187375285057],[79.71969148134325,10.96850740333804],[79.73119687173691,10.970516623419744],[79.7389586787111,10.96728763390745],[79.7401104293981,10.964353903367849],[79.74477239916011,10.966205937737781],[79.7461045270646,10.956288787013559],[79.75886620419658,10.96059127860126],[79.76396206922396,10.959762106006442],[79.75944894760961,10.97219025357121],[79.75477860375251,10.9718817634334],[79.75284491722135,10.976887706425199],[79.75844699369115,10.979799652028097],[79.75856410615641,10.983489380215373],[79.75290197910655,10.982869276735304],[79.75261024043823,10.988017596352348],[79.74736522363264,10.988298834713564],[79.74813215311995,10.996463143665896]],[[79.71838160560665,10.955913501387032],[79.71973962385597,10.955945360670068],[79.71970024979875,10.954846564437755],[79.71834216237917,10.954832141100528],[79.71838160560665,10.955913501387032]],[[79.72191724071597,10.935183193249514],[79.72044963429022,10.937235543408468],[79.72246706087384,10.938265680814679],[79.72191724071597,10.935183193249514]]],[[[79.76894282143591,10.900956508651248],[79.76615760477895,10.900611836240808],[79.76663620919604,10.898627482072653],[79.76789581610765,10.899848530686839],[79.77043357744652,10.901390908335065],[79.76894282143591,10.900956508651248]]],[[[79.76405565840523,10.907305640010488],[79.76405823028188,10.912219123970697],[79.76246900813632,10.90622910310013],[79.76507691532248,10.904146290673605],[79.76217952334108,10.901519807576227],[79.76524173371924,10.903536160848802],[79.76398018105674,10.901456275792045],[79.76788598943673,10.901769668725827],[79.76405565840523,10.907305640010488]]]]},"properties":{"name":"Tiruvarur","sourceVintage":"2011_c"},"id":689},{"type":"Feature","geometry":{"type":"Polygon","coordinates":[[[78.66318572963792,11.373786845608642],[78.65563559089756,11.36617110460813],[78.64986293244016,11.354328726779105],[78.64314280558123,11.348281095025945],[78.64125539755861,11.342084032079256],[78.62187087931633,11.336456403597161],[78.6045246043178,11.338769610274323],[78.5931315590302,11.326870544432756],[78.58944524859994,11.32623291129102],[78.5836508931335,11.329787076362999],[78.57669346461422,11.31644517096971],[78.56126312094517,11.316360513289064],[78.55292174340757,11.320051364613146],[78.55219665025972,11.325190586987214],[78.55561726957163,11.328278756570901],[78.55209924323849,11.346046536169888],[78.55495144097799,11.351629676998389],[78.55343789740353,11.358653583285063],[78.5424177571634,11.3694580944239],[78.53525826609568,11.36789185768205],[78.52348424529609,11.370667636329971],[78.52341429078996,11.37394019023695],[78.51531075480025,11.384478037951155],[78.5034683290884,11.380497484439111],[78.50621761762557,11.383294532835222],[78.5098034874239,11.396793151273357],[78.4962820385808,11.408885194735767],[78.48622032978193,11.407419937784551],[78.47910321314444,11.387890934151663],[78.46987591707367,11.385647295602423],[78.46175369522771,11.370281166667995],[78.45470291288576,11.34929140706851],[78.45959778256329,11.342618428303343],[78.45744438607996,11.340404146422294],[78.4468506752069,11.344800205188083],[78.44726006712625,11.332098468829939],[78.4518812731373,11.330519883389622],[78.45577037644632,11.332186892567762],[78.45478921583175,11.328322464327398],[78.46247330505912,11.322399087281255],[78.46543596234086,11.313339754177534],[78.46094808697922,11.305792401996335],[78.45665214835616,11.306005953583016],[78.4525466148441,11.29800173395694],[78.44703650968972,11.274832629122464],[78.43813286044612,11.268528868170764],[78.43708773619004,11.263480020812157],[78.43955054659322,11.258900552893467],[78.43533697629516,11.254973309596066],[78.42470453276198,11.225819929105576],[78.4201617811163,11.220748860858034],[78.4227572951448,11.216476900671687],[78.4219233621171,11.211667584404484],[78.41516529940375,11.20924555906861],[78.41112197961499,11.203975397159764],[78.4106681480385,11.197489027668393],[78.39985421158028,11.19524328482545],[78.39215350441847,11.189502973156841],[78.381180797022,11.187002121632064],[78.3874074963633,11.177166925780089],[78.37687666217026,11.17623635008927],[78.37966469863886,11.164967466605681],[78.3806033222281,11.137439426396007],[78.37756851136443,11.137959243033718],[78.37584756026563,11.13447411678558],[78.36439056391293,11.137904517186575],[78.34605310489788,11.137974963602103],[78.34752506096625,11.122674412151309],[78.3434436463212,11.112155315873549],[78.3366252258039,11.10485877760022],[78.32728430632439,11.103686485801768],[78.32397653068355,11.097239989913607],[78.33820119330741,11.094864733872186],[78.34181272977006,11.090123546975777],[78.33809300111294,11.083518986180662],[78.34186407837001,11.08333417942916],[78.34971809471315,11.075424699667778],[78.35074841742828,11.069218538740568],[78.36335159221825,11.065083624056083],[78.3600993118007,11.046645290902681],[78.35012374425105,11.04829429468625],[78.34912340280853,11.032577351238869],[78.34463094693729,11.026239365137743],[78.3347246134449,11.027982845024269],[78.32840934470813,11.033125808017477],[78.32387455033921,11.05792302696925],[78.29691799692152,11.07061842395682],[78.29088439134881,11.077180083897796],[78.27791432303725,11.07941791605165],[78.27205715197623,11.077725260665282],[78.26998663765426,11.070944162178675],[78.26551129468916,11.0703005924407],[78.26033341257802,11.075691128426405],[78.25640262564323,11.074957206602388],[78.25072283322328,11.08617129965041],[78.25172767702199,11.090180333132247],[78.23867670733422,11.094503179410628],[78.22989427495841,11.094849694161896],[78.22917695672935,11.084516713708231],[78.2348679825819,11.078530110602681],[78.2363719078946,11.073833083932627],[78.23384487603346,11.071275475256332],[78.23668968872299,11.066605090853113],[78.23022634259311,11.061169431708533],[78.22892001160862,11.054574830125096],[78.22153065243945,11.057569452421287],[78.22157822092869,11.063635650890358],[78.2188655638922,11.066927138711518],[78.20416783226997,11.070935891028087],[78.20470858932494,11.07390557170504],[78.2017755737526,11.075479282072845],[78.19577818555724,11.064614017115886],[78.18342345243549,11.069611192103899],[78.1817575456057,11.068499469844875],[78.16249408073787,11.046795865259455],[78.18210541101296,11.041857163644503],[78.19663449741532,11.046049218193698],[78.19673617862063,11.02965421970981],[78.19884081724527,11.02906168526313],[78.19477622355394,11.022051628893744],[78.18202409641175,11.020847048585471],[78.18012005428497,11.016629975224545],[78.17288123389282,11.012960570437853],[78.1649043280188,11.01318750140476],[78.17084179678812,10.995025007812982],[78.18245503711817,10.978871159374942],[78.18733042593043,10.979425944811993],[78.19787069243398,10.971270633575335],[78.19504090227093,10.96320464400262],[78.19789594587324,10.961452943430807],[78.20706262093373,10.95853074628472],[78.21818334912946,10.95885780182355],[78.25033150732256,10.968809960902682],[78.34154682844598,10.96110166599452],[78.37730144312879,10.963757754980938],[78.38379277716966,10.962347472382543],[78.38405351767244,10.960507722930029],[78.40117606455453,10.961316276646432],[78.42627936389671,10.948855848383033],[78.45274130402066,10.92634900356774],[78.4688357892472,10.921259575377302],[78.46381342527468,10.914133106145378],[78.4893713772535,10.906457145342106],[78.48596171559139,10.903331995660263],[78.47598478799242,10.906430979923963],[78.4781694548308,10.90153032666639],[78.47162815020559,10.898151132072229],[78.47124502592344,10.886280988593283],[78.48452597779867,10.885666622228905],[78.49055254686776,10.895125500071686],[78.50462508159491,10.88551934091016],[78.5506081476647,10.877552216157328],[78.55810118858733,10.869385955900249],[78.55816659671979,10.863789850404808],[78.56728579761413,10.861409721773857],[78.5700652327139,10.856318947985182],[78.57351517034176,10.856759595428647],[78.57791966138375,10.852701180431842],[78.57761474443024,10.84466403340919],[78.57487105599057,10.844794621130688],[78.57293093842031,10.83572997236276],[78.58121500613773,10.83091307431073],[78.58668463140874,10.830964476079783],[78.58529959093738,10.828116474967631],[78.58781440840563,10.828573400400723],[78.57647377891654,10.808053870566836],[78.5546400669342,10.813414747842476],[78.55076081544891,10.80369960173055],[78.54709420507287,10.802799068251792],[78.54679431958326,10.796181249360592],[78.54495638537654,10.79609937007387],[78.54750349907586,10.794355238901268],[78.54662194365999,10.7913896701911],[78.5573437264448,10.789267911741028],[78.55746925881925,10.780837551598808],[78.56049147081109,10.77978955540063],[78.56065552833476,10.782009070427883],[78.56514037817053,10.782493751307245],[78.57170245543837,10.775018500944677],[78.56224142940873,10.764547435930814],[78.56430053243163,10.756085848073285],[78.56721680161043,10.757501337594388],[78.56701312838268,10.748039362759435],[78.56891948456963,10.747461156563203],[78.56429106778181,10.737171904630744],[78.56538874258364,10.73445542339591],[78.55784265434687,10.7311674216869],[78.55177455795885,10.722626996599733],[78.54452484190061,10.723398008365464],[78.54355235901166,10.71954188661202],[78.53392717035545,10.71617585992518],[78.52947230179231,10.711174926392903],[78.52031271443943,10.710606720911114],[78.51881026685535,10.707044152874518],[78.51692702072745,10.707359884000146],[78.51349929035172,10.694891506391974],[78.48972360487974,10.698306218332906],[78.4851636513947,10.702678913784682],[78.47061561862468,10.703650711435353],[78.46742385591119,10.698421562619156],[78.4706910034467,10.69562708884613],[78.47081281499922,10.690112238575551],[78.46786899988055,10.688494774245118],[78.45611804063094,10.6867619490909],[78.4510678872751,10.687337179903599],[78.45117825698586,10.690343347332275],[78.43818897640529,10.689952496228612],[78.43361806976195,10.687146142312999],[78.42942994244767,10.676415492125274],[78.42607532056307,10.675936819666582],[78.4249961762089,10.671814409260756],[78.40737377885493,10.673895661700717],[78.40054177042065,10.681381827327817],[78.39976532418122,10.690404484803608],[78.39684478800484,10.689939036432525],[78.39924918455831,10.696294523670591],[78.39036437657948,10.70846815503846],[78.38791904110356,10.708224108646293],[78.38439507241482,10.716690746585847],[78.37432546472967,10.718476175627188],[78.37782205995504,10.725970968106267],[78.35905365574199,10.725545204081511],[78.35817173111853,10.722141322787204],[78.34499384475248,10.721507164575867],[78.34187865443381,10.705247110978146],[78.33455161588748,10.706886952726055],[78.33439120642214,10.709635295103736],[78.32895668731241,10.709168814398621],[78.32794254056063,10.706063162416347],[78.32050085901776,10.709085877005858],[78.31636596676555,10.701653588389682],[78.29253017142466,10.701801309387406],[78.28940924356625,10.714131871911974],[78.29234657644184,10.73527433158534],[78.28798574442094,10.735227833039318],[78.2859845665642,10.746555157723487],[78.28345229662666,10.745871792289773],[78.28377503885034,10.737400802781675],[78.27206267931015,10.677289964614223],[78.26578816713783,10.628165037014783],[78.26311094774097,10.615077591115005],[78.25854377808922,10.609737274394968],[78.25579195360801,10.601409668643583],[78.26009830460355,10.595779000983953],[78.26260872032688,10.578860226575298],[78.25659977620369,10.570092881993968],[78.25015377115204,10.56923137165498],[78.24310839756643,10.55432507697831],[78.23074488341275,10.550025750209368],[78.20874825117387,10.550117690173252],[78.20001736772235,10.54668869782366],[78.1901071687793,10.538454544681503],[78.18489203622825,10.521399996059365],[78.17661438158366,10.517427806213691],[78.17336478443386,10.503726869029833],[78.19172595268421,10.500909786600447],[78.19379404874141,10.495380993207482],[78.20261198343555,10.486514600979334],[78.20013159300227,10.485276576603553],[78.19990236989125,10.48150207903314],[78.20361082019997,10.480330458318187],[78.20653699060982,10.473996737836],[78.21441061358236,10.472959681285582],[78.21758317660328,10.4666890195757],[78.22395856958205,10.465697310274628],[78.23403055600609,10.470277946067412],[78.24637030882212,10.467945807562401],[78.25301268289994,10.462382716741155],[78.27739906735655,10.45408769318874],[78.29547588468353,10.450879079776112],[78.31509328397664,10.439460821418667],[78.30647526485743,10.423230598987145],[78.30681585480919,10.412155632581397],[78.30325076124676,10.40741281310529],[78.28782749899713,10.402115240877738],[78.28763383389996,10.393345581274737],[78.28036152072076,10.389030755971891],[78.27720373678288,10.383189375911977],[78.2793394723877,10.372639432646166],[78.28581911844842,10.370037660422597],[78.29236429840574,10.361202134086778],[78.3047941630246,10.352168979818],[78.31783844565338,10.348722771915535],[78.3239901707028,10.337219439685873],[78.32738178071924,10.339218058860304],[78.33084705438561,10.337591276918133],[78.33095746002898,10.332763536845434],[78.33780168734776,10.32549564761259],[78.33701865376237,10.310808627403897],[78.33324972707207,10.300365722180551],[78.35022604709054,10.299373383614814],[78.36325858784026,10.293705853413902],[78.36706513777128,10.301083366838425],[78.3714884548067,10.29903135739746],[78.37479780070267,10.300269998097717],[78.37202695619197,10.3030816348814],[78.37184873043961,10.308619183601518],[78.38092813057695,10.310468251297],[78.38330194578324,10.314134350863442],[78.3904095519568,10.315933381098457],[78.39386547955098,10.324219277202412],[78.39652235839483,10.32390731914371],[78.40119789990415,10.34030725008845],[78.40310165906162,10.34011723397076],[78.40474095240276,10.34524337371254],[78.39382982002743,10.349090765562813],[78.39216357183784,10.354302904014482],[78.39975144880336,10.35436589758888],[78.40265071467043,10.35740345862048],[78.40868646631834,10.357841529113697],[78.41021625502641,10.361778689089078],[78.41480480368358,10.363143447030575],[78.43663303055281,10.362729218096405],[78.44893990413117,10.374904966419523],[78.44805951742349,10.378575721219951],[78.43984131508103,10.380480396132722],[78.43859537962969,10.38367200491353],[78.44022394528977,10.400596223420397],[78.44749961457488,10.408993790395435],[78.4628101113069,10.407937114589634],[78.4701509542642,10.401819019561918],[78.49035886110934,10.395827893677893],[78.48957160544212,10.390277006207963],[78.49202275032299,10.387961778397038],[78.50774129778968,10.388971187092775],[78.50556692384782,10.375896815441216],[78.51390372177408,10.371526312598508],[78.51571242659809,10.375544906999368],[78.52485788434987,10.378223345705887],[78.53028288221587,10.390529116704037],[78.5311436236666,10.396704673960514],[78.5271225299946,10.40282983691133],[78.51654657432313,10.407845007838889],[78.51907432573482,10.43137375083288],[78.52314472074626,10.43658360227818],[78.53310914918636,10.433853054426981],[78.55230830635794,10.433674955642092],[78.55330801628482,10.42660081973459],[78.56248336457935,10.426777313747653],[78.56566867559248,10.428143018389774],[78.5614223239731,10.431683903729907],[78.56509482460248,10.442972924598601],[78.57104616874966,10.445616749308206],[78.58507200815006,10.440922888298777],[78.5832774284356,10.451782195923565],[78.58734362741633,10.457699061407475],[78.58940524662036,10.474474195418397],[78.58499997943393,10.481140887819844],[78.57811488595627,10.483156188587856],[78.57843324529968,10.4849725058824],[78.57076846895261,10.489063774234328],[78.57905949412189,10.506654245093323],[78.58183416904899,10.521892948797571],[78.577915319826,10.519356353986632],[78.56939155733627,10.519576265364424],[78.56457863467392,10.512026207736838],[78.54999309903744,10.514084039784667],[78.54386764342188,10.53002580407191],[78.54219628471664,10.528126767766613],[78.54015881402411,10.528551096400019],[78.54078865520913,10.530404638954467],[78.53648546897837,10.530606778947774],[78.53284094188693,10.513934451934878],[78.53942358787981,10.512584858252067],[78.54094233539467,10.50501816042755],[78.52735531223081,10.486275822378213],[78.51930577397282,10.482836806932703],[78.49606685434101,10.485063286885616],[78.49268828965913,10.48882997502243],[78.49640343331502,10.493764950807975],[78.49795659259351,10.50666703990896],[78.49333982066669,10.510027331782513],[78.49293044132374,10.514877851168903],[78.48814063590693,10.520367230152768],[78.4913130192648,10.526785108092426],[78.4861444383101,10.534028493732585],[78.48616888506224,10.538842692739092],[78.46386290717547,10.54083364459362],[78.46652292383466,10.545674282702546],[78.46301405582584,10.56168186295457],[78.46613429198146,10.578338640436513],[78.458404634813,10.581260752415524],[78.45964500070956,10.590147504853935],[78.45230317140208,10.592260225721404],[78.45087846042946,10.595935598876562],[78.45272872670836,10.595080841910713],[78.45314522430162,10.598213365632784],[78.44980597618479,10.601626973914819],[78.45024525864693,10.604578680916378],[78.44562640442528,10.607377747008009],[78.44683748344694,10.608530194598526],[78.45954522932252,10.611447503151751],[78.45895255413572,10.616813319253017],[78.46689911491946,10.61850642633568],[78.46916355844323,10.627763510320543],[78.47797012316084,10.63135916663835],[78.48249628561818,10.638414034577451],[78.49244326697885,10.63508373032222],[78.50659933784092,10.635663232200885],[78.52701870271407,10.629084606281612],[78.52911082421355,10.644784502559277],[78.52348008340138,10.64700660697654],[78.51980880268414,10.65172003416723],[78.51802808666949,10.65984245702503],[78.5207095820471,10.662822336349597],[78.51718535913515,10.664751244903544],[78.51782783332803,10.66983235159819],[78.52081241758758,10.66905141180692],[78.52307739560896,10.674096920406493],[78.53011186993524,10.67131024989337],[78.5338805648602,10.676541502342388],[78.54441077023256,10.675233750415533],[78.54493056330371,10.679464940600768],[78.55084722888766,10.68638267222059],[78.5556459976944,10.686921812285942],[78.56844885359901,10.681278790053598],[78.5649228115986,10.671166025758616],[78.56556037110859,10.660638264029245],[78.57492445724095,10.659812904865955],[78.57946172018026,10.664058319653977],[78.59305370473946,10.659024657015788],[78.60918403364417,10.681099162623381],[78.61604860690582,10.681592320816081],[78.617630166422,10.67687767469426],[78.62131382233058,10.675797465301123],[78.62379972213148,10.686339002399231],[78.62217710691188,10.690117961280823],[78.62606628657765,10.702539975967271],[78.63518929992208,10.7073587188696],[78.64109008958003,10.707991461777281],[78.64758942491513,10.703642648103493],[78.65847221544325,10.704677093707732],[78.65560514789088,10.68790683870933],[78.65131313670224,10.68140234509103],[78.65613895108721,10.675760621274806],[78.65640829655213,10.67195446461202],[78.6524999369567,10.65861065439167],[78.65886551584094,10.654044626032023],[78.6651994794171,10.654780849397769],[78.6657679521935,10.671456374583038],[78.6829471270745,10.671060813381573],[78.6821224413043,10.686574779283847],[78.68831545741575,10.687342195592073],[78.68885984995266,10.690140190939795],[78.6931471575625,10.69132372042113],[78.69520217325085,10.701163747295306],[78.69763097523398,10.702287619576701],[78.6954603778096,10.707398356255531],[78.69254259227458,10.708148546605319],[78.69057105522896,10.723974618037175],[78.68790247043862,10.728644609427432],[78.68918804135687,10.73463833863807],[78.69700870684677,10.732268162567047],[78.70911768156803,10.733070038978775],[78.70988282879783,10.72206284270793],[78.7178038864106,10.72081768409942],[78.72296297127444,10.715889067720497],[78.73593915621478,10.714727827576393],[78.74282015337478,10.707416093600054],[78.74447262859444,10.70164304022874],[78.74257955130402,10.69930217885494],[78.7464411347243,10.69780908423971],[78.74655586934901,10.686820102758434],[78.74375747440683,10.6832003191663],[78.73809926041834,10.682813530974954],[78.73580575998837,10.671653570591415],[78.74331321887131,10.655346117993012],[78.74411774644649,10.643380466283444],[78.74882793238304,10.641987152111497],[78.75776737320251,10.644040197189893],[78.7564448581699,10.647731903568026],[78.75864064704979,10.653388406617822],[78.76532304556507,10.655092572962658],[78.77338420263293,10.653783896327772],[78.77378106844402,10.651236115881144],[78.79066211224513,10.649776002077632],[78.79356816668084,10.652845674883617],[78.79750910098508,10.666894372929482],[78.79949021137672,10.666773525699748],[78.80202795744424,10.6716096152811],[78.79849997059127,10.675448095263619],[78.79971004978796,10.679861627852977],[78.80495361311945,10.679741207734727],[78.80671759531698,10.677821860113161],[78.80354995955541,10.676046254390203],[78.81265109532939,10.672418922698954],[78.8122571086188,10.679576097192534],[78.81765510941557,10.687742459094645],[78.82084798065016,10.687055225163723],[78.8204057759684,10.694576384594326],[78.86274573518318,10.692499824277455],[78.8647792299323,10.688071426559484],[78.87210205717658,10.688129739750407],[78.87345849888253,10.705590330626764],[78.86841812907845,10.711312276753592],[78.86517751687812,10.720835163811072],[78.86450334024056,10.732831779336038],[78.86894221070678,10.744079914600459],[78.86842506137751,10.760710788104403],[78.87326814228057,10.761595724659603],[78.87454226596718,10.7730135798636],[78.88096460220773,10.777454386945417],[78.8802741849281,10.788533686842785],[78.86715941239729,10.784948307638071],[78.8669766348814,10.792354950595708],[78.86471904640152,10.793218881570834],[78.86564352242334,10.80015728208375],[78.86046217101858,10.80318613958006],[78.86165113621288,10.811930143434415],[78.8678555420638,10.815474422383062],[78.86877411974747,10.825581875579614],[78.82567405644488,10.824799456608618],[78.82085050761106,10.822809596607826],[78.80361623725705,10.825662506267868],[78.79705523617093,10.823852636615324],[78.78698971043043,10.828754214983293],[78.77576934559495,10.826992141869255],[78.77648050856773,10.833099311921618],[78.8033156798276,10.83840064186112],[78.81612440262934,10.83541574599531],[78.82952527240845,10.840078215752255],[78.84915180577141,10.841812794978818],[78.89598190589896,10.85952031672009],[78.92337047979807,10.866108486872545],[78.9406271694066,10.87846418258107],[78.93769160980538,10.88112717540492],[78.93971427087217,10.88768122155913],[78.94021248641022,10.88618039269593],[78.96019091502276,10.89464203630801],[78.96628365758893,10.887187337262894],[78.99133142218193,10.891712902242803],[78.99752510663993,10.894793470565435],[79.00570955388726,10.89359668089016],[79.00694293178923,10.901283162791989],[79.00194696301466,10.922154058946798],[78.99033081843133,10.928419374623251],[78.9861278518469,10.927599566437417],[78.98269839940077,10.921667326176731],[78.98024565821366,10.938832399024191],[78.977563649898,10.943567502161686],[78.97204140311428,10.948368119600653],[78.96089555083668,10.949778435296292],[78.95028648775543,10.95552100239383],[78.94731826990204,10.962467562952023],[78.94679830704929,10.976569255057967],[78.95339180738576,10.97306875605993],[78.97295526015114,10.971711319592721],[78.97561096669355,10.969020179373905],[78.98743134595172,10.966798338363859],[78.98226227272025,10.975530308668075],[78.98962124637494,10.978491406612877],[78.99185646231267,11.001401810286566],[78.99408146530392,11.00060917715923],[79.01231997039883,11.010092299710484],[79.00805079258808,11.032981158809084],[79.01004978304711,11.034337983307715],[79.00997384935445,11.040860636321824],[79.00598456323004,11.06029150161518],[79.00170586058233,11.060615123948748],[78.99833222495639,11.076213809116124],[78.98473687171487,11.078854016925636],[78.98546235922319,11.085765192203509],[78.98038421256646,11.09099226191943],[78.97395517309727,11.094280485384463],[78.95401500373266,11.094755990605186],[78.94684759132072,11.09279131196579],[78.93933322978314,11.094813368246907],[78.92944296535458,11.093599135268727],[78.92641720861064,11.089427423983684],[78.9175162309567,11.092597272614563],[78.91661505992828,11.096159316720563],[78.90353957521641,11.095749179605],[78.89612563544614,11.100057387115505],[78.88646424827722,11.10173919938217],[78.88563125129406,11.098850786041869],[78.87320563121492,11.096721640691758],[78.87248751438352,11.084236745207097],[78.86387454828775,11.08556077141944],[78.86213059941934,11.090135130411097],[78.85345361757982,11.088638229409103],[78.84746276822136,11.090188036027126],[78.84433723919209,11.088239439573222],[78.84003243419716,11.076436544229828],[78.80725153505723,11.078934382078959],[78.80602212231896,11.0903069671823],[78.8109367064237,11.111738547858913],[78.80473504312934,11.111700851588937],[78.8003130304477,11.114375650110484],[78.7966520228641,11.112557503741712],[78.78725920321905,11.115754997795714],[78.77676990442976,11.112817882601624],[78.77667232133876,11.116899603835366],[78.75967154289005,11.12155349558649],[78.75554522505723,11.116534350734629],[78.74881278588906,11.115957372725909],[78.74474953517905,11.111022847663511],[78.73807599944236,11.10974604583974],[78.73752548039523,11.106125547394367],[78.73528722635523,11.105552252835157],[78.73442903791651,11.098844542280482],[78.73657509785892,11.097709232427503],[78.73886858661083,11.086679094269243],[78.74548938135888,11.083069546317779],[78.74274982606782,11.075476587951737],[78.72023390201771,11.07397874533541],[78.71765213939955,11.055627349047185],[78.71051835991186,11.056447438923145],[78.70977397184998,11.062174767118195],[78.7010350915958,11.068573008047494],[78.70032029403941,11.084457253570676],[78.69825799840399,11.09197936790112],[78.69541632891965,11.093765464854616],[78.69431551989574,11.10396331692709],[78.68704953804266,11.114221105143725],[78.68690583724161,11.129051963440745],[78.68096948687482,11.130336722767833],[78.68089875712262,11.145429723430327],[78.6780840254187,11.147812317283249],[78.67878540933128,11.154325829377642],[78.67581565895206,11.161558606060847],[78.67153619543126,11.166368695331498],[78.65204401589887,11.163608770559888],[78.65120202318641,11.168264636563134],[78.66321933740933,11.174709445959017],[78.67294883214815,11.185701407588835],[78.67590768416639,11.19531092914168],[78.68531594135959,11.195752385420443],[78.69881140643308,11.191134566635228],[78.70555766708023,11.201809683395142],[78.70656652904323,11.208223582783923],[78.71260667435118,11.21273768409324],[78.70884253568136,11.227673365058289],[78.70271649795751,11.228746160708521],[78.70969572499548,11.23349061814188],[78.7134429995925,11.240012238584866],[78.71007075725358,11.248954050359375],[78.71659406233543,11.258440102174887],[78.7260737993741,11.260995677221567],[78.72602433184635,11.263784637996178],[78.72927148108701,11.26512156476446],[78.72869694019084,11.272467024200619],[78.73779235998465,11.274443760602576],[78.75121104605084,11.284792986433134],[78.74879364189204,11.289455618635905],[78.73887119082681,11.29406539657652],[78.73598714870884,11.310126536333295],[78.73803227035265,11.316770435430808],[78.73312928529485,11.323362531171366],[78.7057094626003,11.32521885437877],[78.68580645833565,11.322981649763303],[78.67843762656905,11.327462369286058],[78.67535961841827,11.327037941295027],[78.66585441234464,11.317266598188635],[78.66278145721738,11.320110112196303],[78.66000580582158,11.319350998595873],[78.66119786391539,11.331437782600876],[78.65626961823182,11.333829387372383],[78.63972973121939,11.328559774903049],[78.63640906116093,11.33152054297231],[78.63458154291997,11.336027157822643],[78.64079718040689,11.336533298224404],[78.65011406456266,11.341468886432546],[78.65026539026384,11.344117685089342],[78.65523074086022,11.344650715847681],[78.6571181075604,11.346734351175048],[78.65568474401493,11.351100934400266],[78.6596476663824,11.357948614108212],[78.66802166713786,11.36087676764286],[78.67209846444231,11.359976734153722],[78.67392731218992,11.367611004002345],[78.68099235888029,11.375072668610693],[78.6884873455538,11.377159634255927],[78.69007300587927,11.380174258197586],[78.68910669172139,11.381693213150056],[78.67623779976195,11.378689531624206],[78.66318572963792,11.373786845608642]],[[78.5693521976521,10.709125347341299],[78.57452162571808,10.70904945893726],[78.5799529468254,10.699991741846008],[78.57971168539123,10.693627155360936],[78.57495534760861,10.684870581910179],[78.57064103035314,10.684648302574148],[78.56462001826243,10.69421653540875],[78.558266525312,10.696854989058068],[78.5577990096988,10.702744799397198],[78.56532629170509,10.70491616992731],[78.5693521976521,10.709125347341299]]]},"properties":{"name":"Tiruchirappalli","sourceVintage":"2011_c"},"id":690},{"type":"Feature","geometry":{"type":"Polygon","coordinates":[[[77.69611541757625,8.926316054045477],[77.69483209064954,8.91880716121057],[77.68478944589764,8.918989493868912],[77.67909368861848,8.92462768631162],[77.674060953596,8.92483623811428],[77.65691735918679,8.934326896199789],[77.65396279842068,8.945733060925],[77.65470450860471,8.956469977995754],[77.63446247925347,8.955186586672864],[77.63366226538828,8.952456001155527],[77.63053875577175,8.951863830825884],[77.62969762274703,8.946868278060792],[77.62167281510884,8.949241527730843],[77.6183362421749,8.93409218434752],[77.61623568010499,8.93697181319918],[77.61434438507213,8.936153460023872],[77.61410759724805,8.942365046720443],[77.59323423820338,8.944732246239523],[77.59293335558378,8.910740179375363],[77.5820277496441,8.906927738920361],[77.560933198427,8.910088755584233],[77.57083555867086,8.905167381810429],[77.56455927142756,8.89528375031933],[77.57092454937616,8.889792069575115],[77.56466535976763,8.887173386355055],[77.56672970176527,8.884086038021628],[77.56371177114411,8.881883856996614],[77.56375794365138,8.877887475155925],[77.57252599310117,8.881894464027015],[77.57725040835183,8.873197126870776],[77.58244113996479,8.876389633186369],[77.58986444377359,8.875382429863484],[77.59434734785845,8.868131550851025],[77.59072086612443,8.860097557083208],[77.58531152589383,8.826633672842785],[77.58283447270183,8.826402733917783],[77.57542287843278,8.817283110014552],[77.57456905041644,8.813074092410206],[77.56998351740366,8.811373539344846],[77.56941659781438,8.80447910339323],[77.5663360896522,8.799731661141397],[77.57040948503665,8.792105764078942],[77.56938739987271,8.78967338538017],[77.56493817183122,8.789708726431861],[77.56365697840334,8.787497820182283],[77.55632154060912,8.789264031194948],[77.55378197635144,8.785267006573303],[77.5376655506724,8.790023668150816],[77.53064983496586,8.785433120960866],[77.52957665273021,8.787932920749453],[77.52617274567584,8.787714954609411],[77.52014386344494,8.781781838309428],[77.51959213616372,8.7876361729941],[77.51531989509783,8.788661013605024],[77.51346910779607,8.791992338570328],[77.51871284719732,8.79459795075191],[77.51997428757042,8.801225864337791],[77.51364735690464,8.802887599975131],[77.51101399864986,8.808799981885953],[77.50789154275715,8.808939072420685],[77.50655176120642,8.806158323270877],[77.51116320702191,8.797122754255636],[77.50636470681145,8.795113873731056],[77.49902175640649,8.801311099577282],[77.49795766242659,8.79909909787227],[77.49020365821896,8.796935873581967],[77.48625998944298,8.80123628105203],[77.48665214538701,8.805978537430498],[77.48012524434907,8.804108625995395],[77.47592190855707,8.806718198245498],[77.47614553875717,8.810488525348191],[77.46284329501307,8.813931897316568],[77.46281554156235,8.79006184557663],[77.4615062730869,8.788104589601835],[77.45833438559906,8.78948860406523],[77.4558978302567,8.786265710579327],[77.46133147081407,8.777887506703891],[77.4615031235935,8.772864806876498],[77.45748903408577,8.766039117668921],[77.45038627791642,8.766614573232983],[77.45010858800086,8.763870463259735],[77.44184756566372,8.767795910754478],[77.42035898641356,8.78722015472293],[77.41249039939652,8.823161562435669],[77.41500857027569,8.825598098898098],[77.41027740867725,8.82973050457972],[77.40093705064479,8.828135178442224],[77.4018917882136,8.833605352140916],[77.40680058896454,8.833374526763382],[77.40741904490167,8.83833837316704],[77.40446937815724,8.842127006147654],[77.40076950675947,8.842231166175193],[77.39151540765553,8.849523571285067],[77.38441096175515,8.848280424151167],[77.38267910600712,8.862358290924414],[77.38649742476663,8.871440641666261],[77.37327867044506,8.870269592422751],[77.3570186814072,8.873021945587691],[77.3413590014394,8.87132516275872],[77.34167757997177,8.868006909333902],[77.33138975802936,8.87555990258374],[77.3186395371122,8.875495306947107],[77.31314891911131,8.872501612136958],[77.29488701020829,8.882384737304273],[77.28923749281005,8.878934060206072],[77.28062338944711,8.879040342586261],[77.2732829336637,8.876086250224594],[77.25947170537793,8.880914692108222],[77.25606691438132,8.878817373925129],[77.25863831133941,8.865175772153693],[77.25557449028193,8.861122647399226],[77.26151554692247,8.856514673074672],[77.2617140242946,8.852604995143615],[77.25907955392552,8.853174243820293],[77.25847759644687,8.850330413055167],[77.26275776963674,8.841992210982983],[77.24713575333384,8.823717586616112],[77.24707894567192,8.814836329605027],[77.24251724316697,8.809793600594631],[77.23198437967969,8.807726254247157],[77.22970887699643,8.784587517316591],[77.22429311560813,8.78361513856787],[77.21998792613427,8.778987041039247],[77.21306543309638,8.778615917581408],[77.21843060406276,8.770991809234458],[77.21795359595195,8.768236273431164],[77.20930084077732,8.765348497191665],[77.2049593324165,8.769127304745837],[77.19732856179452,8.76889827425981],[77.19983853824166,8.760790674914972],[77.19751693132308,8.750928905610156],[77.19246385305267,8.744440972095155],[77.18266913972592,8.742779889355923],[77.17162526958928,8.75058056500122],[77.1697672247983,8.74742748602633],[77.17001187018616,8.741794721415726],[77.17910523732955,8.730584021628419],[77.17676732958184,8.726127561174252],[77.1807878159927,8.718321944993233],[77.1842970657855,8.716394628590535],[77.18472075529094,8.713468072622716],[77.18998350124694,8.712362268603155],[77.19503057338139,8.707759552342555],[77.19561109615903,8.702129448086557],[77.20671673804787,8.684195526405913],[77.207256125172,8.680677078856421],[77.20069269324473,8.669076371408885],[77.20837302481928,8.663635988206563],[77.20777992023777,8.660828292905283],[77.21211423129652,8.657192299567017],[77.21426551314565,8.649139805148284],[77.22483227366189,8.639081838247554],[77.2288508816955,8.640274305086056],[77.2346532797787,8.626849692312616],[77.24408420326314,8.621820759690046],[77.24523830484128,8.603435231720997],[77.25517357576388,8.59738608043154],[77.25863547356141,8.58922206819154],[77.26360397095625,8.588623570569233],[77.26772139995934,8.579240014975296],[77.28708956077855,8.566782619299529],[77.28852394660682,8.57029119671459],[77.30160584079823,8.566306792582013],[77.31130884242269,8.559319438628966],[77.31674977909677,8.560744517244453],[77.33713941961548,8.552664177031927],[77.34685514767256,8.544690362700148],[77.35081083231377,8.546440321306234],[77.34993915297616,8.542737618072138],[77.35332299166707,8.539387911072607],[77.35782843717736,8.537661260900052],[77.35797357528287,8.540459715331187],[77.36090296435638,8.540270027701997],[77.3631558061383,8.53716429211476],[77.3626201964299,8.531892878757658],[77.36775582179007,8.528689457905932],[77.3667540717892,8.524717267836651],[77.37443318255329,8.518063398998528],[77.37757351492013,8.524038396371122],[77.38143169911538,8.521404570704492],[77.38910876711046,8.524038234683706],[77.3981441309343,8.521421553327954],[77.40322590588643,8.517242162568762],[77.41209891808727,8.51707379409982],[77.42825766160274,8.512196702637782],[77.43324798895729,8.506141956688458],[77.43867472955495,8.507159812650071],[77.44180226003071,8.50156338737949],[77.44699805814187,8.49816115602511],[77.44596179127451,8.490446296833701],[77.44952833381949,8.487202588620546],[77.44494835059851,8.485282054860932],[77.44513932344479,8.474810237606258],[77.45812135641764,8.467624625003168],[77.46631397294419,8.468782442415895],[77.46774515807506,8.466189430297321],[77.46436451289497,8.461764451659068],[77.472256591755,8.455267552323951],[77.4725148223649,8.451183647774354],[77.46364094957801,8.441837253218024],[77.4641686541119,8.43307308958158],[77.4615996888933,8.428456551344865],[77.46908039235383,8.415270439268884],[77.47293636040524,8.416303989761554],[77.47316181059207,8.397408298756362],[77.47969655482076,8.395642004293425],[77.48930399636022,8.388396028860015],[77.49148289601447,8.379095291661796],[77.50026414171579,8.380681383995372],[77.50732149972562,8.386990396253266],[77.51035508618557,8.383998486269046],[77.51975759056769,8.382224589164947],[77.52404185378704,8.386959248805923],[77.52339161815009,8.390435667282143],[77.53144934634851,8.3929063201605],[77.5379841956801,8.385362530869683],[77.54169024299541,8.378808074774975],[77.5337304212815,8.367481143832661],[77.53562759938116,8.351165539846274],[77.53983690986811,8.34583182228335],[77.53803619466031,8.340351973893531],[77.54204558058922,8.335266889442256],[77.53994887588514,8.333525796014275],[77.53271735969457,8.335305241400029],[77.53425730385689,8.33101073380871],[77.53235215231074,8.325820214602942],[77.53471287367343,8.324365036809704],[77.53093329116724,8.318654150270014],[77.5420014400711,8.31070905512729],[77.54828679940047,8.29543858323529],[77.5571569477722,8.288455531276384],[77.55812008099565,8.283636360013798],[77.56426185720325,8.278560474402376],[77.56197916440448,8.277167586752036],[77.55639594357251,8.280837575701652],[77.55365540642286,8.276885665258346],[77.56305970563892,8.27559449020546],[77.55843145234448,8.26966215879453],[77.56354633740136,8.269663058436901],[77.56185409825567,8.266240369283429],[77.56347993303727,8.260413147104368],[77.57100026657484,8.259342925723596],[77.5704743910109,8.255857234773],[77.57428659942987,8.255817114828922],[77.5738699715809,8.248931893675975],[77.57672524066031,8.24424858581489],[77.57201912229536,8.244067034790532],[77.57220901806159,8.248569958686366],[77.56977199290036,8.248375167654755],[77.56965934955362,8.243415636724606],[77.54840656998068,8.244722694686363],[77.54530342696829,8.240237204635976],[77.54172025031916,8.231736949576918],[77.54551509699866,8.227262042562383],[77.54079161509756,8.224652359094593],[77.54061084890958,8.221465025163177],[77.54551160255221,8.222605432574042],[77.54988223519285,8.220020380818397],[77.54723741084175,8.216362338430624],[77.54410630057961,8.216140115424265],[77.54376838940401,8.205488601237954],[77.54976278890447,8.205593896900671],[77.5504123238555,8.202610183270457],[77.54625163288664,8.200660743754915],[77.54552672928328,8.195588037427987],[77.5529103185734,8.191751289356015],[77.54479397620098,8.185153432911628],[77.54174471324099,8.18524768075816],[77.54691882602121,8.179367035152486],[77.53846672393828,8.174165963719004],[77.53982656486932,8.160892652891153],[77.5462292971754,8.158082047849001],[77.56271345091098,8.156380913077887],[77.57193836105637,8.151852415332067],[77.58377099243667,8.15458024907862],[77.58176212859435,8.150606889079794],[77.58813666098706,8.147139212036118],[77.58861959887707,8.142107005100682],[77.6492204896279,8.15931674321294],[77.68011081059048,8.161158778962967],[77.71408673226466,8.166452545369626],[77.72348465523882,8.171337655759189],[77.74560611916625,8.177367792567697],[77.75965979466234,8.189393039025575],[77.77500419021993,8.195934858274693],[77.78131024673344,8.20104072112649],[77.78413114986337,8.20727135341677],[77.7819602470118,8.214364224230634],[77.78377355839655,8.221643464091812],[77.80292453622448,8.240165763079467],[77.84970051555115,8.256038008723934],[77.88814467631315,8.273297999569792],[77.89974357773461,8.284877978718319],[77.9274202647015,8.298220594790623],[77.95269407955597,8.313890549606024],[77.95454851940768,8.320305110995024],[77.97174857203419,8.333260975215346],[77.97065143172992,8.334966363872207],[77.9736116635604,8.337972149581434],[77.97011703295054,8.340757807314082],[77.96695618755415,8.333782679386285],[77.96017933657664,8.335307539904216],[77.94248048181223,8.333456981003472],[77.93279772821428,8.329506970029977],[77.92580298277973,8.330909239410552],[77.91268425317011,8.326023191790847],[77.91216648759652,8.321710286118677],[77.90145866732621,8.321145725560006],[77.90059190177317,8.325033817444124],[77.89270275681083,8.32206375592068],[77.88995666358117,8.324215779157978],[77.88882194764685,8.333411416006099],[77.88667487889641,8.333402381934105],[77.88945755062615,8.342069039033118],[77.88360639019271,8.344094391580485],[77.88363360195929,8.346585546200432],[77.87379212323717,8.345251639378132],[77.8722622384094,8.350238273043383],[77.87210789436885,8.347959636326525],[77.86835387432238,8.347719884963695],[77.86956601784763,8.343800266873515],[77.86543078603228,8.340861477637787],[77.85873078143574,8.340517502243907],[77.86036855392913,8.356304758990463],[77.84669110455212,8.35441849140551],[77.84998208529042,8.35580213944191],[77.84980936800739,8.358858284389095],[77.84684505423222,8.358365249999396],[77.84649961427624,8.363161930622711],[77.84128360496949,8.363084591378364],[77.841900682891,8.366439094896776],[77.85324512213519,8.366969143676597],[77.85486059215505,8.375685681912959],[77.83839441909821,8.380431145388702],[77.8350306766185,8.378269640078411],[77.83558851244365,8.38231147122577],[77.8427524411889,8.382027440107574],[77.84367809580034,8.386543970302574],[77.85711613606932,8.384763948248604],[77.85986207119552,8.396297025771348],[77.85695156830252,8.401839539990496],[77.85159424412011,8.402680050733789],[77.85334564002224,8.41499515786896],[77.84814180558253,8.423756279834974],[77.83800302672218,8.426237198925481],[77.8362680484302,8.43076697334273],[77.83210431756243,8.432321679418287],[77.84048371359948,8.451382961700759],[77.83262817820521,8.453375662571645],[77.83290011710632,8.456996987686702],[77.83681303924507,8.466301549856341],[77.84040934297542,8.466116603123616],[77.84360555414625,8.47120755402682],[77.83828349063536,8.472811906984672],[77.839394630285,8.484353979053347],[77.82675160802565,8.489931043302807],[77.83033765389376,8.500221182691062],[77.8259504347597,8.50277853757114],[77.82754313967362,8.51130143298178],[77.82581225680104,8.515492484186236],[77.81384951972319,8.519605106626678],[77.81399327172821,8.528177554393043],[77.80726656201489,8.531716585334813],[77.80821501856323,8.53538806639961],[77.81803874837196,8.534069475073332],[77.82029029388492,8.540548861652892],[77.82039744762697,8.551585408831256],[77.81323470286125,8.553392806790624],[77.8155946804189,8.563154707136672],[77.81135673433562,8.564813325252262],[77.81212781942943,8.570361103810205],[77.80770817740185,8.57160821033878],[77.79702217990467,8.565425499283412],[77.79890539998146,8.572980994393287],[77.80313338644318,8.57612413787518],[77.78107500221505,8.583470884117391],[77.78682493060082,8.62069613133093],[77.79157628542855,8.621687376123289],[77.79273177400546,8.614670588441893],[77.80565140191383,8.611910713648909],[77.8077481551269,8.62133799708928],[77.81183656585138,8.620963477313044],[77.81557794390683,8.630653208633762],[77.81893494992022,8.631051640020175],[77.81912243640485,8.650253600085751],[77.80610742358297,8.647280902761432],[77.80916866288234,8.650839675139707],[77.8085266037111,8.658295199720193],[77.81128424478378,8.658313780972332],[77.81211477768814,8.662740254357523],[77.8161396469793,8.664784592255636],[77.81663349041682,8.672208546608154],[77.82432023865744,8.674823037812859],[77.82427824062128,8.681839573634347],[77.81247024463933,8.680816423264236],[77.81029805001035,8.683289189802192],[77.81769185404355,8.699095320586428],[77.82113235756427,8.720018136239174],[77.82808678121896,8.734403835361718],[77.81810206342982,8.757175498250877],[77.82051049521557,8.757424546156066],[77.82079538602646,8.76564357057885],[77.81808054877877,8.775937026070464],[77.82107038279283,8.778487326230712],[77.82843722568941,8.777647569743712],[77.82901851113671,8.78016581343409],[77.83583520239706,8.780894579391848],[77.84390119509612,8.786686771582147],[77.84669579016465,8.790154555697798],[77.84664495540103,8.798644711757396],[77.85112153804121,8.79867225489893],[77.85166206243248,8.802139793629266],[77.84334347964523,8.816406774136079],[77.83940745104073,8.816971428942002],[77.83422075555833,8.823489835315796],[77.83132865285731,8.833430773363892],[77.81820592394804,8.837574293420657],[77.81986796532715,8.84631788195163],[77.81757704126538,8.84673791764708],[77.817489514814,8.853139406794067],[77.80772316040247,8.866492109758033],[77.8128543930009,8.870335797258303],[77.8121676848651,8.871949601557676],[77.80991320904769,8.871072120330954],[77.80134277818063,8.879574026150435],[77.7860815980594,8.883354222258763],[77.76983971366776,8.882400222251544],[77.76195582923975,8.886832648135085],[77.76070439789552,8.890778910834888],[77.76432969564999,8.911905874688369],[77.76394142671619,8.917547724568713],[77.76025340769029,8.920584499618066],[77.75999189014478,8.927623315219858],[77.74747628582365,8.929228870249599],[77.74731379586011,8.93293146644051],[77.74512241501331,8.933054246221273],[77.73721584183615,8.931609838287518],[77.73634530964712,8.923897576575234],[77.69611541757625,8.926316054045477]]]},"properties":{"name":"Tirunelveli","sourceVintage":"2011_c"},"id":691},{"type":"Feature","geometry":{"type":"Polygon","coordinates":[[[77.77656929170179,11.05833467267883],[77.76758958928957,11.062259423304628],[77.75503811434082,11.071077892598353],[77.75173139422044,11.077147175433126],[77.74742506927603,11.077597726366083],[77.73717235978314,11.08571074042418],[77.73164747644407,11.082516813054045],[77.730139886005,11.076654574178423],[77.71336346359512,11.078173818346427],[77.70701944607431,11.091537241040824],[77.69689710189209,11.096172808411227],[77.67348808356628,11.099616805428152],[77.66136941692142,11.103776823575364],[77.65667403342411,11.10819801782451],[77.65446403139978,11.11620349972966],[77.64617515500063,11.115751974378957],[77.63991409509968,11.123377807938942],[77.63238940742792,11.125479805414502],[77.62115715338966,11.127197282640276],[77.61355009020632,11.12545662107609],[77.60735344939272,11.11669598758231],[77.59871273433784,11.111627980053045],[77.5943370953861,11.11273943427324],[77.58722329263371,11.121250025347152],[77.58422531090005,11.121425849971134],[77.57508996458508,11.119335910604432],[77.56679799438814,11.112386645276661],[77.55620815076236,11.108221033408517],[77.55192837642451,11.109838158802415],[77.53846386460076,11.10801713695535],[77.5314581507366,11.103937636237958],[77.52413891495685,11.106651748103442],[77.50325217370934,11.106908713818015],[77.50460184571136,11.125432022916748],[77.50082025726715,11.131852851197463],[77.49894379521623,11.146557950689465],[77.49369568640945,11.140620584080779],[77.48528376686752,11.143118932824368],[77.48548142856939,11.140228620278954],[77.48320906819298,11.140018857660413],[77.48132906857647,11.143233369391762],[77.48412381456198,11.149917685770815],[77.48182663642923,11.151613577191831],[77.48513515677345,11.160828984427637],[77.47911065562616,11.159551940113694],[77.47592172530075,11.163910470113011],[77.47575423711095,11.160000235305862],[77.47148009790489,11.159956796378282],[77.47299636427294,11.163084254765597],[77.46972859330661,11.164848172863124],[77.47363071589903,11.170501628322612],[77.47354669467389,11.178769022055159],[77.47633287522312,11.184931254412428],[77.4879402630291,11.178978808684496],[77.49010202642097,11.181608788680046],[77.5123225862023,11.18302586664794],[77.51686373974515,11.205633442564183],[77.51420802511787,11.205976191727228],[77.51360602002853,11.1998058436371],[77.51073600240875,11.198457759416776],[77.49904106210025,11.205627411700794],[77.50199001827731,11.219258122129592],[77.49448146883962,11.222462143781481],[77.50023211318263,11.22678004718763],[77.49397742143876,11.232167082811067],[77.48895385102877,11.230234434430155],[77.48903370766429,11.2351342326499],[77.48615439787122,11.236839415740793],[77.48012403611503,11.236534678425643],[77.47001748431548,11.246972791684676],[77.47012227908158,11.253229919822667],[77.46525855130004,11.252279493232892],[77.46575866228333,11.25711806641356],[77.463201579081,11.25846775325558],[77.46908824362939,11.27008741757281],[77.46729996020679,11.276882894574753],[77.46280624310087,11.278963197782494],[77.46475354180347,11.28392711120297],[77.46091801671298,11.283349017702301],[77.45983009761513,11.290270515336468],[77.45635438822008,11.293551640420414],[77.45739591023185,11.299217255687557],[77.46021811142735,11.296943944717901],[77.4616146063169,11.29943894642949],[77.45239032858545,11.313299019678778],[77.45258094300391,11.307205484252579],[77.45454174518188,11.306804555422278],[77.4495373259555,11.306065822768094],[77.44821843742166,11.311453730415659],[77.44652589734032,11.30839081019051],[77.44387703057045,11.308689134327665],[77.44396837306518,11.305667239898439],[77.42574009708639,11.319655023567648],[77.42315808024503,11.312123732114319],[77.4175360468029,11.310322040961292],[77.40128236842989,11.315674762163075],[77.39411240839583,11.321904781409543],[77.38676430255946,11.322065108086118],[77.38413651565608,11.329429756385789],[77.38038826279373,11.330692909994042],[77.37861493721888,11.339410138763391],[77.37393739875472,11.338435547147414],[77.36318240884711,11.34149764192453],[77.366560144384,11.328995300628067],[77.36608097312998,11.317132551581848],[77.33455276836555,11.316757059729682],[77.33377500160269,11.315073483382193],[77.3332650819148,11.306864679014813],[77.33633832899456,11.303040533027767],[77.34526621478453,11.300033857391998],[77.34872204715725,11.28591833428612],[77.34474997095707,11.281240740580113],[77.34636750440708,11.276950550579853],[77.34428037933722,11.272024867750007],[77.34225880972353,11.272681255155854],[77.34088588303379,11.267188175099662],[77.3350406380065,11.262957240348232],[77.33639448627623,11.25708325064508],[77.33132800873504,11.256783123163203],[77.3032280724372,11.266377678737085],[77.29559150588497,11.272761593044343],[77.30770974313518,11.274496974406032],[77.31437607707825,11.281967934963376],[77.29187644217916,11.286536161050709],[77.28631718390739,11.292370838348342],[77.28857025206477,11.301947629637832],[77.2881779362206,11.322341485250169],[77.29297436671266,11.330006698201705],[77.29104536130247,11.332719282339985],[77.292102208573,11.336105667934282],[77.28877106056507,11.338553195051013],[77.28893972824282,11.343746290766179],[77.28683332802187,11.341700387966311],[77.2877102436393,11.333188876322664],[77.28174528193074,11.334407810615863],[77.26257696392285,11.315372421561191],[77.26043388099731,11.315948388430181],[77.25854593757875,11.3132474963961],[77.25400269096133,11.314199932181529],[77.25388451668738,11.310772225656265],[77.250942976103,11.310654410414424],[77.24989672805451,11.314833889015448],[77.25404913116654,11.321169392603966],[77.25238563990659,11.325513470334473],[77.24943034072531,11.326185893091445],[77.25124068227973,11.328787564578704],[77.24722665655239,11.329179295137669],[77.24775625293825,11.324893918377752],[77.23826957910893,11.322162855019668],[77.24081100557419,11.320710904746237],[77.23752844205009,11.311902313682076],[77.24162499869755,11.305206510915701],[77.21912797789594,11.303767505676268],[77.21631415259213,11.297846931198974],[77.20343174727587,11.29997479561449],[77.20201295530264,11.304083897247335],[77.20431809071218,11.309941527145035],[77.21415034912623,11.306404215340715],[77.22106169137652,11.307016923233427],[77.2215114490932,11.310004653847336],[77.21918070001995,11.311492460326276],[77.2266756345912,11.31763305804918],[77.23652157973693,11.314063319080846],[77.2370511473767,11.321851357955182],[77.23512854785278,11.324979958190086],[77.23682350440224,11.325675493214051],[77.23454447403486,11.331105018020056],[77.23188019936123,11.335268983993823],[77.22152543855711,11.340208255431875],[77.23477042009173,11.348204633368514],[77.23397483794014,11.352123852191172],[77.2184463227836,11.35224178069609],[77.21761197024269,11.349995507199084],[77.21084170661112,11.349595147422216],[77.208362188442,11.344379548835022],[77.19950787108053,11.343631372736086],[77.19660270687527,11.338673433286445],[77.17873030837775,11.342057832645779],[77.1745147932271,11.33253001763321],[77.17909484022847,11.330657941965285],[77.18305076741481,11.322191080430345],[77.18249973273468,11.313842421854686],[77.17764534743209,11.317206221333544],[77.16767901905514,11.317225635228004],[77.15903772189193,11.332287724133543],[77.14708257108667,11.336217153911695],[77.14785705271058,11.331013869615523],[77.15186471477246,11.329711805015103],[77.14893765592878,11.324938720635389],[77.15111286440552,11.318537975326048],[77.15056706241194,11.306279322178996],[77.14417861601382,11.304881724858205],[77.12633647726663,11.307980477018432],[77.12591778239414,11.302769154802741],[77.11896105186584,11.3026002057133],[77.1171157164395,11.294622027839882],[77.11962566324225,11.289821787227018],[77.12718464859157,11.28532798995228],[77.13722986432182,11.283064280578765],[77.13874820310326,11.286084926984783],[77.13915346995883,11.27972538979866],[77.14384291199887,11.287294994204776],[77.14807440817842,11.285992980216676],[77.14763914657546,11.28219612110349],[77.15344278343542,11.278240370679384],[77.15505044440052,11.281184233239397],[77.1560423865951,11.279266477113897],[77.16244014313286,11.281001579569235],[77.16255036192662,11.283496771857092],[77.1700836824083,11.283278951156335],[77.16495312444462,11.270184590193574],[77.16278056330302,11.252108602578604],[77.16589799581668,11.244278335734297],[77.15949649959238,11.243261920582247],[77.15922075003782,11.231486849188558],[77.15618951087569,11.230659964109783],[77.15370725464159,11.222876385214533],[77.14922937932573,11.223012313823972],[77.14888576384807,11.2186774280663],[77.14647282790948,11.21874536032401],[77.14826740582728,11.214473669225706],[77.14502550723948,11.207173778585926],[77.15024896717318,11.200551349593892],[77.15887421593385,11.197386626982514],[77.16098183876187,11.167996033633914],[77.1734517332081,11.168229666437448],[77.17818874912724,11.162461203693336],[77.18230858471698,11.161945211741967],[77.17888899038279,11.161245141903072],[77.17649419232811,11.156698184069935],[77.17607242791233,11.152480874110166],[77.17871771309915,11.149623719722443],[77.17316363092004,11.13818391416669],[77.18394343319412,11.139493072397961],[77.18652132137844,11.144320229851921],[77.18553811979152,11.149147965568686],[77.18957566880293,11.150462642866856],[77.19144272369618,11.147510556063672],[77.19515031701211,11.147274717279547],[77.19580880816652,11.144227995585384],[77.20213002375048,11.143426486615914],[77.2055571863909,11.138317870272079],[77.20869323199722,11.140568182071668],[77.21225364982863,11.137940939975728],[77.20963002122666,11.13475488235518],[77.21249092094631,11.135034406636729],[77.21108512490028,11.132973596801857],[77.21351845888402,11.126739515290597],[77.22505224143056,11.124955280791601],[77.23156599113274,11.126684449747097],[77.23569924216292,11.139809703931],[77.24221206839697,11.13802647322487],[77.25136723693694,11.128970976577197],[77.25354913426932,11.121734048977343],[77.26457050789632,11.11063000575494],[77.26402814375533,11.10642362013571],[77.25125684836159,11.109672083423606],[77.2463647356137,11.105502023571939],[77.2341073771738,11.103390899621333],[77.21684007397016,11.090097777797446],[77.20535264539063,11.088844160770824],[77.19519061274082,11.078825058100982],[77.168385466771,11.067339031847897],[77.16608734810212,11.060238009601076],[77.1765966945936,11.04721836758901],[77.17889212819809,11.036844101007409],[77.17534676972413,11.015785438398702],[77.17158105810422,11.009343966041934],[77.1674722897588,11.008092372428822],[77.16496900576053,11.002171134316109],[77.15377781640886,10.99830680221848],[77.16994255977208,10.968711156784995],[77.16969860518869,10.956791201155696],[77.17375011042634,10.945955629988525],[77.17790297527245,10.942022442739152],[77.17365771690274,10.93945552391154],[77.18184238423736,10.920573104204955],[77.186283888564,10.921729517343998],[77.18869374867104,10.918451877429673],[77.19893048432155,10.920230843128229],[77.20343853135289,10.91227871235716],[77.2071017595719,10.910831326432424],[77.21099169561916,10.902268954637185],[77.22088421661573,10.900896573974503],[77.23683460937578,10.907215419271354],[77.24807127863366,10.904652952200129],[77.25600128436501,10.88874111338837],[77.25778686206196,10.869833368160412],[77.26675440937005,10.859267726707587],[77.28839830284129,10.848092232245184],[77.28898583517307,10.838973349399604],[77.29215433421567,10.835085623774232],[77.29015425499848,10.83157945612043],[77.29152902323457,10.827753917603024],[77.29552287729223,10.826909695715019],[77.29902960820897,10.814595132661447],[77.2983537157892,10.811491943876133],[77.29056724107733,10.811605226028268],[77.2858508379007,10.805475339592617],[77.27819755190444,10.802743800291573],[77.27591386826384,10.791382577227212],[77.28387236586107,10.786627024954681],[77.25413463640858,10.776391097183167],[77.24805936966793,10.778306293863544],[77.23009204619434,10.77740839614485],[77.2251833801907,10.78189412956927],[77.21438572929026,10.78556310842001],[77.21028151091173,10.790929791998902],[77.2152912284017,10.803463302145474],[77.19646301076376,10.802721888643529],[77.17662836919052,10.797346191797464],[77.17424167214308,10.797305840884137],[77.17179628366654,10.802170022011786],[77.16485936997337,10.792953921424235],[77.16122467224778,10.793207362413378],[77.16024957885465,10.779230673432583],[77.15665150993476,10.777766400754965],[77.15276007729425,10.765674788790218],[77.14534501642649,10.765440166096289],[77.1447916622963,10.761380936888541],[77.14090130224422,10.760544836562907],[77.14043944691561,10.755228896417217],[77.13760513732838,10.755274182810313],[77.13414915044542,10.750129103255034],[77.14244509568753,10.718482164354894],[77.14129667505526,10.678770980745632],[77.14511667456271,10.659930006438131],[77.15254712087636,10.65463623428155],[77.15229551623999,10.650586050871572],[77.17287271510855,10.643844269621532],[77.18114392703593,10.643852100581977],[77.17548418141988,10.626734318688666],[77.17274008604339,10.608250900587711],[77.16932207184578,10.606063492934013],[77.17066913783513,10.599703177093994],[77.16632718570658,10.587182175012826],[77.1579840627424,10.58422213056839],[77.14394851614702,10.582848737403223],[77.10219808172732,10.58599362756126],[77.10070432803857,10.582928733324302],[77.09056133877449,10.584080170005537],[77.09022368990698,10.581191668668447],[77.08540860859299,10.578243673879987],[77.08058980825375,10.570513101222854],[77.0828571452511,10.56257115804893],[77.07703282288506,10.559708779590256],[77.07633990739068,10.551165136352587],[77.07271382361036,10.545129682028026],[77.07663613943203,10.52999167065883],[77.07338174887185,10.516384660588278],[77.07858932479472,10.514862234772284],[77.07826723115463,10.502232226682029],[77.07443046459241,10.502095888279722],[77.07406636842461,10.494997330583008],[77.06405596959816,10.487414610974096],[77.0625911677127,10.481442839671537],[77.05854506314654,10.479055147596872],[77.05961966921193,10.47356762429312],[77.06635756025558,10.467846265633698],[77.06578712376195,10.465717033293025],[77.07211706827553,10.466152260901039],[77.07320074732525,10.459493900745773],[77.06436585243856,10.448955048149896],[77.05630177943928,10.44474471287392],[77.04808066296201,10.431005096938833],[77.0446741085725,10.430511450067314],[77.04179834532817,10.426383504314346],[77.04488202813658,10.421877509435033],[77.04479724244514,10.414825629886918],[77.06051245267051,10.404834906832264],[77.07528267474291,10.388315731632453],[77.07939675931819,10.387584132998525],[77.08105498375566,10.382887675083843],[77.08705082235717,10.377436941608549],[77.0917050468448,10.36488883871164],[77.0884365617178,10.361177123661749],[77.08995830780911,10.35086620338242],[77.08666226775912,10.349396604617384],[77.0845449583974,10.342534260251343],[77.07818178340483,10.337361852575077],[77.08235946241403,10.334415202575974],[77.08421369026333,10.329533405611002],[77.08120193106812,10.321970225760744],[77.08836410001373,10.32459315364747],[77.09200182236688,10.31236992542831],[77.09609857933864,10.308979979573277],[77.09831624489065,10.312710226124128],[77.10171799868331,10.315613929963682],[77.12038790621872,10.31795924226396],[77.12878931277687,10.32622816532816],[77.15128154016811,10.337534229271098],[77.16220666200735,10.348902731602614],[77.1766231966911,10.35844116216106],[77.19604866733052,10.35450589200317],[77.20206414040922,10.357629199284478],[77.20465227926924,10.353854887091803],[77.20939263422632,10.353023776033204],[77.23564592535416,10.352251306354143],[77.23637470878123,10.338889045565328],[77.23304635543217,10.337649802156765],[77.22921192987955,10.330654677062572],[77.2277471396722,10.315416049048235],[77.2314131751265,10.308424114126339],[77.23527660278803,10.307650158732034],[77.2367618359563,10.300996384113365],[77.23981516109801,10.298526252077298],[77.23931314478797,10.295025551094842],[77.26292596030905,10.263331916396822],[77.25719030166158,10.259392422364797],[77.25972305309612,10.230274146040665],[77.26455036856596,10.232325434598836],[77.26474889624376,10.235217138230652],[77.26859828233908,10.234587594246777],[77.26926064882564,10.237043594344692],[77.27315924103895,10.235008281361898],[77.28089310501791,10.236849180839158],[77.28808816128608,10.231863375776594],[77.29678103432296,10.252693758830246],[77.30411751326463,10.24418144125548],[77.31053850832045,10.246330144774985],[77.32469250497252,10.264787710026157],[77.32507031032989,10.270076697965147],[77.32855272295357,10.271049197983318],[77.3399735594211,10.263949292416102],[77.34809790218942,10.263398715854985],[77.35127818173866,10.273335039581536],[77.34741939926545,10.290128183988696],[77.34132104222876,10.296302820257244],[77.34204106169192,10.30007704201591],[77.32990188920405,10.309631516697875],[77.33130247412308,10.31475343488398],[77.32654467388322,10.32112194156955],[77.3348650137752,10.332108008889405],[77.32984287707642,10.334891786778131],[77.32996962666805,10.341139047898205],[77.33606781392317,10.348553585343083],[77.33664221558044,10.354136361791618],[77.3156725634255,10.355656067894833],[77.31376515441306,10.372046783645612],[77.31673079859313,10.403663309034595],[77.32013200980334,10.406715309896686],[77.31930779924195,10.417989050066257],[77.32291845355897,10.42543035862354],[77.31997585565749,10.433955303572676],[77.32715454192623,10.434693435268686],[77.32341350792554,10.439669725262762],[77.32550880407122,10.444389449979571],[77.32294600758367,10.44852966334428],[77.32666268376545,10.452910641957079],[77.33226142928217,10.454561531195052],[77.34460602042435,10.453853539853833],[77.34451078822445,10.448320551666926],[77.35714759324374,10.444845617391639],[77.37130912496443,10.44935329556243],[77.38508283690895,10.448973779269823],[77.38332919342201,10.469189072385426],[77.38531592457235,10.470906818386787],[77.38199556443267,10.474839584108228],[77.37963419089311,10.48502856639901],[77.37666991844047,10.485955247935351],[77.37854246114176,10.493920188229984],[77.38544402523021,10.496270815234043],[77.3925830948966,10.495027563735889],[77.3949858412449,10.500067758565466],[77.40170015869887,10.498824285615518],[77.4056666222252,10.522123690050414],[77.37802126939371,10.525916995577928],[77.37791155904637,10.529262156368842],[77.37300087183336,10.529985315244403],[77.36796149287103,10.546660796805032],[77.37078443338,10.554508296386341],[77.37760504309166,10.561067598311583],[77.38108154569909,10.577788452310978],[77.38523923359992,10.582747341095075],[77.38499252657851,10.591363194077076],[77.38829135140588,10.591123574889053],[77.38865694416694,10.596688099957948],[77.39623249984,10.59789485383668],[77.39708252798268,10.602293113598725],[77.39450562614853,10.60529470996402],[77.40168436990942,10.613363294614643],[77.40449445462839,10.613001474965447],[77.40962628280987,10.618746433763123],[77.4128064042556,10.617417175381373],[77.4177422326185,10.625562307302252],[77.42768568270176,10.62730594411358],[77.43263508640524,10.631418703792347],[77.44513708933468,10.629653578605746],[77.45296005810495,10.639344665366888],[77.45637257101974,10.638268485559186],[77.45815427338458,10.642352948263943],[77.46571777725981,10.644633733600571],[77.47286424904412,10.64263377817147],[77.48250887364985,10.650003585406187],[77.48537743240557,10.646377334698903],[77.49256585371704,10.646673270010593],[77.49317294866077,10.644675053064132],[77.5046494249804,10.64255979427299],[77.50354098656481,10.637763175888118],[77.50673500225302,10.627024147441064],[77.51056443407097,10.62662337678247],[77.50976169773644,10.6227173996137],[77.51613525006718,10.612951345570082],[77.5072889151353,10.613386487872985],[77.50826482240208,10.606986031890804],[77.51474894925946,10.605591731408037],[77.52852371941941,10.60944788573797],[77.53232618740576,10.60690422334253],[77.54283911997184,10.609764251401941],[77.54452047063799,10.625920510685381],[77.54861849243768,10.628936656616753],[77.54919612443672,10.638967545405345],[77.5642784212388,10.649137468307284],[77.56857229373674,10.65746487756311],[77.57146498842751,10.657876816832912],[77.57478171488187,10.663378713433856],[77.57299892735217,10.665665628596145],[77.58175784003721,10.67721224092954],[77.58007109139449,10.679083395643215],[77.58600720640267,10.683468969234621],[77.59621365894664,10.675907862290035],[77.61693075514934,10.673852758978919],[77.63678805582731,10.668740623286103],[77.65569505032576,10.673355098439574],[77.66469826344557,10.7162749187203],[77.67413298680367,10.720156806565093],[77.672917596767,10.724017358326545],[77.68997345002748,10.732417923323544],[77.68906884473971,10.734931473041444],[77.70203224755191,10.73370375900634],[77.7062745315997,10.715965063859311],[77.70870329944684,10.68632003681922],[77.706265258291,10.67784496283962],[77.70263616515446,10.676141685766117],[77.70231932126892,10.669655049719227],[77.69847427044317,10.662427819755631],[77.70981405641417,10.6504779904015],[77.71410733512569,10.64152659136331],[77.72305914484834,10.640764723092916],[77.71962588444374,10.635463311266674],[77.72054768079104,10.631231959943902],[77.73029428124951,10.630361151668454],[77.73424849355199,10.63519670067005],[77.74341579383992,10.636943028200793],[77.75453046020411,10.651385821285862],[77.75355002632658,10.66802482611536],[77.75599804057872,10.67178675005811],[77.7610437005615,10.671323164074359],[77.76531563081029,10.674290103391476],[77.7675952792186,10.676759123086912],[77.76654772142642,10.679281028964285],[77.78878944192262,10.685237299292988],[77.80803178829643,10.680771872779273],[77.81035710795209,10.684813598382886],[77.80816566781648,10.693998423145667],[77.81000637961402,10.699039037602782],[77.81639054464151,10.703316700423485],[77.82462002892562,10.715075741019852],[77.82181443129153,10.733558855825146],[77.82708195987811,10.749674816565674],[77.82508818324101,10.753241881049647],[77.81280366783173,10.758446779815692],[77.79701551710023,10.75243080032096],[77.79561125627505,10.755395743126476],[77.78339565063123,10.757751691343183],[77.78172047857763,10.763826461629492],[77.77109040839345,10.767154300146169],[77.77778002756698,10.789631637176964],[77.78650829422611,10.788246731326083],[77.79363530939969,10.790296562005503],[77.79854586096711,10.805752876823862],[77.81836811207762,10.797042463859306],[77.82784587731427,10.797546039392945],[77.82847331640426,10.79157933411237],[77.83625501657036,10.790174776637986],[77.83589892618839,10.78678900613247],[77.85492741423576,10.783880200582866],[77.87112136542216,10.77173059887495],[77.87294533441943,10.77569950411398],[77.89202766029841,10.773805491561824],[77.89292397772935,10.781521651383375],[77.8898382943728,10.793595509419756],[77.88506509161907,10.78905266631372],[77.8813755463555,10.78884473966],[77.87143594195992,10.795394481939981],[77.87041617085613,10.80064704986787],[77.87553218329872,10.808024359366916],[77.87179610440509,10.824342570418787],[77.87342818607118,10.833912109875389],[77.86686139264812,10.84410061034449],[77.85641675090824,10.849347972595352],[77.84548918744802,10.836916025370591],[77.83619322505527,10.835350744341952],[77.83004203630007,10.841104104031938],[77.82071943077425,10.857718993401596],[77.80757658319587,10.858263030215538],[77.7964071717016,10.8659491263886],[77.79406390640152,10.872209062772896],[77.79535187402497,10.877968277828618],[77.78891016831027,10.886084817961004],[77.78595164956701,10.884619328971976],[77.78402088166226,10.873123628582874],[77.77720349420751,10.869532262419149],[77.77493917015964,10.871249185578941],[77.77167028258745,10.8934923410671],[77.76083691916287,10.901579534832985],[77.76218196484115,10.923349701681804],[77.76656385966052,10.935058888865438],[77.76795267664933,10.951472494210513],[77.77037719726184,10.951238340208123],[77.76999355016017,10.961765887587255],[77.76849577022234,10.966728576638323],[77.75317122833086,10.965605961170475],[77.7502066010437,10.976521104366505],[77.75111481666056,10.981425970383038],[77.75920847297878,10.97967549425464],[77.76189157274747,10.98541728932577],[77.78129853988868,10.998438159229531],[77.78970128134334,11.018786904416636],[77.791906819639,11.033089574082997],[77.78236463172176,11.038967412804498],[77.78181597128894,11.050941304785155],[77.77686797973713,11.054931050576997],[77.77656929170179,11.05833467267883]]]},"properties":{"name":"Tiruppur","sourceVintage":"2011_c"},"id":692},{"type":"Feature","geometry":{"type":"MultiPolygon","coordinates":[[[[78.85831028639987,12.633359087142646],[78.84495313133742,12.641615119908312],[78.83765329467619,12.643439981275353],[78.8086456494113,12.636211177342927],[78.83578078611086,12.658034887130949],[78.83993153632277,12.664810542940824],[78.8414763430657,12.678419467755445],[78.8564176924031,12.682705624938826],[78.8448759256303,12.696751713007908],[78.8536760251728,12.716607445401548],[78.84722418197012,12.737340005718433],[78.84891154326381,12.756486168412463],[78.85061382737103,12.763068332615095],[78.86105450304893,12.772601124344751],[78.86105450304893,12.774984321960204],[78.87180838982533,12.774421433089891],[78.87526177967882,12.782423864766082],[78.87254461130297,12.788344561670892],[78.87807889910475,12.790452389322766],[78.87951669134458,12.803029202190988],[78.88469327628843,12.810522746876012],[78.87425680562438,12.820158629101508],[78.8690523306859,12.820859007069702],[78.86534031586211,12.818594460576051],[78.86499431356077,12.826246238774882],[78.87491047731731,12.83598649698894],[78.88096737171374,12.83206803290004],[78.89127533298648,12.831426073321854],[78.89754877526534,12.834196329188533],[78.8982777823729,12.837628375883092],[78.89305251772379,12.842480055928311],[78.88146937275239,12.840348124907944],[78.8775173271864,12.841636160645042],[78.87702441889502,12.845848499595178],[78.88096267442313,12.849025855352018],[78.87680324289231,12.849798647919577],[78.87621363814714,12.8533736863369],[78.87781191261581,12.855841501379466],[78.88958582382092,12.856880914593694],[78.89094461911296,12.8541419025916],[78.8997290700032,12.85685320623555],[78.89970581531544,12.853305279764546],[78.90197197462143,12.85219781183816],[78.90056686039672,12.849368659321986],[78.90369444566971,12.849183104576017],[78.90541812405372,12.858312666577604],[78.9049255283761,12.862190517151216],[78.90056784135702,12.86158979956847],[78.90177083464279,12.870850457686084],[78.90816995302649,12.875536782637965],[78.91076900462059,12.882790467576411],[78.90907363215118,12.88242915923185],[78.9096130228686,12.885845925846894],[78.90596437700158,12.886117453392004],[78.90604293467318,12.888915123066],[78.91312921574023,12.89473110806057],[78.91327299738964,12.902419068652486],[78.9178883212322,12.910673587914783],[78.89991706762923,12.907292473936987],[78.88741710477382,12.893761289380603],[78.87594565273159,12.891388506980421],[78.86240625644744,12.88341524241187],[78.84530180612671,12.877248607809669],[78.83927751338857,12.869473903940984],[78.82414689980065,12.860187693986335],[78.81088665768596,12.854096494823512],[78.79960158989552,12.852877416624832],[78.79409387336149,12.84860461314605],[78.78258346408035,12.847294341723822],[78.77322027267,12.833591604100794],[78.75927212316864,12.826806019908753],[78.74917166733663,12.817707530437676],[78.74527893842713,12.824254346874403],[78.73413906623438,12.830443061714528],[78.73735753406466,12.842480017391184],[78.73302074814728,12.850713655628153],[78.73040828021443,12.865650542943497],[78.71868883476331,12.864700878687616],[78.72007901090313,12.86013465837315],[78.71700623633721,12.8590597910551],[78.72012780289779,12.851699297724563],[78.71627656627297,12.850181666599612],[78.71462343528316,12.852885488066864],[78.71676165562809,12.856975897890305],[78.71206821159348,12.859802728815728],[78.6539476286309,12.865324750155752],[78.644702305169,12.863358948079277],[78.60290455109339,12.844737097819479],[78.60775766438152,12.821902620417996],[78.60038782201022,12.818422787597676],[78.60116344000296,12.80367905139635],[78.5930667617521,12.798232913323348],[78.59252102443723,12.782675628135172],[78.57604875720953,12.771909105188104],[78.57656094334686,12.767380240602998],[78.56838642068678,12.766932286103463],[78.56558367430536,12.759361312580944],[78.56153045238723,12.761453624888567],[78.55562811583034,12.755785068603592],[78.55826289521994,12.753710770425974],[78.5583422622736,12.749941111213403],[78.56319568188727,12.751320267578729],[78.55969659743023,12.74919259173321],[78.56012165417152,12.743782658347683],[78.55616231608205,12.742714859095392],[78.55531612284736,12.739275163947994],[78.56385741955309,12.737623230383758],[78.56055449122152,12.727159260377213],[78.55441971378823,12.719275251893105],[78.56158587844024,12.710011800272254],[78.55487897657896,12.707519597895615],[78.55587556396188,12.700157271849486],[78.54175974840433,12.691063782979617],[78.5363647731334,12.690379476818984],[78.53140913602022,12.696714270126934],[78.52928654995449,12.709115535191678],[78.53176236526802,12.711751467971002],[78.53505107955685,12.70731879800887],[78.5377384481198,12.710451921354391],[78.53996288068086,12.70822452743357],[78.54422976778764,12.710214607391867],[78.53697316704105,12.713317196568264],[78.53769926091218,12.716874462768484],[78.53323465371304,12.713984730144952],[78.52507155672502,12.715418842862151],[78.5268599245893,12.721611493815038],[78.51754467177409,12.714737779682867],[78.51907045040268,12.710385965633366],[78.51455415414208,12.710411123379869],[78.51461975002248,12.707911742681242],[78.51190831738968,12.70767099383522],[78.50330397601897,12.716991094652082],[78.50193378110598,12.704448259428968],[78.4965757346781,12.703252391336104],[78.49940902108419,12.69924939030386],[78.5039852727035,12.69864146363207],[78.50291137810383,12.691906594697015],[78.50744141858824,12.691407012425069],[78.50335890260871,12.689909098411777],[78.50386007629896,12.681913996937492],[78.50012330480428,12.67990536723653],[78.49933411955581,12.67508547335042],[78.48484266807232,12.67329166587641],[78.48450136665483,12.671660229980196],[78.46789965399131,12.675892085706893],[78.47051462283392,12.650562699396135],[78.47477561609415,12.647632510431027],[78.47056315611378,12.644592167875674],[78.47172318657279,12.632040430267361],[78.46496906117531,12.624029211679444],[78.45845860290036,12.629644651715687],[78.43482589867891,12.629551009347113],[78.4270675645916,12.635242762435691],[78.41535371564468,12.629269473688622],[78.40815039218099,12.622282716086906],[78.4067327527463,12.619977870972395],[78.41046425113025,12.612953774427561],[78.40734306365871,12.602662686608255],[78.41026943708785,12.599132441574659],[78.40969299805151,12.588185682756905],[78.42123082840668,12.570227178571773],[78.42111051434573,12.565377571679434],[78.41788949889332,12.56403107200883],[78.41688701227392,12.534566940750835],[78.4145080236699,12.530680265241811],[78.4170144751279,12.524221189695007],[78.41305260738257,12.517098522420048],[78.41933608743638,12.513748506885479],[78.41985050319225,12.508171037711485],[78.41554161355774,12.48822409779282],[78.41857666157665,12.482325303863968],[78.42445006070328,12.480579841643976],[78.42516661356773,12.474609053303686],[78.43006900573744,12.470802614726404],[78.43510333976113,12.460844545248358],[78.45017679175092,12.449360849293749],[78.4479258121766,12.441307149374145],[78.45229658944598,12.431041555386827],[78.4555701428678,12.428491561738273],[78.44848913401316,12.414346378765439],[78.44167740684307,12.407975051146524],[78.4358299025528,12.393820296357147],[78.44102497931681,12.390090311367212],[78.44487847789951,12.391829607306864],[78.4587809902895,12.384951378805159],[78.46312662820567,12.38663146841229],[78.4647651310294,12.391855871011998],[78.48693618555374,12.389877506630926],[78.49014899759096,12.386857042023252],[78.49262814385759,12.399769086302781],[78.49007289411674,12.403083183639152],[78.49609598401072,12.412115757834691],[78.5085836839642,12.39875841340251],[78.51257845340511,12.401106010811635],[78.51407473944461,12.407149618314032],[78.52568445837875,12.398571267246746],[78.53600358481218,12.39629263039726],[78.5435163554334,12.397908719379718],[78.55577730803276,12.390246825945331],[78.56751637179136,12.388997853034862],[78.56962435125055,12.380112370677011],[78.58452037519194,12.360612323373823],[78.61203707220676,12.3521183485878],[78.61724621209653,12.347273412830553],[78.6139456984364,12.34259978660325],[78.61547224781953,12.337537622900733],[78.61120667943958,12.330011830601144],[78.60458682343099,12.331760401318403],[78.5990898624259,12.32326704397986],[78.59361971343706,12.322321730963818],[78.58833036836546,12.312766007252891],[78.59276231641414,12.307374459137058],[78.59840162086591,12.313228382168708],[78.6094523235886,12.309776346616],[78.60971530628635,12.29755924014585],[78.61309856017401,12.294147010181804],[78.6042015045646,12.27920812974458],[78.60132120033651,12.267234751407027],[78.60362878724847,12.262764849033056],[78.60975512860291,12.261282879849366],[78.61675874040928,12.267556948387902],[78.62372156510848,12.264822698395951],[78.64142085555582,12.282174359688428],[78.6438705236064,12.280840954231593],[78.63940286213531,12.270481587175768],[78.64062525364129,12.267760581093738],[78.6351974179973,12.261225046158623],[78.6500691856294,12.25865254936482],[78.67843638330066,12.271797456835644],[78.67704868112114,12.272882441383661],[78.67911287130349,12.276461814567318],[78.68576017713222,12.28319520195451],[78.68759355957535,12.280934858619084],[78.69393936564187,12.294063743147792],[78.70349570831306,12.296041106898258],[78.7100111396614,12.304134327778089],[78.71266779482478,12.318687413213588],[78.72867957216313,12.359111987573568],[78.7291769585562,12.373837390781153],[78.73201513359406,12.377275950263577],[78.7429075702317,12.377895460635031],[78.7509839699133,12.385270369887827],[78.76178958797199,12.40448001115059],[78.76456068670593,12.41852422186844],[78.76871151686791,12.422480781204063],[78.76881085975856,12.437454935772454],[78.7641361914117,12.442298209089033],[78.75856210644618,12.442743127901423],[78.77249849789881,12.46085082830448],[78.77502900444345,12.458619069824406],[78.7775535461746,12.459799735719173],[78.7796945503986,12.465549709047437],[78.77550648237313,12.47218317693056],[78.77470538636231,12.485326350835273],[78.78209281864522,12.484352876065703],[78.78981948622041,12.499853924395156],[78.79376733216247,12.496569374997733],[78.798233644364,12.497275836605953],[78.81771103133866,12.529280710939299],[78.82432305313964,12.54534999857583],[78.82405891610676,12.553788304799882],[78.82786296243307,12.558033154704052],[78.84921456836535,12.608440799716055],[78.84790724743743,12.611102757410915],[78.85190596497404,12.614628684018825],[78.85294530587629,12.621204973086792],[78.85717890411357,12.62467658161691],[78.85831028639987,12.633359087142646]]],[[[78.51169681534427,12.726734947686847],[78.51382952721985,12.73446914686165],[78.5071430341835,12.737105554067446],[78.50527077265485,12.742962224967862],[78.50114510699893,12.743466433708793],[78.49316506959784,12.747149268398301],[78.48908796327295,12.741980396924243],[78.49696109576533,12.731337790294537],[78.5016532327512,12.731114339421035],[78.50597147744108,12.722524533721442],[78.51169681534427,12.726734947686847]]]]},"properties":{"name":"Tirupathur","sourceVintage":"201920"},"id":693},{"type":"Feature","geometry":{"type":"MultiPolygon","coordinates":[[[[80.33188192539187,13.235440511575504],[80.33462389625272,13.238630829406011],[80.33824439071535,13.2620079085967],[80.34507052237106,13.27864530977754],[80.34654672836902,13.313273995772464],[80.33974587620374,13.35949383162415],[80.32958641722723,13.403809897391268],[80.3260184975649,13.441682190755802],[80.30070347070017,13.478228620370643],[80.26874886172152,13.564628197689208],[80.26404959929883,13.5626373758262],[80.24181401160112,13.470646954258143],[80.24097477941156,13.473309268865474],[80.2351980740438,13.474003205073785],[80.22588809344099,13.485070467958684],[80.21383049426915,13.486096132399707],[80.2145985619219,13.490271830056368],[80.21060385626136,13.490476504245482],[80.20995130297099,13.486278159147071],[80.1865290147318,13.490650214279771],[80.16304492779095,13.488227384658485],[80.14514498964175,13.491415240118174],[80.14553341488238,13.49948692402331],[80.13921277601688,13.504273795697596],[80.13170796536737,13.501435034572108],[80.12673817619515,13.504634234835711],[80.11883604159385,13.503693195169365],[80.1127714890596,13.505947356597968],[80.1115146920782,13.493281421911707],[80.10821302318463,13.48891989125315],[80.1051599127403,13.49335316142427],[80.10093461134294,13.489845612377763],[80.10306394914633,13.48694889922],[80.07819006964628,13.488811434832847],[80.07714188572837,13.526804905828099],[80.08864062319903,13.5353996601981],[80.0812594297158,13.549751227867816],[80.0684009923496,13.544613029603147],[80.06275136176366,13.54535670664478],[80.05693460321233,13.536636520031355],[80.02843806700474,13.538824563588289],[80.0238980758819,13.546035209418145],[80.01689447844856,13.547179274188368],[79.99859971366403,13.542723824169109],[80.00051907116807,13.525675412747459],[80.0079923599342,13.525806483954337],[80.017653057197,13.529558577370512],[80.01952036541516,13.519250767870792],[80.02718585322793,13.513700478173151],[80.03552034697552,13.518305431851111],[80.04842321321902,13.512250755762567],[80.04661829838722,13.49368380476529],[80.02999975938012,13.498188062432492],[80.01590455387012,13.497951506782625],[80.01583955267448,13.489025609092264],[80.00762306970746,13.481352238136987],[80.00749053676199,13.478640515578974],[79.98407731881223,13.479578614824208],[79.98239685119002,13.470456356048107],[79.97242033232448,13.469091660565198],[79.97110514035803,13.44025990389033],[79.97287274635946,13.439715156358812],[79.97333871597206,13.429672477225353],[79.95665178103583,13.422192429135203],[79.95572322037444,13.425208033822985],[79.95255213777709,13.425844818321755],[79.94947906227554,13.423751711938479],[79.93960960821884,13.425029410286685],[79.94183823501395,13.416720040830345],[79.9345709524003,13.416453212283475],[79.93838905197094,13.412796871303634],[79.94221173384784,13.412796718386357],[79.94137732111977,13.410149394934217],[79.94570466574349,13.407730618355934],[79.94128201435969,13.40060902161899],[79.94435636636726,13.396867701261822],[79.96145394367772,13.395598570954009],[79.96275461797084,13.391357676419153],[79.95804795702347,13.379174950713452],[79.9538998900793,13.377119428356293],[79.94821631934529,13.38323688005129],[79.94504769543687,13.381776516332323],[79.94947095587843,13.375479984418803],[79.94541788308062,13.368222372102927],[79.94564750504365,13.36373878829285],[79.9421992840963,13.36355779604686],[79.9429025248266,13.361274577255873],[79.93800714310936,13.355522859250268],[79.93591275336378,13.356438279787131],[79.93130022418009,13.351513081672127],[79.92528985892208,13.358358089099553],[79.91597242320077,13.359869173380279],[79.91336036040808,13.352243288116943],[79.91485096101015,13.348138024077384],[79.91038217035673,13.347270717401884],[79.90381123390358,13.340426346632295],[79.88350497680618,13.332859263670189],[79.88289966322165,13.323319314278551],[79.87763488168319,13.324278071385699],[79.86806527269194,13.33106639964278],[79.86280893801207,13.316920846416153],[79.85354557278598,13.320707336046855],[79.85326434889807,13.315962161563423],[79.83608616036726,13.314223054419042],[79.82918965199727,13.317509706361077],[79.8089021391466,13.317253571736295],[79.80359976311348,13.310975155802065],[79.80476483940943,13.307444644373604],[79.80164502905525,13.300504799259238],[79.79173280620785,13.293524142388486],[79.78558829283355,13.296664491580593],[79.78022737359339,13.306145032603506],[79.7751972293122,13.30598072591772],[79.7608290707031,13.318480339151138],[79.76028017042007,13.301609384615585],[79.75674668408092,13.295288373357268],[79.7442283470847,13.288591186003673],[79.7392414539895,13.291345679776251],[79.73371243840009,13.288817098848298],[79.73062778900443,13.28293404398679],[79.73503611225944,13.275936220689186],[79.7417151133463,13.270953004670153],[79.7480824098094,13.270986314744086],[79.76119340043287,13.257521143071816],[79.78159659383427,13.251589429149725],[79.7872061793215,13.245183683311998],[79.7947320204301,13.242103946059435],[79.79449303892012,13.226321734797427],[79.7930895632225,13.229304164931733],[79.78478163175956,13.227904594784322],[79.78143874905908,13.22357359220442],[79.77795581900577,13.223585767816632],[79.77547748032464,13.215309550137992],[79.77291725301879,13.21545761520985],[79.77394434988373,13.219164077712394],[79.76425221517927,13.219114621421863],[79.76095577627729,13.21526248489501],[79.75984325861198,13.207443171607206],[79.75008213778528,13.207994284403139],[79.75099563100446,13.216423603599123],[79.74246974220243,13.225256352587945],[79.74277100121613,13.228293281951704],[79.739076357115,13.229497075086764],[79.73731708208952,13.236534770817668],[79.73263929030041,13.236875569036537],[79.73281301908648,13.233273443753617],[79.73027544010559,13.232533310628472],[79.73140153311147,13.222445278566532],[79.72164514101641,13.223456713117578],[79.7183857468401,13.216515849908422],[79.70270782298724,13.222396149130065],[79.70609745671004,13.234195657013517],[79.71406521683615,13.235734318241663],[79.71123942866772,13.242501005084709],[79.71254583061909,13.244665447983483],[79.70896676825402,13.248083326122009],[79.70912457619828,13.251043491679205],[79.70098195900214,13.253025465167983],[79.6982500861034,13.2509924216009],[79.69634253605545,13.243250895367405],[79.69306698118719,13.243292449822558],[79.69593532165229,13.23855528894702],[79.68913539115849,13.239831376267313],[79.68427382382521,13.244428815654945],[79.67829334192348,13.261653601744545],[79.68770683000659,13.266704403611673],[79.68913117895814,13.260937291229936],[79.69112438067346,13.260982023593193],[79.69574914311472,13.267276455663204],[79.69425965911853,13.270503701180942],[79.69081689004666,13.267684408942582],[79.68879211165076,13.270925306017382],[79.69366520975906,13.273477630055412],[79.69393445461263,13.279795719401882],[79.68125625432678,13.28799224982178],[79.68292365325824,13.295552904653405],[79.67828642309914,13.297429366866421],[79.67424591144398,13.281765772686354],[79.66538610178283,13.278716510881685],[79.66664222412948,13.285979052803572],[79.66387413115847,13.289766700894818],[79.657833215096,13.283846965925378],[79.65458030585772,13.285632459661084],[79.65179377586384,13.291833351408032],[79.64248173632241,13.29014819721467],[79.64126753116356,13.275586662412676],[79.6384671096221,13.287486406706186],[79.63804710859924,13.284250510359996],[79.63326205527027,13.282384075660714],[79.63436479836696,13.277426253198298],[79.63155476215704,13.27718674482038],[79.63406018863728,13.271569077673837],[79.63163779882862,13.269698051434037],[79.6276789521176,13.270154492686558],[79.61411741775159,13.282695366366907],[79.60608889557969,13.279549186651321],[79.60868597357509,13.287494576727157],[79.59559080677536,13.284663931702354],[79.59500139157471,13.276397820867707],[79.59265760884502,13.275064247102216],[79.5945960402775,13.27174275243571],[79.59318061069838,13.264692234946345],[79.59044061613118,13.260565573366769],[79.58256539415741,13.257341842910712],[79.57394642012905,13.259039366243524],[79.55829683812337,13.272760889256714],[79.53815611538,13.273332831746952],[79.5345147054426,13.275573113239046],[79.53410611032888,13.28200409538589],[79.54123131360056,13.292437526220741],[79.53709598656376,13.294433615807723],[79.53826289811784,13.295902854675376],[79.53507804344886,13.298016760031533],[79.53486445102376,13.301370084573211],[79.54216618133357,13.310239827877535],[79.5441066779929,13.316784605859095],[79.53935600498647,13.321880827956004],[79.54184613225911,13.327300482040512],[79.53863986534702,13.336184483416702],[79.52593504169106,13.344386769156655],[79.52179152740877,13.341813481122191],[79.51108372600305,13.341971343430727],[79.51008144419953,13.334174906294656],[79.49738387443948,13.332038045323314],[79.49970838381475,13.347787401408047],[79.48048623875505,13.339999584172967],[79.47456969803692,13.341086495566516],[79.46543966974845,13.33872598511527],[79.46406536324642,13.341722862729744],[79.45625511731551,13.338570740310582],[79.44766344578356,13.346314974328145],[79.43542899079016,13.351709701951572],[79.43166884603009,13.33671481905323],[79.42098889239816,13.336287329788837],[79.41472046361696,13.330033314780756],[79.41290670307454,13.329925095195357],[79.41254247305775,13.332953187745312],[79.40536137211755,13.335037469068514],[79.40247646941353,13.33022893420034],[79.39835967911263,13.330202180243619],[79.39876060441043,13.321673879008204],[79.40189883112627,13.321483804357976],[79.40202307262163,13.317352930397176],[79.39575585027782,13.315717314264752],[79.38805370042168,13.318103966284067],[79.38349399756657,13.313259126079856],[79.3818880128578,13.307487805979576],[79.38865790997673,13.309783529359976],[79.38983893765717,13.297427159433843],[79.39411668898902,13.299930799080615],[79.40530233573537,13.297566266114167],[79.41379801419438,13.300150495266669],[79.41875822193578,13.296995242731956],[79.41883098906706,13.28975041083841],[79.43053982361805,13.300247253143779],[79.44518240137677,13.301721839319677],[79.44631026586039,13.29161588839252],[79.43575701600604,13.291279483978537],[79.43373232833997,13.274987036657954],[79.41758695894248,13.27176750714918],[79.4139549714341,13.266407809340896],[79.40841812343375,13.265269615630617],[79.41559222829453,13.261183085671533],[79.41685960563333,13.251682818095837],[79.42184255063287,13.252256096413584],[79.42208043260496,13.249366531860714],[79.417043373991,13.245852755281474],[79.41966381177707,13.245716780875304],[79.41849621660509,13.242960108420876],[79.43767925171223,13.242888783168764],[79.43813071982123,13.240027822180862],[79.43137622341955,13.238284656689773],[79.43149104518085,13.236065619288262],[79.4397859313092,13.235860462383538],[79.42987080780179,13.231211915573677],[79.4311436343211,13.229741326349869],[79.43999689526379,13.230604179019721],[79.43881676769527,13.234355686314005],[79.44149339510236,13.237993291051446],[79.4532895126613,13.238487858047433],[79.45380044115724,13.216942611723956],[79.44852734840576,13.215692150575556],[79.43737856133212,13.219554485858337],[79.43621917137193,13.212739284672464],[79.44385234768227,13.20777510141402],[79.43956193279988,13.205887012973369],[79.43566220511602,13.19721486642791],[79.43238253416712,13.196971480811742],[79.43314725559544,13.1925195256223],[79.43729368491084,13.191058854876616],[79.43842768129458,13.18817512311304],[79.41017174985271,13.190512011352094],[79.40918511131153,13.194037367385288],[79.40083608911087,13.191656345887106],[79.39906456465818,13.187805848204283],[79.39619563669486,13.188678248673801],[79.39580379695781,13.191823921234331],[79.39202172971156,13.192379101212259],[79.3873949927733,13.18909894641738],[79.37403254483718,13.18925713535477],[79.37281481738411,13.187720415748036],[79.37813773519284,13.18470607205655],[79.38560523701192,13.183047312271547],[79.3877267208448,13.177528976974102],[79.38228427589931,13.179617052852645],[79.37269519861923,13.178839576291251],[79.36952220440695,13.172914319854392],[79.37923552408073,13.171513524784702],[79.38003813285448,13.162926322130586],[79.3701129967249,13.162808608426948],[79.36342073201286,13.16595389190941],[79.35611537071264,13.164579287752082],[79.3611408527375,13.138642016434481],[79.36338575520892,13.138972072122133],[79.36552123479392,13.133932918593297],[79.35809791391712,13.12171596842525],[79.3451087052018,13.121266431564914],[79.34464408755368,13.136674111870121],[79.34130595604272,13.136820445166531],[79.33962374389222,13.130454506164691],[79.32901745840182,13.130524942148929],[79.32677268977938,13.126077172018958],[79.31867123698281,13.123472084910503],[79.32423816866373,13.118538031090042],[79.31192219964309,13.11656903461257],[79.31903412491656,13.113330896937397],[79.30990840943976,13.112012697363499],[79.30718986125162,13.105521888899435],[79.29430542214955,13.109598981153779],[79.29584454884497,13.112370046131357],[79.30154342776976,13.113664401318568],[79.2987714585683,13.115710897959483],[79.299263917702,13.118657835974428],[79.312463705893,13.126141606075297],[79.28401760559704,13.12276988758151],[79.29881167344863,13.091834035121352],[79.29953656357726,13.088842309602942],[79.29762806221343,13.087910713566137],[79.30349876369924,13.08343364562171],[79.32473168421619,13.077681158392428],[79.33012226403042,13.07294574458269],[79.33494694474152,13.060554038948554],[79.35149703212396,13.062490809678232],[79.35530001933657,13.066820983325357],[79.37930079207601,13.07547274187491],[79.37950821666837,13.080118844114272],[79.4012005571812,13.08003221742273],[79.41361733244804,13.085382143625552],[79.41675236565304,13.084631506563476],[79.41522703618207,13.089675574290126],[79.42263296477662,13.096878631739958],[79.42033782941284,13.103812046712713],[79.41583314567393,13.10475278414358],[79.4041484892788,13.099755418771903],[79.40161290725278,13.104211944377735],[79.40412230698153,13.115302732967308],[79.41331275685434,13.118750196979237],[79.41431412956278,13.124390499689914],[79.41150275576139,13.136715627582173],[79.41535357556793,13.138134284624313],[79.41877714135398,13.14995699677141],[79.43406238644334,13.136490583417693],[79.43861128526054,13.12506412859135],[79.44663998440056,13.126368332423802],[79.44768271913799,13.12853294341475],[79.45352469609428,13.126484031351199],[79.4517017278202,13.121124353956821],[79.42897652864823,13.116501515848723],[79.43320489958892,13.115962875114771],[79.43411237858722,13.111492858826653],[79.44366251300148,13.11401264535552],[79.4462465088314,13.103350296416018],[79.44867639058951,13.103132781943724],[79.45063026765496,13.098938065741848],[79.45093762083954,13.093247795822416],[79.46241902531679,13.09540485780339],[79.46454399281632,13.107349352819185],[79.47528774300308,13.107666541234526],[79.47418840362302,13.127123680064747],[79.47519029825263,13.130390934071622],[79.481714556447,13.128160292742413],[79.48268780919213,13.139915302001482],[79.49726442725276,13.138598488133123],[79.49697725202611,13.135868748358137],[79.50030581737764,13.136099375249161],[79.50295611606204,13.138681350062889],[79.50577440958605,13.137299758163772],[79.51729114480342,13.143781611967357],[79.52264509581195,13.144186144790652],[79.52251353304702,13.139223615140983],[79.52522937640782,13.140069985032698],[79.53257712381641,13.13648430667272],[79.54135246309471,13.13762191530484],[79.55307585933647,13.134895926368563],[79.55305661382982,13.137512796651373],[79.56845924177738,13.137498918760254],[79.57091169730025,13.121888937862405],[79.59693751343862,13.123150167292415],[79.59928814941561,13.131678866753507],[79.5957685141998,13.13990399439534],[79.5889697658889,13.147274347965475],[79.60316465025949,13.147511363943392],[79.61554269196792,13.14461080035709],[79.62800351432807,13.145040614624383],[79.63458445442022,13.147639388009337],[79.63675199487771,13.151539673286264],[79.63226477977783,13.157419676381751],[79.63009709469158,13.172867536839345],[79.63506440541192,13.171796403125455],[79.64101902122336,13.178643358395572],[79.64494880833325,13.179058900685604],[79.64434983056645,13.191636841193763],[79.64813271078805,13.19949608763989],[79.65605793119386,13.205542614608095],[79.65401492508252,13.210545895988929],[79.66120642941205,13.210423167835438],[79.66271897765314,13.206102261267706],[79.67151065818481,13.203791531763969],[79.67013740810155,13.183245909156518],[79.69204382163812,13.19184685263473],[79.70075689509083,13.191645794583737],[79.7007908702732,13.181187595289426],[79.69181882959205,13.17723975258667],[79.69486286884866,13.159043347799585],[79.70150400414971,13.158788531755702],[79.70207677805969,13.161857110426336],[79.70623724265309,13.163288651752492],[79.71281835881504,13.162468592075516],[79.73653985521412,13.166943289578544],[79.73874626487563,13.160642129632121],[79.73732890391867,13.146428765724755],[79.73899704935012,13.143431643941947],[79.73605320997696,13.117883772384307],[79.73138077035031,13.114816857415976],[79.72660962114531,13.118235517810412],[79.72409128317949,13.11667262633902],[79.7220821166049,13.107616160397725],[79.7189133920852,13.104910017825201],[79.71353366661454,13.108581740270628],[79.70222805974342,13.110799610750176],[79.70477973059619,13.100991486596877],[79.70166833386295,13.104300649257178],[79.7014732880552,13.099415052638003],[79.70743982540878,13.099942191794279],[79.70855029761017,13.097596145408927],[79.72277535010292,13.099390286597103],[79.72713142734099,13.096428392409251],[79.73632938982452,13.095118692614568],[79.73552824530466,13.086857243616636],[79.74164172727582,13.076007691070044],[79.73811942226702,13.065528278313854],[79.72577426069462,13.067964591264],[79.7244479224321,13.059504426804013],[79.71852355469291,13.058426317433263],[79.718614131823,13.053735006076373],[79.72995501643364,13.05449472875389],[79.73721849288542,13.061009091936906],[79.74259607228083,13.055393486971983],[79.74584635394689,13.055907317281283],[79.74771501772281,13.049583604646632],[79.7514095189918,13.051966340617778],[79.76210470086443,13.05178622497295],[79.76997484825513,13.060092203258826],[79.77588847483847,13.062819948889219],[79.77888131461545,13.060592972016938],[79.77908708271445,13.053669065410453],[79.78884531455918,13.056574320846371],[79.79159392935988,13.053746041107543],[79.79201156691525,13.045995102011565],[79.78642666443709,13.040235115132724],[79.78697953707027,13.028909291144505],[79.78988965278936,13.024571495670275],[79.79666913313574,13.027665214968303],[79.80105232422403,13.014948429608515],[79.81062485184167,13.01819171768186],[79.81754176813828,13.023694877634071],[79.81808957786656,13.026614648425127],[79.82655187942117,13.030363088576655],[79.82388042541182,13.020057999872922],[79.8267618228896,13.017048475618962],[79.82452285379063,13.011357951862157],[79.82783254374135,13.009907765382017],[79.83049893484578,12.996991742401006],[79.8233530352883,12.996949320879626],[79.82173828122573,12.992841130914881],[79.81296473139146,12.990306825612603],[79.81483237288458,12.98656054343497],[79.8199891948922,12.98792676075107],[79.81799934928276,12.983253033264461],[79.82155847803173,12.978291305123248],[79.82124900661972,12.962016091405328],[79.83185690458605,12.963880419020873],[79.8347835079839,12.962393980703036],[79.83235570672396,12.958226398984609],[79.84145690538004,12.95875678728522],[79.84818526080694,12.95643459116768],[79.84853591099156,12.953166981199601],[79.8524299182037,12.951992348806225],[79.85257322644098,12.948385670434881],[79.88163612258741,12.948120588388424],[79.89042356576586,12.945051577396631],[79.89513313905141,12.948649010009483],[79.89615216455351,12.959030557218743],[79.90352602239413,12.966433168989193],[79.910221947741,12.965926296593294],[79.9105961939732,12.973794918231858],[79.91404399540727,12.978924262801652],[79.90328785385948,12.983196485612531],[79.9006473728628,12.987124230408435],[79.88923629299755,12.993714398776836],[79.90017793395658,12.995792864437341],[79.90841501259813,13.00420276960204],[79.91261330524814,12.99919489959624],[79.92859086036742,12.990053835349773],[79.93581346976198,12.992470417357833],[79.94225646096582,13.00133974139018],[79.94183653360479,13.008571968847237],[79.93095072473733,13.013925493060633],[79.92005914239752,13.014279950217482],[79.92004150757018,13.019500046032396],[79.91138497318313,13.017657281425187],[79.91101116712542,13.014629157178675],[79.90689082488588,13.01747240581614],[79.90041004155802,13.016984813907772],[79.90047558892937,13.029906363595758],[79.89709225509162,13.031782259757506],[79.90067997631773,13.049462611910158],[79.9119369753488,13.046234522318079],[79.91779165897479,13.047639342328397],[79.9181954507967,13.034979962204845],[79.9489642243115,13.032677804603903],[79.9556266353117,13.03776947530415],[79.96882875822412,13.037476087121407],[79.9698699999615,13.049009782335553],[79.98375161843629,13.051960436264833],[79.98653789241033,13.056176159990255],[79.99159846083359,13.053403494608375],[79.99085546875367,13.051573427368144],[79.98680422312916,13.053803200110769],[79.97887324003078,13.049160185379865],[79.9782288443415,13.040076030423581],[79.97420872893483,13.038911520761554],[79.98191332759846,13.031699850235931],[79.98845882555939,13.03142151584083],[79.99455511018272,13.046744876413156],[80.00617055857174,13.04249124962444],[80.02378087538177,13.040352348368287],[80.02519723202224,13.037632148079021],[80.02245582440507,13.023900525143564],[80.0278782198517,13.019844100211465],[80.04272067276113,13.019040577322034],[80.04201163340568,13.029697542395537],[80.04659111716335,13.023181817117091],[80.05244062379836,13.022772377056855],[80.06038138236363,13.027285227388292],[80.06234304333104,13.034517109928215],[80.06839548657523,13.034532199602399],[80.07105454203705,13.03741632687095],[80.08002016335716,13.016117381749632],[80.08377440528749,13.028452081251558],[80.08179442587483,13.041038800277681],[80.08858919914059,13.041107791571733],[80.09950589927405,13.03494010792666],[80.10185633402843,13.03907129409016],[80.1087430552534,13.04177473967764],[80.11646450002354,13.039877015115904],[80.12222693924625,13.033369045749943],[80.12794285831367,13.034200831300517],[80.12939475410342,13.045142791387935],[80.13438906638457,13.04465218138061],[80.13548211037116,13.048335688254154],[80.14058987268616,13.048954607867778],[80.14234194771463,13.053573479766886],[80.14629271857123,13.054038696779841],[80.14848804661541,13.064410874251898],[80.15405693303036,13.062855581714068],[80.1528112347343,13.054268573334111],[80.14931679366897,13.053405691116396],[80.14944100192668,13.050766261136927],[80.15335927443127,13.049491344616598],[80.14951457305013,13.04887708022868],[80.1457152868965,13.039860899215842],[80.15796345467274,13.041292324854435],[80.1603195371353,13.04488054043181],[80.15898831383429,13.052238553275588],[80.16340330079207,13.07342557925783],[80.16136667092263,13.081140735949749],[80.14609740596387,13.088188406826413],[80.14488531184594,13.094316999062942],[80.14043624100962,13.098552112220718],[80.1440808166101,13.125013728572917],[80.14798247028195,13.130454919084032],[80.14577911758732,13.139411672999833],[80.15810157513921,13.142054615432917],[80.1658620768613,13.135748896753057],[80.16966309856005,13.142970610171309],[80.17713297462645,13.139629802719616],[80.17596784532991,13.147340337921277],[80.17847699892025,13.149129555858558],[80.18450415458919,13.147555437393821],[80.19459176810594,13.153984170760099],[80.19240288816886,13.160334671825556],[80.19388444992259,13.16436568234894],[80.19080017332776,13.168718779563585],[80.19466657800615,13.17516292041928],[80.19914515939787,13.17544650302447],[80.19956187079016,13.18122688622886],[80.21592809010195,13.172259741689343],[80.22395819959696,13.184264257389668],[80.22275130582624,13.199762080427213],[80.23454867922996,13.196325645625391],[80.23589394769043,13.203861986015466],[80.23845358120987,13.202789796903271],[80.23854900115765,13.199476941276577],[80.24888145769158,13.198648258787157],[80.2499891226577,13.206092452214277],[80.27043910391238,13.20326838257657],[80.27268274155587,13.218058348167393],[80.27048548572712,13.223465300675572],[80.27531027064279,13.229325812578676],[80.28280804928023,13.229925855204515],[80.28466800299115,13.219858362413001],[80.29057672926463,13.21854337093703],[80.29874229482301,13.21266118079777],[80.30334748656752,13.21284742966859],[80.3102076302365,13.2160767460751],[80.31767646695212,13.229619736801888],[80.33188192539187,13.235440511575504]]],[[[79.84781014770047,13.324316106693033],[79.8456676612563,13.32757667936576],[79.84290968511202,13.32465019510712],[79.84316482641563,13.321768038200833],[79.84625593559649,13.32247347309787],[79.85001426216643,13.323523498673378],[79.84781014770047,13.324316106693033]]]]},"properties":{"name":"Tiruvallur","sourceVintage":"2011_c"},"id":694},{"type":"Feature","geometry":{"type":"Polygon","coordinates":[[[79.55962175704771,12.853552731630208],[79.53917559273471,12.862933621673733],[79.5086235368839,12.857181221397825],[79.50063298290578,12.87200630241259],[79.49867724003946,12.868549602827667],[79.48983769457452,12.872140642760563],[79.48990764728403,12.874319060037186],[79.47855157395857,12.872624113987804],[79.4725588596976,12.874266963570337],[79.47180516778432,12.866520519097953],[79.47416798761155,12.865444000296327],[79.47180475276267,12.865331917408962],[79.46961980744658,12.861210731413486],[79.47440507187964,12.85883171439385],[79.47288682562468,12.851311553720457],[79.46188638903203,12.849290328617982],[79.46020315819199,12.843162239205904],[79.45699762969507,12.844198142858849],[79.45709156023611,12.834937293569428],[79.45904907637681,12.834810244207304],[79.46078384895458,12.829431301335182],[79.45736055895131,12.81046777718975],[79.47714923642641,12.807130265939756],[79.47645566516186,12.799528446656765],[79.46229849476188,12.7985298246874],[79.4598023415903,12.783362574385993],[79.46567632282522,12.776956402615584],[79.46683486657243,12.771356131198962],[79.46916468139777,12.77079044038786],[79.46640432202304,12.764721395942543],[79.46752516796933,12.756653395917118],[79.46240964690523,12.757233477404956],[79.45856832139295,12.753587293408211],[79.45338587673848,12.740260284713669],[79.45556707158825,12.736056367239106],[79.459365887923,12.737248473436383],[79.46692428667244,12.732166001887455],[79.47004186381484,12.733868899594052],[79.47532651159581,12.731399322623451],[79.47495237316141,12.728113638879078],[79.47241091256019,12.728028651414618],[79.47099147918986,12.724069883422516],[79.46261920319976,12.716963098413219],[79.46671941688874,12.711520093016992],[79.46546359188446,12.700542102704555],[79.45499009895265,12.699098941930233],[79.45900985772812,12.686853908435955],[79.4538675003932,12.685183067596517],[79.45432146402203,12.679004498328576],[79.45097744674936,12.671181768673785],[79.43567595742466,12.666154887715072],[79.42679548741037,12.658097891279073],[79.40990765773557,12.656088961693941],[79.40518428542897,12.64578445113397],[79.38291698989664,12.628267034171175],[79.36933095937115,12.632226031884361],[79.35181753394936,12.646366922629102],[79.35837570713896,12.651908758315622],[79.36243525229837,12.651750891303072],[79.3605699473233,12.667068103920919],[79.3533662079396,12.668238043191709],[79.35627488904923,12.672301560606886],[79.36791111187748,12.677124940090353],[79.37001458179397,12.68058261319687],[79.38275621391867,12.682811078281944],[79.38830783112063,12.687845926351782],[79.39494656612321,12.689833203677734],[79.39277803123073,12.696166587395567],[79.38775565737673,12.696492176048048],[79.38007237932807,12.707768903183947],[79.38102994120013,12.711072859987077],[79.3923782809293,12.713924499264854],[79.39547287377682,12.72938176262319],[79.39052337575025,12.726195619857007],[79.3876183301226,12.728139192681887],[79.38718105809008,12.732224979815541],[79.37978223876264,12.733472473383236],[79.37993418609803,12.726191266660846],[79.37644907224028,12.721743775324827],[79.36545963731487,12.719501649575442],[79.36685950986993,12.714182005587096],[79.35564424566863,12.718949439191615],[79.35366082391177,12.711026197915634],[79.35751934856849,12.704305725574098],[79.35774098630527,12.696803101219198],[79.34512772972285,12.694889836594115],[79.33894427797425,12.701225530602086],[79.34578886731408,12.707676160565628],[79.34781380740674,12.712996145883011],[79.34514789420604,12.715232973231107],[79.34338681985507,12.731539851352188],[79.33024134739942,12.735221188417299],[79.32759759204353,12.739943763027993],[79.32302059122931,12.741583452426354],[79.29599153837827,12.747234757633034],[79.29470093958935,12.75129301811436],[79.28949133257565,12.752873036236295],[79.28362574430042,12.763379198958184],[79.28781020199675,12.779149878241997],[79.27784754503436,12.784379965209881],[79.27928796035481,12.786916036715063],[79.27459878241949,12.789734519331665],[79.26204767039009,12.794122267598647],[79.26111465588149,12.79981204491816],[79.26423461535602,12.805255132908556],[79.26010726266398,12.807133512272685],[79.25879584811332,12.814147433116757],[79.26175521396789,12.818713590990535],[79.25025207744727,12.823901203600341],[79.25034082920071,12.812525279797672],[79.25415921533391,12.811799457693974],[79.25232352601711,12.808119632578292],[79.2484471302761,12.80664857396676],[79.24394423238797,12.80954767129798],[79.24020879039992,12.808595588570507],[79.24048194292499,12.801300721854307],[79.2381317300545,12.797645240817065],[79.2295880213722,12.795370653416468],[79.22363630981405,12.790798911175692],[79.21936786772353,12.792364221937097],[79.20868150012046,12.784729362692367],[79.21389585203552,12.760805037285309],[79.20617159104697,12.745908501115064],[79.20724236579765,12.741780669606069],[79.19736488439555,12.747960519953399],[79.18905672565884,12.748279079234166],[79.18788333814992,12.746034218761414],[79.17588638244625,12.744595279646147],[79.1739970825716,12.741501180422413],[79.17337368320547,12.748463374699837],[79.17125439934676,12.748793696794502],[79.17306519634703,12.752552605132776],[79.1717081644479,12.760498472198512],[79.16865534865096,12.761050347612501],[79.16909332855597,12.764349628982108],[79.16296931293981,12.766366183260292],[79.16113275944369,12.772897379877385],[79.15887607197405,12.769747369894208],[79.16120512143479,12.761295316888917],[79.15922414399382,12.752766889163109],[79.1499047697081,12.753255870109207],[79.14228000881536,12.759805335271187],[79.13204388222263,12.762404325901091],[79.11896682456069,12.759050480726533],[79.08976450898383,12.7585187056308],[79.08185498124772,12.749612080332211],[79.07799503904948,12.749056304685794],[79.07346947666672,12.755903268407204],[79.07107575479375,12.749542520607456],[79.06522279862807,12.746622079619623],[79.05979229139439,12.73843265401095],[79.06065723965561,12.73623864842086],[79.06465841588115,12.738692045583177],[79.05695017275244,12.730336107351967],[79.05707281704322,12.718049963435272],[79.05111993587857,12.718655284949937],[79.04267134531013,12.711507672370763],[79.03348944470389,12.698894297015707],[79.02981123258594,12.689200050838995],[79.02394207620245,12.689046377594796],[79.02655643329233,12.679774314588267],[79.02324037518454,12.673609176825261],[79.02130349783752,12.674468021810153],[79.01650945057591,12.669847269183848],[79.01683888974006,12.666967926433143],[79.01317645114018,12.666146483396581],[79.01215885216276,12.657267331402522],[79.00860053728746,12.65811475478813],[79.02383961615773,12.692610032138221],[79.00669812380629,12.702464882920959],[79.00122347964778,12.70109958832111],[78.99539564576733,12.706021715705363],[78.99264589010623,12.702890674220878],[78.99401525587422,12.697136620877705],[78.98692580465254,12.697022025276343],[78.98812556310497,12.692763948611562],[78.98408023019165,12.683870770390376],[78.97903364135085,12.680098657806688],[78.98105660694651,12.673702507675285],[78.97633165540161,12.668072719829048],[78.97147971441491,12.66686305638383],[78.9714951537597,12.67137828238377],[78.94793449532231,12.679855154380357],[78.94994319836624,12.686403762734976],[78.94333723121025,12.685243825860443],[78.94422446757197,12.680597280701654],[78.92756467972366,12.675877642294807],[78.91186033821485,12.687301252426034],[78.90724781711597,12.687414739402405],[78.9035186274023,12.681842230293398],[78.8972719297661,12.67913535418086],[78.89880541414323,12.688129543621685],[78.89627362839762,12.689937562108033],[78.88195714088367,12.656284119714389],[78.87619452469283,12.653834399320163],[78.86577077327492,12.631655622223688],[78.85831028639987,12.633359087142646],[78.85717890411357,12.62467658161691],[78.85294530587629,12.621204973086792],[78.85190596497404,12.614628684018825],[78.84790724743743,12.611102757410915],[78.84921456836535,12.608440799716055],[78.82786296243307,12.558033154704052],[78.82405891610676,12.553788304799882],[78.82432305313964,12.54534999857583],[78.81771103133866,12.529280710939299],[78.798233644364,12.497275836605953],[78.79376733216247,12.496569374997733],[78.78981948622041,12.499853924395156],[78.78209281864522,12.484352876065703],[78.77470538636231,12.485326350835273],[78.77550648237313,12.47218317693056],[78.7796945503986,12.465549709047437],[78.7775535461746,12.459799735719173],[78.77502900444345,12.458619069824406],[78.77249849789881,12.46085082830448],[78.75856210644618,12.442743127901423],[78.7641361914117,12.442298209089033],[78.76881085975856,12.437454935772454],[78.76871151686791,12.422480781204063],[78.76456068670593,12.41852422186844],[78.76178958797199,12.40448001115059],[78.7509839699133,12.385270369887827],[78.7429075702317,12.377895460635031],[78.73201513359406,12.377275950263577],[78.7291769585562,12.373837390781153],[78.72867957216313,12.359111987573568],[78.71266779482478,12.318687413213588],[78.7100111396614,12.304134327778089],[78.70349570831306,12.296041106898258],[78.69393936564187,12.294063743147792],[78.68759355957535,12.280934858619084],[78.68576017713222,12.28319520195451],[78.67911287130349,12.276461814567318],[78.67704868112114,12.272882441383661],[78.67843638330066,12.271797456835644],[78.64803327890375,12.258377019436619],[78.6529317472323,12.251168555636454],[78.65083998505894,12.240217055624207],[78.66538359542277,12.233331845585505],[78.66872505070029,12.23843888289699],[78.6732648226342,12.23508449142556],[78.6730710569257,12.230126286739312],[78.67790028940037,12.228191010074877],[78.67998092863388,12.22267633314323],[78.68864720794514,12.2219424753893],[78.68004695480728,12.2068703757579],[78.66967971640386,12.197497755603809],[78.65499958277806,12.196586437914942],[78.65000453298008,12.18817983422511],[78.64771690932868,12.194277261821082],[78.640673478799,12.197667433358212],[78.63283472932413,12.176785744995486],[78.64786194502625,12.162163441793178],[78.6415859452438,12.149259452153547],[78.63554957106341,12.14646626235093],[78.63046426393554,12.135112397709628],[78.63092825096632,12.128630794978864],[78.6367940835833,12.126953851094699],[78.64875111635908,12.129380605172205],[78.6554665189779,12.126464762871061],[78.65886508644623,12.119734291315172],[78.66443632105738,12.115444262403098],[78.66120577897135,12.102477095296512],[78.6655186481426,12.10251728066076],[78.68411198597816,12.105913362591638],[78.69100834073623,12.115100867923449],[78.69650180998983,12.114882768156754],[78.7055062789544,12.120711152157147],[78.72826879683821,12.127425243090396],[78.73805081337677,12.133704325175316],[78.74521727716774,12.123920391272868],[78.73408337787329,12.11335270964187],[78.73618165732404,12.11114164231441],[78.72753327065665,12.100147896428364],[78.7270716776361,12.09368907740561],[78.7228399083687,12.088501660911998],[78.71987054067179,12.06718222064765],[78.70962362441414,12.047256988750817],[78.70401208598949,12.030064610381038],[78.70347536237017,12.015248419769103],[78.69998775478922,12.004735920759906],[78.70244293580068,12.000076006156547],[78.6977167167329,11.99251068402895],[78.70289382808953,11.986145376393168],[78.71711207135242,11.984127375772053],[78.71807241440858,11.987488115667915],[78.73649209442497,11.987965465410221],[78.73476711707708,11.991243006618998],[78.73704948917731,11.992824121227848],[78.74311557783066,11.995393625234335],[78.75751223998374,12.011612173092495],[78.77139439475273,12.006731973686769],[78.78029220584531,12.00768895811637],[78.79428996660486,12.012548159042494],[78.80431587574304,12.019606724369405],[78.8167800065984,12.009417475986192],[78.82872284239946,12.007729471362534],[78.84509645394772,12.007028683077559],[78.84812646780782,12.009759044693363],[78.85274099484471,12.008313000083534],[78.86137724078105,12.012268452240171],[78.86083574800588,12.007151951422983],[78.86571647640419,12.004259394145214],[78.86727283458337,12.007305900802672],[78.8688248673745,12.00370355505061],[78.87110674899458,12.006076483270077],[78.8820937512822,12.002230020141452],[78.91202502455927,12.005373487866024],[78.91371527213998,12.009671724132621],[78.9156341697066,12.007284928918324],[78.92730651918235,12.012819866387325],[78.93126581684764,12.019689291884267],[78.93626699944407,12.023697397897724],[78.93629393183463,12.020949281986352],[78.94330743409229,12.0289569350431],[78.94482320818358,12.031004059656942],[78.94302353412314,12.032184241040156],[78.94891269239477,12.04094220965308],[78.94562498242243,12.041702453240735],[78.94755917740001,12.045349531282634],[78.9429898715545,12.046834225439282],[78.94374368833361,12.050210435106335],[78.94153961519015,12.050572504085078],[78.95337275232197,12.064830131682612],[78.95971612844565,12.068747158155327],[78.96445425108924,12.064506107581861],[78.97537109135988,12.066708414677867],[78.98101483259086,12.065562875591331],[78.98631313835739,12.06200826726163],[78.98847334766384,12.055069351569106],[78.99098860800149,12.063186211039627],[78.99504558757248,12.06763220096242],[79.03150072917511,12.064417154157297],[79.02090052797409,12.055391326101757],[79.02286357773694,12.050063119405435],[79.02517355506583,12.049847026771435],[79.02578570662632,12.046376011759996],[79.02927981980659,12.047561526816125],[79.0427139559973,12.041007704762523],[79.04354602322418,12.038011224561815],[79.05249163636798,12.03653143410864],[79.06048662892191,12.052208654268167],[79.06774737269858,12.050397866602509],[79.06877094008277,12.052513494194944],[79.06476482761475,12.059193064612094],[79.06106306256837,12.06062941284267],[79.06304460055806,12.069868633249085],[79.07882421190446,12.071241614246349],[79.08521526880682,12.081050986335237],[79.09197628607916,12.0772597951483],[79.09848079660863,12.066087501261382],[79.08797260894387,12.042433231746859],[79.08087745701343,12.044633180176172],[79.08055094186554,12.047092031403032],[79.0768732669401,12.044243740167538],[79.081140265438,12.038938114312508],[79.07891005042146,12.031502424403103],[79.0945455118092,12.030017939845353],[79.09598798157667,12.024847260858365],[79.10709125640473,12.019804235656295],[79.11254104328103,12.026462512976506],[79.12543036113341,12.018774698014061],[79.13643208141863,12.026083435199734],[79.14001402557916,12.038730168384397],[79.14749009642775,12.044122152776751],[79.15862495242799,12.035560516245692],[79.1726295826045,12.030478391945055],[79.17510495594689,12.032448757592757],[79.17621395670787,12.047436681581472],[79.19014205132052,12.048211443777006],[79.1964628869171,12.056897439617128],[79.20073247076637,12.06988660822604],[79.20923344838722,12.070666296067962],[79.21555056585686,12.063816838340463],[79.23361994782823,12.05915978120196],[79.23996634857947,12.070344130806404],[79.23790686467089,12.076555373216989],[79.24270774541687,12.080431559952501],[79.24872934141251,12.077884892987434],[79.26019016458831,12.08218482983507],[79.27004456557579,12.097000705821271],[79.27130495671663,12.103582116390555],[79.27879505296178,12.106749004330712],[79.27827834380699,12.124602362576237],[79.27369274701381,12.127778102590472],[79.26490567663619,12.127254814370266],[79.2587947422872,12.13065564556267],[79.25896279102571,12.134908880842],[79.2523930430437,12.136722925434162],[79.2541793923935,12.137912518175634],[79.24513160037772,12.143162215619641],[79.24578959027218,12.145819700096384],[79.2424228159784,12.147000745053067],[79.24274992221775,12.149206265121443],[79.23681041067948,12.150044853642585],[79.23800155788163,12.1533754923472],[79.21061625205355,12.166090095904389],[79.21421902095898,12.184091709942894],[79.2132780545635,12.187057047855525],[79.20994255511633,12.18722072102389],[79.21279717830706,12.192277652432564],[79.21086794831807,12.193986709019748],[79.21592802356622,12.198261031135758],[79.22232236291259,12.19386572194143],[79.22231896458588,12.183790919849432],[79.2345725213555,12.184080417829843],[79.23111132963375,12.192307781948877],[79.23312585106576,12.1978032100781],[79.22823369160547,12.201063832382467],[79.22862044058976,12.20335977207534],[79.22314822817074,12.203840762249545],[79.22100848068985,12.207986156918649],[79.21608302517352,12.20868831371585],[79.21573493159421,12.212313395972991],[79.21917758658006,12.215440127380795],[79.2359434241409,12.212193489285958],[79.23673603556387,12.21788364659223],[79.22744028427518,12.217918710889494],[79.22510741966943,12.222023582603791],[79.23473170192553,12.227502664049283],[79.23697206610812,12.2337438122301],[79.24379233625662,12.235689123998775],[79.24840835359856,12.240988944701483],[79.24238958909267,12.243870646797548],[79.24025672360517,12.25386938881825],[79.24317155637782,12.256611783760793],[79.24126717558619,12.263518874417386],[79.24383670404849,12.264679485035954],[79.24504951142875,12.273994407107644],[79.25632347694061,12.27460643796002],[79.25863807430504,12.278485554009473],[79.26102883712745,12.276809763759346],[79.2677614676368,12.28868626840998],[79.27197048976457,12.291512889704816],[79.28013805766773,12.291841424845481],[79.27379876708196,12.305470858128855],[79.28516571900549,12.306410741112153],[79.2878858527201,12.309254632026581],[79.28694190122292,12.31390518431768],[79.28933074793882,12.317933210733456],[79.28579496281085,12.320463068404159],[79.2737885307793,12.31930609074573],[79.26406457864579,12.32314838308822],[79.26055341633973,12.321320876763687],[79.25185532319273,12.323192658891669],[79.24649719142485,12.31639885008427],[79.23413633628446,12.315748424886461],[79.23198629770364,12.319112023765191],[79.23461073838261,12.329868192896337],[79.22109185333136,12.33254869598986],[79.21707019641568,12.334809886912499],[79.21892378915605,12.337787875739089],[79.2168695253576,12.339569384777052],[79.19816454130527,12.342973522760186],[79.20484508210457,12.345783151056756],[79.21129916840052,12.34421291872497],[79.22139652684143,12.349656150400653],[79.2269980445591,12.342544556079089],[79.23455140555642,12.342953091612511],[79.23915008810835,12.346526577067843],[79.23707014776411,12.353026881752477],[79.23406374791793,12.353818970835185],[79.23271986376128,12.361860219369861],[79.2246900444221,12.367698242280522],[79.22740448191952,12.372732281765309],[79.23705801421958,12.368489183064419],[79.24556180356728,12.374885756958882],[79.24850801628943,12.382988542353146],[79.2427068012875,12.397160541241348],[79.22721736374416,12.401930322235458],[79.2265908544105,12.411282016732692],[79.23454711071108,12.437417119994585],[79.23240087380053,12.441119677671079],[79.23005542559432,12.441093405778943],[79.23135756503967,12.442787863255711],[79.23993466679603,12.442870459206858],[79.25238272858759,12.447315833888572],[79.26948638839085,12.447739323790445],[79.30897161571876,12.438681527035369],[79.3101390303294,12.441574483888589],[79.31585041559957,12.443248278088232],[79.31941783400194,12.449106769303677],[79.32525833412791,12.450775874612475],[79.33861511099964,12.444626857112146],[79.35650528985161,12.444064161061766],[79.36184038701893,12.439725583837383],[79.36748301433894,12.443933810102626],[79.37461155485187,12.441226764398918],[79.38248488227869,12.442329693282069],[79.39542608143198,12.436232090662832],[79.4016160630344,12.435707444224954],[79.40165678725947,12.428127752372182],[79.4103656296472,12.417573144842612],[79.40821281257723,12.411277315166],[79.41125188055706,12.406766249590673],[79.41525703092941,12.406512678061807],[79.42061009889399,12.410850918948281],[79.42520245371306,12.402217423608032],[79.4283657901377,12.400924221726015],[79.43306236659772,12.409958498233284],[79.43840510124161,12.407322376156023],[79.43616764041396,12.394364517325714],[79.43912763059768,12.389089263712489],[79.4418646876739,12.394245764981983],[79.44822882116887,12.395785500925077],[79.44780249600637,12.382682724665937],[79.45113829459254,12.374207188189198],[79.46556537459944,12.372101437363195],[79.47287327723359,12.364962282840109],[79.4844427058289,12.369599988086675],[79.48588834844595,12.374620944194008],[79.49326132863254,12.370279055815544],[79.4883002540169,12.358687685805558],[79.48886195439441,12.349394709872366],[79.49664788023563,12.34493045460944],[79.50218965100373,12.345515290945421],[79.50384350783229,12.347907052414003],[79.50697053704812,12.34595593722044],[79.51049088642453,12.348434391416182],[79.51116871830703,12.354152248122666],[79.51792723107633,12.35327377030332],[79.52162449556316,12.361962343140583],[79.52953833341599,12.370073974127148],[79.53860991731209,12.368689664570883],[79.54646429837122,12.36351702875908],[79.55349788785695,12.365530462023203],[79.55892325672717,12.36437035782975],[79.56509373320985,12.362179806391],[79.57082344590843,12.356486184622389],[79.57498371197416,12.358389962681715],[79.5770074483243,12.353748522180128],[79.598220289698,12.348206076564896],[79.60258990544573,12.37173676043167],[79.6057479229456,12.377915694262079],[79.60815260426503,12.378051512223545],[79.61686078189946,12.377324389117467],[79.6209850569633,12.374445454258842],[79.62350020770651,12.364831887028444],[79.618921462364,12.354368332274891],[79.6217121946768,12.349491558416236],[79.63830352012069,12.343032812744822],[79.64712195607476,12.358865409025347],[79.65556771156014,12.361481824398957],[79.66367394608898,12.368061922782076],[79.66756838539075,12.37700330616541],[79.66008912642123,12.3789686821624],[79.66945710764867,12.393806223174565],[79.68244258655895,12.39674203404519],[79.68885848367555,12.403366849800097],[79.69775574230421,12.402248469590019],[79.69876949828884,12.410334180401064],[79.69120604202438,12.413739307584235],[79.6915434321771,12.420939346748895],[79.70732384841402,12.415127508384577],[79.70863827681247,12.427872997172361],[79.7058571304221,12.431385708435334],[79.71672391387015,12.431576934787909],[79.71783485139888,12.439246666422752],[79.73627103167043,12.42840512669566],[79.73848766595648,12.438975970605478],[79.73387400669216,12.447267108053616],[79.73336650077742,12.454084404435623],[79.7494646205876,12.456744615606016],[79.74410436699905,12.472511942572627],[79.74728786880522,12.484144564603403],[79.74126270559955,12.485010345328547],[79.73994881080039,12.488834616121348],[79.72740290001651,12.494439284835472],[79.72203017691349,12.494011777234025],[79.72071689566367,12.50050714192348],[79.73249654800176,12.498514340673017],[79.74463616874895,12.503274682685483],[79.74975306423545,12.502853127068166],[79.7497047959586,12.507327683055097],[79.75511281297082,12.510833129290893],[79.75615046144708,12.514955599563434],[79.75280848604504,12.519415027059434],[79.75383203276796,12.524134149941775],[79.74865895484696,12.523601178796229],[79.74466210670448,12.53129267117153],[79.73582744537973,12.53852787063182],[79.71463110426117,12.549590594635298],[79.71921871777216,12.564594744874029],[79.7169284638536,12.568084728431423],[79.70565148000242,12.56945299936564],[79.70661929794005,12.575093414742733],[79.71520642938657,12.578584578715555],[79.71577786301015,12.581151599385302],[79.72492929455859,12.578974617397286],[79.72461482941192,12.587390424262233],[79.70108967059794,12.596016733611707],[79.69730200684747,12.594467423776289],[79.68836262891006,12.601561023345061],[79.68442288577187,12.598520042064393],[79.67750647792171,12.598543966824371],[79.67243461408208,12.593292809844748],[79.6658082704405,12.593397623278648],[79.6585476775808,12.60092845202231],[79.65587856907263,12.599482318871019],[79.65408880073485,12.602976229851757],[79.64567209227418,12.60308081139242],[79.64373981969129,12.613191600571419],[79.6454431260813,12.625200474574068],[79.63717776038976,12.626597305079295],[79.63688316957044,12.62889338960187],[79.63031574642835,12.631017749231578],[79.63117640523407,12.638312526335396],[79.63671321640352,12.644680725253865],[79.63761550044458,12.654163085271026],[79.643111399641,12.65738556740026],[79.6465780243736,12.670388572842091],[79.65946646726687,12.670857599907158],[79.67322872479323,12.666250195068743],[79.68249007958973,12.667984129376357],[79.69417849723095,12.673870817756635],[79.704199881555,12.675748441204744],[79.74194440023776,12.694867342307829],[79.74377542909485,12.702871012057193],[79.73565031736865,12.703371441123133],[79.7374006110379,12.705499510082907],[79.73646257315023,12.719289492174372],[79.72634021818821,12.723587080727397],[79.71453114332962,12.724255395205041],[79.71316514175238,12.728305476785744],[79.74148274074189,12.73462734370333],[79.74482945655369,12.743864161195557],[79.74125390480472,12.74855712489714],[79.73710527371857,12.748391517340533],[79.73229984210737,12.752080982141623],[79.7311133517717,12.755981941788786],[79.70934844355361,12.758701088924758],[79.70749395339622,12.777833448578791],[79.70398111393557,12.780130476603254],[79.70330301794839,12.776058348842847],[79.69694829161108,12.77625433542803],[79.6898168863707,12.783311294833634],[79.67745355457505,12.790197178663737],[79.6732584042319,12.790880369085444],[79.67054543817497,12.787649225176398],[79.67043807602376,12.777746635431862],[79.65732736657299,12.774692873293382],[79.65935812774866,12.774028402998065],[79.65946790007975,12.767461216322276],[79.65453130635224,12.764166846747118],[79.64619267765943,12.772488133673265],[79.65019504055941,12.782489988330092],[79.63533466805671,12.78638657779725],[79.635859763883,12.789893858119088],[79.64096239771605,12.794006627858522],[79.64292000099334,12.802580378010962],[79.63832425413575,12.814756586376037],[79.60796734200906,12.829412938316956],[79.60315906543336,12.827292685209587],[79.59636512760082,12.828887298213532],[79.59449928633151,12.83231755085495],[79.58537449342454,12.834752159973036],[79.57681002826925,12.84421920325334],[79.5562641437732,12.852281762581445],[79.55962175704771,12.853552731630208]]]},"properties":{"name":"Tiruvannamalai","sourceVintage":"2011_c"},"id":695},{"type":"Feature","geometry":{"type":"MultiPolygon","coordinates":[[[[78.28097379535042,9.284194203165018],[78.28054433866086,9.289939872743831],[78.26559754643118,9.294180270285848],[78.24311948996356,9.297506317768779],[78.2330567840347,9.296193727770175],[78.21792554521932,9.299931725376958],[78.21155978487536,9.30527666225931],[78.20880651859815,9.327211722182911],[78.1890176318156,9.33174514056718],[78.1835380648893,9.334639193055892],[78.18397530278587,9.336750309395965],[78.17474955810559,9.338722522394212],[78.17560551782405,9.340946612744181],[78.17126343723639,9.342276186354967],[78.17241539004435,9.345770580960673],[78.16603960989174,9.357742048014524],[78.16849413782798,9.36882206858851],[78.14891174857641,9.37197437756541],[78.14788288562362,9.36942024771255],[78.13810073523612,9.370270379057693],[78.13695355697389,9.366165591233631],[78.13417236926101,9.367711677361328],[78.13329839832109,9.365152956814413],[78.08132077644403,9.36083632518902],[78.0802834127337,9.357825379217156],[78.07569047670465,9.358755923656963],[78.07279472504695,9.363235489046167],[78.06925837577698,9.360635461602305],[78.05695887377385,9.362549756408146],[78.05349082341493,9.360546358251877],[78.0500214273797,9.345080173621927],[78.04490541134388,9.344974956974811],[78.0422629342906,9.337207739637282],[78.03395279656533,9.333710920757316],[78.03597654279697,9.323386219903394],[78.040341332795,9.323278894938499],[78.04098923820207,9.317180620146079],[78.04824934686987,9.313972742172002],[78.04979395778007,9.30657265232333],[78.0105988485597,9.308288210153094],[78.00729637477565,9.303621677391698],[78.01116813880303,9.294201851784402],[78.00844475857697,9.27378986409301],[77.98770988561313,9.268220271408861],[77.98390561291136,9.251498046135197],[77.96683687331813,9.252339825974387],[77.95683000756567,9.248596951077301],[77.9561437521808,9.230568392576073],[77.94780783819672,9.230597095385184],[77.94480745706294,9.219973876419825],[77.93210871679807,9.222855550733465],[77.92994643956989,9.215532167332636],[77.922583493565,9.205402050279124],[77.9151667959668,9.200574619720106],[77.90918833437614,9.200055204297104],[77.90887912617049,9.202573280936763],[77.88683073390327,9.20452709775656],[77.88244922266455,9.207931230727397],[77.87822693242002,9.207881461571235],[77.87826770784906,9.221235787655242],[77.87597899094797,9.22124474782229],[77.87487319986752,9.226420982785802],[77.87763051125847,9.229151553008945],[77.88597551259994,9.230308921593778],[77.88636229392361,9.232600936002777],[77.88114320339544,9.234002364609255],[77.88021029309141,9.245177628638093],[77.85847303142452,9.24775356987766],[77.85280806659667,9.244597659665112],[77.84165522273119,9.243977168988605],[77.8387609649718,9.245816764218672],[77.83846551266811,9.243330314433512],[77.82573377458793,9.242677492406145],[77.80750460837866,9.245210216426301],[77.80582530407473,9.246208933052129],[77.80674279569523,9.252273364331435],[77.79644870800374,9.256190516402778],[77.7966629795552,9.273012171254203],[77.77350333804382,9.27644156820568],[77.77416992930715,9.269285428091088],[77.78232636888056,9.26359171360749],[77.7879147433473,9.262707191040958],[77.78965837241549,9.251510246165774],[77.78309986415428,9.249259289027048],[77.78001351155282,9.237730536820779],[77.77026743032063,9.235892168174132],[77.76923255943521,9.241976748175732],[77.76613829716771,9.242106847799285],[77.7636652154276,9.248760533876858],[77.76116246772352,9.248827510432834],[77.75847106303003,9.26660400720303],[77.746106738596,9.267822053109128],[77.74352086259216,9.264165635685227],[77.73851060341808,9.263900393776598],[77.73769022866296,9.259728015244464],[77.73968333336026,9.25961890109628],[77.742070364581,9.253049572764597],[77.7419729342036,9.232063127422194],[77.74475128593514,9.226022646249444],[77.74227856262281,9.219423138963746],[77.73286919601024,9.219877899860222],[77.73449600366729,9.196306250104456],[77.72766591493276,9.192682499414024],[77.7272874870429,9.189870656430797],[77.70584468234635,9.188388258343467],[77.70463913784516,9.165622014185],[77.6958311421113,9.163295406126341],[77.6901119370066,9.158874999862379],[77.69344875068903,9.144620586297982],[77.6996940604281,9.141473054748772],[77.70051683817663,9.138077808679508],[77.69652662229588,9.133923910707809],[77.68832471269772,9.13280857728313],[77.68279335160709,9.13407517567272],[77.68292576507662,9.137646582704903],[77.6741053168963,9.138063541775853],[77.6731579131735,9.126485958035536],[77.67625992969855,9.124351841391018],[77.67652215870974,9.110364599602413],[77.67999708297722,9.108940104406528],[77.67993760911551,9.105807232240137],[77.68625546589861,9.105110188699175],[77.68628685842452,9.102257508714377],[77.72001948398041,9.104701441084572],[77.7217078720485,9.108493935608555],[77.72583282713701,9.105947756978717],[77.73997921056706,9.106784712158264],[77.74370020405212,9.077651769366707],[77.74164366571934,9.075260899666791],[77.73794148744794,9.07552868476356],[77.73915516978728,9.07296959185622],[77.71263473406698,9.072686951639891],[77.7080684106282,9.073216816260112],[77.70723658594648,9.075631107569256],[77.70423438662255,9.073425539678887],[77.70174915965977,9.063046343103894],[77.70626006602868,9.059455941683279],[77.71363384391923,9.045557501305083],[77.70840755698732,9.041358817299425],[77.70843409501744,9.03775571879036],[77.70711590896616,9.041033535979007],[77.70222697805099,9.040275038347723],[77.70240792659699,9.035166507293134],[77.69766462606411,9.035199004296315],[77.69395316639917,9.031971821995636],[77.69762641891843,9.02460228779561],[77.6966752234068,9.020334805287206],[77.69321370829157,9.014738608774126],[77.68823872056883,9.014440989144731],[77.6891232269504,8.999748272607157],[77.72249168986313,9.00243621488554],[77.72932918880042,8.989586738394692],[77.7292275246631,8.9830586964101],[77.72166476010136,8.978756747805484],[77.71988403959514,8.966618888767446],[77.70303838941621,8.968864714666186],[77.70005708490577,8.976867012885831],[77.69418760333213,8.980742417819668],[77.69369797209494,8.989842811166591],[77.69056565539536,8.993948167013611],[77.6861640704033,8.99464956420923],[77.67598684185215,8.989311767228628],[77.67642686991597,8.97997181943755],[77.67811284061763,8.971816082586493],[77.68085445035575,8.97096124464278],[77.68097635623135,8.964148403009297],[77.69129616268945,8.955032987278384],[77.6919343474269,8.936235409811431],[77.69611541757625,8.926316054045477],[77.73634530964712,8.923897576575234],[77.73721584183615,8.931609838287518],[77.74512241501331,8.933054246221273],[77.74731379586011,8.93293146644051],[77.74747628582365,8.929228870249599],[77.75999189014478,8.927623315219858],[77.76025340769029,8.920584499618066],[77.76394142671619,8.917547724568713],[77.76432969564999,8.911905874688369],[77.76070439789552,8.890778910834888],[77.76195582923975,8.886832648135085],[77.76983971366776,8.882400222251544],[77.7860815980594,8.883354222258763],[77.80134277818063,8.879574026150435],[77.80991320904769,8.871072120330954],[77.8121676848651,8.871949601557676],[77.8128543930009,8.870335797258303],[77.80772316040247,8.866492109758033],[77.817489514814,8.853139406794067],[77.81757704126538,8.84673791764708],[77.81986796532715,8.84631788195163],[77.81820592394804,8.837574293420657],[77.83132865285731,8.833430773363892],[77.83422075555833,8.823489835315796],[77.83940745104073,8.816971428942002],[77.84334347964523,8.816406774136079],[77.84803009558536,8.809359229682709],[77.85166206243248,8.802139793629266],[77.85112153804121,8.79867225489893],[77.84664495540103,8.798644711757396],[77.84603240858183,8.788793670954012],[77.83583520239706,8.780894579391848],[77.82901851113671,8.78016581343409],[77.82843722568941,8.777647569743712],[77.82107038279283,8.778487326230712],[77.81808054877877,8.775937026070464],[77.82079538602646,8.76564357057885],[77.82051049521557,8.757424546156066],[77.81810206342982,8.757175498250877],[77.82808678121896,8.734403835361718],[77.82189149775975,8.718595318087626],[77.81769185404355,8.699095320586428],[77.81029805001035,8.683289189802192],[77.81247024463933,8.680816423264236],[77.82427824062128,8.681839573634347],[77.82432023865744,8.674823037812859],[77.81663349041682,8.672208546608154],[77.8161396469793,8.664784592255636],[77.81211477768814,8.662740254357523],[77.81128424478378,8.658313780972332],[77.8085266037111,8.658295199720193],[77.80916866288234,8.650839675139707],[77.80610742358297,8.647280902761432],[77.81912243640485,8.650253600085751],[77.81893494992022,8.631051640020175],[77.81557794390683,8.630653208633762],[77.81183656585138,8.620963477313044],[77.8077481551269,8.62133799708928],[77.80565140191383,8.611910713648909],[77.79273177400546,8.614670588441893],[77.79157628542855,8.621687376123289],[77.78682493060082,8.62069613133093],[77.78107500221505,8.583470884117391],[77.80313338644318,8.57612413787518],[77.79890539998146,8.572980994393287],[77.79702217990467,8.565425499283412],[77.80770817740185,8.57160821033878],[77.81212781942943,8.570361103810205],[77.81135673433562,8.564813325252262],[77.8155946804189,8.563154707136672],[77.81323470286125,8.553392806790624],[77.82039744762697,8.551585408831256],[77.82029029388492,8.540548861652892],[77.81803874837196,8.534069475073332],[77.80821501856323,8.53538806639961],[77.80726656201489,8.531716585334813],[77.81399327172821,8.528177554393043],[77.81384951972319,8.519605106626678],[77.82581225680104,8.515492484186236],[77.82754313967362,8.51130143298178],[77.8259504347597,8.50277853757114],[77.83033765389376,8.500221182691062],[77.82675160802565,8.489931043302807],[77.839394630285,8.484353979053347],[77.83828349063536,8.472811906984672],[77.84360555414625,8.47120755402682],[77.84040934297542,8.466116603123616],[77.83681303924507,8.466301549856341],[77.83290011710632,8.456996987686702],[77.83262817820521,8.453375662571645],[77.84048371359948,8.451382961700759],[77.83210431756243,8.432321679418287],[77.8362680484302,8.43076697334273],[77.83800302672218,8.426237198925481],[77.84814180558253,8.423756279834974],[77.85334564002224,8.41499515786896],[77.85159424412011,8.402680050733789],[77.85695156830252,8.401839539990496],[77.85986207119552,8.396297025771348],[77.85711613606932,8.384763948248604],[77.84367809580034,8.386543970302574],[77.8427524411889,8.382027440107574],[77.83558851244365,8.38231147122577],[77.8350306766185,8.378269640078411],[77.83839441909821,8.380431145388702],[77.85486059215505,8.375685681912959],[77.85324512213519,8.366969143676597],[77.841900682891,8.366439094896776],[77.84128360496949,8.363084591378364],[77.84649961427624,8.363161930622711],[77.84684505423222,8.358365249999396],[77.85016800331657,8.35807617184106],[77.84669110455212,8.35441849140551],[77.86036855392913,8.356304758990463],[77.85873078143574,8.340517502243907],[77.86543078603228,8.340861477637787],[77.86956601784763,8.343800266873515],[77.86835387432238,8.347719884963695],[77.87210789436885,8.347959636326525],[77.8722622384094,8.350238273043383],[77.87379212323717,8.345251639378132],[77.88363360195929,8.346585546200432],[77.88360639019271,8.344094391580485],[77.88945755062615,8.342069039033118],[77.88667487889641,8.333402381934105],[77.88882194764685,8.333411416006099],[77.88995666358117,8.324215779157978],[77.89415530926907,8.321928081785222],[77.89455937417883,8.324071030593432],[77.90059190177317,8.325033817444124],[77.90145866732621,8.321145725560006],[77.91216648759652,8.321710286118677],[77.91268425317011,8.326023191790847],[77.92580298277973,8.330909239410552],[77.93279772821428,8.329506970029977],[77.94248048181223,8.333456981003472],[77.96017933657664,8.335307539904216],[77.96695618755415,8.333782679386285],[77.97011703295054,8.340757807314082],[77.9736116635604,8.337972149581434],[77.97065143172992,8.334966363872207],[77.97174857203419,8.333260975215346],[78.01427989126911,8.354711703332905],[78.06669440339473,8.37259550041712],[78.06710723226838,8.374412994875255],[78.06163230424222,8.374307995920276],[78.0586855830736,8.376748790371252],[78.05654574037129,8.384632858567985],[78.06388973731356,8.417985279036838],[78.09640725759867,8.460314793671877],[78.13058942976713,8.49690902168956],[78.12607546373638,8.501212872786953],[78.12190006914298,8.515695111394582],[78.12506022732815,8.540325124333942],[78.13207248901239,8.554208973973106],[78.13797262110357,8.58596380075692],[78.12729328820751,8.615037682164788],[78.12728376876042,8.638464923433766],[78.13143572361315,8.662913944304357],[78.12563863457329,8.66508837611746],[78.13179002005951,8.676001862165688],[78.136401565588,8.694108025588303],[78.15405855167367,8.712218100153285],[78.1553496921467,8.725220050180587],[78.162993752445,8.741345521438827],[78.1810984435969,8.750335673024573],[78.1915769652977,8.747920097055857],[78.1961970753641,8.753196528966122],[78.1954039788509,8.757273203598814],[78.19825271987317,8.76108014525009],[78.19913448908805,8.787475299216347],[78.19248176372325,8.786814197995811],[78.19545605598454,8.77491737500721],[78.19712183974512,8.774032207319294],[78.1965682700193,8.77883894681721],[78.19860428544105,8.775899861944014],[78.19655666019254,8.76927137660473],[78.18705554504673,8.764139952437334],[78.18132750411289,8.768463851858119],[78.17899992519428,8.766684265366877],[78.1696843220361,8.770440035719993],[78.16887876139832,8.776675869722673],[78.16278604308668,8.779530157440192],[78.1618091306051,8.777736505405462],[78.1601368825677,8.78035745489232],[78.1615294473279,8.787004475063917],[78.16388720425019,8.783892143556214],[78.16109685372138,8.791870499724135],[78.16186354785005,8.797642817716628],[78.16155759693564,8.792871809258035],[78.16013568062185,8.796886873439693],[78.15808082573197,8.796964934011845],[78.15967135312961,8.804162520128479],[78.16348662121047,8.802378594408726],[78.16123863841592,8.805125870884149],[78.1665764287325,8.81174363218614],[78.16377725495097,8.812335957858705],[78.16326001219689,8.815629752418978],[78.16802433959565,8.82585536243509],[78.16477315512272,8.832781412873072],[78.1669276250928,8.872887245180461],[78.17163835001854,8.885872331728985],[78.17998098789248,8.892687959045052],[78.18001722772767,8.906105020290703],[78.18664195260509,8.92359091396987],[78.21504443340578,8.96603792641878],[78.2941738763922,9.020709889891837],[78.35568898979416,9.068025342121578],[78.38488733302084,9.09472233086336],[78.38352786758561,9.098107735425081],[78.3765140904435,9.100268596050258],[78.37020078542392,9.099124616135148],[78.36540185042887,9.103147863794257],[78.35680092984273,9.098613033013159],[78.35606777341687,9.109806359437439],[78.35814615608241,9.114490046399496],[78.3563763923277,9.118056856391755],[78.3503266063001,9.117554473366154],[78.34184705529537,9.12346677927023],[78.32073058159209,9.128621962617975],[78.32135343837578,9.130977381441888],[78.31524840056835,9.13306937908066],[78.29562858480708,9.134154623678432],[78.27394606557529,9.141485909561807],[78.27497199013878,9.148665235923398],[78.28206922256744,9.162451014374886],[78.28420740787804,9.162383838761171],[78.29082269056354,9.17757533529151],[78.29612056693536,9.20508086539375],[78.2883947590479,9.205761530737435],[78.26935484622675,9.20209872403283],[78.27224494927795,9.256271530255319],[78.28097379535042,9.284194203165018]]],[[[78.20999915520703,8.839223908001713],[78.20525024200025,8.841780613595612],[78.21093634867833,8.834214114124276],[78.2163896452724,8.832119929306328],[78.21932276684593,8.834173565884743],[78.21578727726369,8.842005242421164],[78.21090507203505,8.84138668931217],[78.20999915520703,8.839223908001713]]],[[[78.22342080122203,8.872782705971327],[78.22180957664023,8.872036799717122],[78.22609991157256,8.86688893084171],[78.22739909196737,8.870817288387363],[78.22342080122203,8.872782705971327]]],[[[78.27358180771073,8.943292814969752],[78.27068680524798,8.94281123736505],[78.26990271434549,8.939030601163216],[78.27358180771073,8.943292814969752]]],[[[78.25309403163713,8.95205786914002],[78.25504166720799,8.955143755328146],[78.25156364644772,8.9557201110424],[78.25057096673628,8.952854863928842],[78.25309403163713,8.95205786914002]]]]},"properties":{"name":"Thoothukudi","sourceVintage":"2011_c"},"id":696},{"type":"Feature","geometry":{"type":"MultiPolygon","coordinates":[[[[79.28401760559704,13.12276988758151],[79.28054700492105,13.152561478295892],[79.2773587321624,13.15621650441018],[79.26975479960784,13.153750171914135],[79.26739544278607,13.149668008382294],[79.26208754660554,13.149041845147405],[79.26036684164511,13.159562611568333],[79.2532732860209,13.160255107044073],[79.25409224233621,13.146131987696592],[79.24527305718719,13.138275816140911],[79.2401845502603,13.144365897188578],[79.24495969786666,13.14882004016519],[79.2433927647199,13.151148359647499],[79.24208233562109,13.149630329813021],[79.24420519836792,13.152738861856996],[79.24111374603065,13.159614373436376],[79.24268692875677,13.171002970217836],[79.23389566504342,13.169998770859932],[79.22560796992889,13.158856807775537],[79.22732232290195,13.155615674608839],[79.21468624012813,13.156957802919527],[79.21003004294015,13.148458090673573],[79.22197372136095,13.146239519178616],[79.22828927755859,13.139982180978855],[79.23287296992338,13.139370221603963],[79.22936512779064,13.13158442939917],[79.23037755157374,13.126373018961482],[79.23841168013132,13.118550943319303],[79.23426919442005,13.114661273100396],[79.2344266663944,13.105228876980052],[79.21276940958502,13.092441708235798],[79.20086350711856,13.088834125941704],[79.19829339295471,13.081341318392388],[79.19309756430083,13.082287263888647],[79.19068782816126,13.088732697693496],[79.18765738760145,13.083463602869259],[79.18065877941119,13.084242356154054],[79.18136787266553,13.079903451152736],[79.18324024199202,13.081932315346176],[79.18532830220809,13.079672153827682],[79.18400819466042,13.072730378608924],[79.19079941868249,13.073352555215079],[79.19212109019708,13.067431587376488],[79.18809134844385,13.065660795589892],[79.18731565139937,13.060657793361393],[79.18007390070272,13.0643110985825],[79.17829799157317,13.059186229579334],[79.1847424326579,13.05680317906124],[79.19134447237944,13.058564382180716],[79.19209993307551,13.056146237059314],[79.17966167370034,13.054499213635854],[79.18043969738137,13.048849544613546],[79.19299645981391,13.046695497403078],[79.18849622093903,13.041946440236273],[79.18483340055514,13.029852803961685],[79.18220172843813,13.031873588200668],[79.16312114169754,13.020270372966094],[79.14831153838142,13.024655800631514],[79.13734135075934,13.034811815247123],[79.11448180763828,13.03927214174082],[79.10746583142034,13.038277330791399],[79.098307975121,13.026064379600905],[79.08681623193314,13.028006073855668],[79.08090729455559,13.025727123867888],[79.0628663280933,13.040637684404405],[79.06339763397314,13.053107343894203],[79.03868510537283,13.0611355517411],[79.03627701315025,13.065455406820139],[79.03694811126137,13.070594398380017],[79.02438444886917,13.071873068386418],[79.01533203502123,13.076944654825361],[79.00949511737662,13.077226694402894],[79.0039173349454,13.084599965722001],[78.99500118205135,13.086608659611224],[78.97230217326147,13.083806497026245],[78.9702795292627,13.074713863393118],[78.96878686702705,13.077855463416071],[78.96213429168088,13.078729945980484],[78.9607272227221,13.076118007779606],[78.95544818312344,13.075839431151602],[78.94957576495715,13.080170805589463],[78.94919410223393,13.083994463382103],[78.9414793454211,13.07851866874571],[78.92394154780733,13.080809067033083],[78.92173996479386,13.066093664327848],[78.91259782631703,13.06593221960511],[78.90367541306378,13.047705616274541],[78.90611844615766,13.045124775919186],[78.91751371926715,13.043622871400101],[78.92175064935583,13.047011970086393],[78.9291631176857,13.045758779432923],[78.93373928576165,13.039258676639365],[78.94080990560002,13.036409829411019],[78.93710704910056,13.030426710091996],[78.93574812355281,13.034788393984448],[78.92912447306047,13.036493611369659],[78.91562693737026,13.033562504567435],[78.89184118537722,13.032949952723639],[78.89128957218207,13.068812926569034],[78.88895231301795,13.073359697226936],[78.89219408494334,13.089756614384633],[78.8956893039497,13.095121113614612],[78.88141897187505,13.098181328748476],[78.8750975910011,13.096816373015393],[78.87110022902225,13.092301179296635],[78.87097150583193,13.081883497248787],[78.8611140505725,13.083663700424658],[78.84203642557738,13.078613089713715],[78.81313985520075,13.08914229620463],[78.79762521093049,13.074846815000448],[78.79430397223848,13.066583926367697],[78.75177602797406,13.054941809390861],[78.74028895333072,13.063995565124172],[78.71451634262658,13.068678314368533],[78.70527143238968,13.015238620979554],[78.65621469703196,13.031169391068543],[78.65552037657245,13.015248063919396],[78.6451290911672,13.006228509594948],[78.6346164748081,13.000801418419707],[78.63000821801191,12.994499854142562],[78.6208968135959,12.991240366590807],[78.62405901365172,12.988198171940702],[78.64716929902643,12.966237126149005],[78.63805852073617,12.96475931774742],[78.64611537487383,12.94589484917073],[78.65701386256325,12.93210639493219],[78.65226332071086,12.92910067059292],[78.6334356151126,12.931746020246436],[78.62685920971603,12.907317035002361],[78.62285589280516,12.904247492570976],[78.61668500309749,12.88857902833727],[78.61309319633345,12.867936575096683],[78.60155930868403,12.850803828655684],[78.60290455109339,12.844737097819479],[78.644702305169,12.863358948079277],[78.6539476286309,12.865324750155752],[78.71206821159348,12.859802728815728],[78.71676165562809,12.856975897890305],[78.71462343528316,12.852885488066864],[78.71627656627297,12.850181666599612],[78.72012780289779,12.851699297724563],[78.71700623633721,12.8590597910551],[78.72007901090313,12.86013465837315],[78.71868883476331,12.864700878687616],[78.73040828021443,12.865650542943497],[78.73302074814728,12.850713655628153],[78.73735753406466,12.842480017391184],[78.73413906623438,12.830443061714528],[78.74527893842713,12.824254346874403],[78.74917166733663,12.817707530437676],[78.75927212316864,12.826806019908753],[78.77322027267,12.833591604100794],[78.78258346408035,12.847294341723822],[78.79409387336149,12.84860461314605],[78.79960158989552,12.852877416624832],[78.81088665768596,12.854096494823512],[78.82414689980065,12.860187693986335],[78.83927751338857,12.869473903940984],[78.84530180612671,12.877248607809669],[78.86240625644744,12.88341524241187],[78.87594565273159,12.891388506980421],[78.88741710477382,12.893761289380603],[78.89991706762923,12.907292473936987],[78.9178883212322,12.910673587914783],[78.91327299738964,12.902419068652486],[78.91312921574023,12.89473110806057],[78.90604293467318,12.888915123066],[78.90596437700158,12.886117453392004],[78.9096130228686,12.885845925846894],[78.90907363215118,12.88242915923185],[78.91076900462059,12.882790467576411],[78.90816995302649,12.875536782637965],[78.90177083464279,12.870850457686084],[78.90056784135702,12.86158979956847],[78.9049255283761,12.862190517151216],[78.90541812405372,12.858312666577604],[78.90369444566971,12.849183104576017],[78.90056686039672,12.849368659321986],[78.90197197462143,12.85219781183816],[78.89970581531544,12.853305279764546],[78.8997290700032,12.85685320623555],[78.89094461911296,12.8541419025916],[78.88958582382092,12.856880914593694],[78.87781191261581,12.855841501379466],[78.87621363814714,12.8533736863369],[78.87680324289231,12.849798647919577],[78.88096267442313,12.849025855352018],[78.87702441889502,12.845848499595178],[78.8775173271864,12.841636160645042],[78.88146937275239,12.840348124907944],[78.89305251772379,12.842480055928311],[78.8982777823729,12.837628375883092],[78.89754877526534,12.834196329188533],[78.89127533298648,12.831426073321854],[78.88096737171374,12.83206803290004],[78.87491047731731,12.83598649698894],[78.86499431356077,12.826246238774882],[78.86534031586211,12.818594460576051],[78.8690523306859,12.820859007069702],[78.87425680562438,12.820158629101508],[78.88469327628843,12.810522746876012],[78.87951669134458,12.803029202190988],[78.87807889910475,12.790452389322766],[78.87254461130297,12.788344561670892],[78.87526177967882,12.782423864766082],[78.87180838982533,12.774421433089891],[78.86105450304893,12.774984321960204],[78.86105450304893,12.772601124344751],[78.85061382737103,12.763068332615095],[78.84891154326381,12.756486168412463],[78.84722418197012,12.737340005718433],[78.8536760251728,12.716607445401548],[78.8448759256303,12.696751713007908],[78.8564176924031,12.682705624938826],[78.8414763430657,12.678419467755445],[78.83993153632277,12.664810542940824],[78.83578078611086,12.658034887130949],[78.8086456494113,12.636211177342927],[78.83765329467619,12.643439981275353],[78.86577077327492,12.631655622223688],[78.87619452469283,12.653834399320163],[78.88195714088367,12.656284119714389],[78.89627362839762,12.689937562108033],[78.89880541414323,12.688129543621685],[78.8972719297661,12.67913535418086],[78.9035186274023,12.681842230293398],[78.90724781711597,12.687414739402405],[78.91186033821485,12.687301252426034],[78.92756467972366,12.675877642294807],[78.94422446757197,12.680597280701654],[78.94333723121025,12.685243825860443],[78.94994319836624,12.686403762734976],[78.94801360635614,12.683217856655125],[78.9495959393218,12.678647970149283],[78.9714951537597,12.67137828238377],[78.97147971441491,12.66686305638383],[78.97633165540161,12.668072719829048],[78.98113484212293,12.673878704728164],[78.97903364135085,12.680098657806688],[78.98408023019165,12.683870770390376],[78.98807943641174,12.6926329069657],[78.98692580465254,12.697022025276343],[78.99401525587422,12.697136620877705],[78.99264589010623,12.702890674220878],[78.99528514580086,12.70602172271589],[79.00122347964778,12.70109958832111],[79.00669812380629,12.702464882920959],[79.02383961615773,12.692610032138221],[79.00860053728746,12.65811475478813],[79.01215885216276,12.657267331402522],[79.01317645114018,12.666146483396581],[79.01683888974006,12.666967926433143],[79.01650945057591,12.669847269183848],[79.02130349783752,12.674468021810153],[79.02324037518454,12.673609176825261],[79.02655643329233,12.679774314588267],[79.02394207620245,12.689046377594796],[79.02981123258594,12.689200050838995],[79.03348944470389,12.698894297015707],[79.04267134531013,12.711507672370763],[79.05111993587857,12.718655284949937],[79.05707281704322,12.718049963435272],[79.05695017275244,12.730336107351967],[79.06465841588115,12.738692045583177],[79.06065723965561,12.73623864842086],[79.05979229139439,12.73843265401095],[79.06522279862807,12.746622079619623],[79.07107575479375,12.749542520607456],[79.07346947666672,12.755903268407204],[79.07799503904948,12.749056304685794],[79.08185498124772,12.749612080332211],[79.08976450898383,12.7585187056308],[79.11896682456069,12.759050480726533],[79.13204388222263,12.762404325901091],[79.14228000881536,12.759805335271187],[79.1499047697081,12.753255870109207],[79.15922414399382,12.752766889163109],[79.16120512143479,12.761295316888917],[79.15887607197405,12.769747369894208],[79.16113275944369,12.772897379877385],[79.16296931293981,12.766366183260292],[79.16909332855597,12.764349628982108],[79.16865534865096,12.761050347612501],[79.1717081644479,12.760498472198512],[79.17306519634703,12.752552605132776],[79.17125439934676,12.748793696794502],[79.17337368320547,12.748463374699837],[79.1739970825716,12.741501180422413],[79.17588638244625,12.744595279646147],[79.18788333814992,12.746034218761414],[79.18905672565884,12.748279079234166],[79.19736488439555,12.747960519953399],[79.20759039829156,12.741942464788963],[79.20617159104697,12.745908501115064],[79.21389585203552,12.760805037285309],[79.20868149742553,12.784729326774517],[79.19549454256668,12.792456915145678],[79.19571227263201,12.797600255597994],[79.19146779938986,12.804231690040401],[79.19083816930889,12.809917582123992],[79.17819784918191,12.82003061664646],[79.17789016990892,12.825043004636187],[79.1819222302139,12.834849943910099],[79.18400954392997,12.860715468577652],[79.18890255858645,12.865035260914055],[79.19402757933469,12.875243943259756],[79.19159270294358,12.883714321235022],[79.19467699391147,12.892870420669219],[79.19775469214343,12.893850391751739],[79.19963315474247,12.889149528050744],[79.21090365904554,12.895211699427174],[79.20582956828234,12.904853593663994],[79.1987896789115,12.904846490586705],[79.19133124917846,12.908070751194295],[79.18635301943587,12.918530278723697],[79.18813781290358,12.925960158273233],[79.1943831001848,12.93352916273446],[79.21000505270726,12.938514601267398],[79.21551875741096,12.946548729151216],[79.21673353120337,12.954950329413599],[79.22864651688585,12.957151731851804],[79.24164542111805,12.95531155913812],[79.25223633014575,12.951532294746873],[79.26084343742922,12.943730986321214],[79.2621555751237,12.946136032951447],[79.26785374976929,12.940141038317167],[79.26876783407994,12.946532207098572],[79.26363882121856,12.947140107955033],[79.26915966842708,12.956669826608318],[79.27009991257708,12.966586299118694],[79.2659796844236,12.98741540405861],[79.26822867243291,12.987619786150365],[79.26953772171944,12.997599603974093],[79.27809850468036,13.007332963390727],[79.28482995660006,13.03771629894062],[79.294543849399,13.047188209781654],[79.29054789687686,13.05764519782357],[79.27245434303785,13.087019997619963],[79.29338145637081,13.101413797615523],[79.28401760559704,13.12276988758151]]],[[[78.52281872841785,12.71915119641032],[78.520923814971,12.736130917194172],[78.5191695687145,12.736283887268481],[78.51821219998023,12.725079121611019],[78.51516442373205,12.725050635563617],[78.51169681534427,12.726734947686847],[78.5092717162167,12.72423450881605],[78.51669114289676,12.718655998236345],[78.52281872841785,12.71915119641032]]]]},"properties":{"name":"Vellore","sourceVintage":"2011_c"},"id":697},{"type":"Feature","geometry":{"type":"Polygon","coordinates":[[[79.6403907008861,12.344682487582109],[79.63684160991212,12.34258538333456],[79.6217121946768,12.349491558416236],[79.618921462364,12.354368332274891],[79.62350020770651,12.364831887028444],[79.6209850569633,12.374445454258842],[79.61686078189946,12.377324389117467],[79.60815260426503,12.378051512223545],[79.6057479229456,12.377915694262079],[79.60258990544573,12.37173676043167],[79.598220289698,12.348206076564896],[79.5770074483243,12.353748522180128],[79.57498371197416,12.358389962681715],[79.57082344590843,12.356486184622389],[79.56509373320985,12.362179806391],[79.55892325672717,12.36437035782975],[79.55349788785695,12.365530462023203],[79.54646429837122,12.36351702875908],[79.53860991731209,12.368689664570883],[79.52953833341599,12.370073974127148],[79.52162449556316,12.361962343140583],[79.51792723107633,12.35327377030332],[79.51116871830703,12.354152248122666],[79.51049088642453,12.348434391416182],[79.50697053704812,12.34595593722044],[79.50384350783229,12.347907052414003],[79.50218965100373,12.345515290945421],[79.49610555023061,12.345134095783095],[79.48886195439441,12.349394709872366],[79.4883002540169,12.358687685805558],[79.49326132863254,12.370279055815544],[79.48588834844595,12.374620944194008],[79.4844427058289,12.369599988086675],[79.47287327723359,12.364962282840109],[79.46556537459944,12.372101437363195],[79.45113829459254,12.374207188189198],[79.44780249600637,12.382682724665937],[79.44822882116887,12.395785500925077],[79.4418646876739,12.394245764981983],[79.43977141183927,12.389075528072226],[79.43620436803435,12.394016458368979],[79.43804657642517,12.408004933976498],[79.43306236659772,12.409958498233284],[79.4283657901377,12.400924221726015],[79.42520245371306,12.402217423608032],[79.42061009889399,12.410850918948281],[79.41525703092941,12.406512678061807],[79.41125188055706,12.406766249590673],[79.40821281257723,12.411277315166],[79.4103656296472,12.417573144842612],[79.40165678725947,12.428127752372182],[79.4016160630344,12.435707444224954],[79.39542608143198,12.436232090662832],[79.38248488227869,12.442329693282069],[79.37461155485187,12.441226764398918],[79.36748301433894,12.443933810102626],[79.36184038701893,12.439725583837383],[79.35650528985161,12.444064161061766],[79.33861511099964,12.444626857112146],[79.32525833412791,12.450775874612475],[79.31941783400194,12.449106769303677],[79.31585041559957,12.443248278088232],[79.3101390303294,12.441574483888589],[79.30897161571876,12.438681527035369],[79.26948638839085,12.447739323790445],[79.25238272858759,12.447315833888572],[79.23993466679603,12.442870459206858],[79.23135756503967,12.442787863255711],[79.23005542559432,12.441093405778943],[79.23240087380053,12.441119677671079],[79.23454711071108,12.437417119994585],[79.2265908544105,12.411282016732692],[79.22721736374416,12.401930322235458],[79.2427068012875,12.397160541241348],[79.24850801628943,12.382988542353146],[79.24556180356728,12.374885756958882],[79.23705801421958,12.368489183064419],[79.22740448191952,12.372732281765309],[79.2246900444221,12.367698242280522],[79.23271986376128,12.361860219369861],[79.23406374791793,12.353818970835185],[79.23707014776411,12.353026881752477],[79.23915008810835,12.346526577067843],[79.23455140555642,12.342953091612511],[79.2269980445591,12.342544556079089],[79.22139652684143,12.349656150400653],[79.21129916840052,12.34421291872497],[79.20484508210457,12.345783151056756],[79.19816454130527,12.342973522760186],[79.2168695253576,12.339569384777052],[79.21892378915605,12.337787875739089],[79.21707019641568,12.334809886912499],[79.22109185333136,12.33254869598986],[79.23461073838261,12.329868192896337],[79.23198629770364,12.319112023765191],[79.23413633628446,12.315748424886461],[79.24649719142485,12.31639885008427],[79.25185532319273,12.323192658891669],[79.26055341633973,12.321320876763687],[79.26406457864579,12.32314838308822],[79.2737885307793,12.31930609074573],[79.28579496281085,12.320463068404159],[79.28933074793882,12.317933210733456],[79.28694190122292,12.31390518431768],[79.2878858527201,12.309254632026581],[79.28516571900549,12.306410741112153],[79.27379876708196,12.305470858128855],[79.28013805766773,12.291841424845481],[79.27197048976457,12.291512889704816],[79.2677614676368,12.28868626840998],[79.26102883712745,12.276809763759346],[79.25863807430504,12.278485554009473],[79.25632347694061,12.27460643796002],[79.24504951142875,12.273994407107644],[79.24383670404849,12.264679485035954],[79.24126717558619,12.263518874417386],[79.24317155637782,12.256611783760793],[79.24025672360517,12.25386938881825],[79.24238958909267,12.243870646797548],[79.24840835359856,12.240988944701483],[79.24379233625662,12.235689123998775],[79.23697206610812,12.2337438122301],[79.23473170192553,12.227502664049283],[79.22510741966943,12.222023582603791],[79.22744028427518,12.217918710889494],[79.23673603556387,12.21788364659223],[79.2359434241409,12.212193489285958],[79.21917758658006,12.215440127380795],[79.21573493159421,12.212313395972991],[79.21608302517352,12.20868831371585],[79.22100848068985,12.207986156918649],[79.22314822817074,12.203840762249545],[79.22862044058976,12.20335977207534],[79.22823369160547,12.201063832382467],[79.23312585106576,12.1978032100781],[79.23111132963375,12.192307781948877],[79.2345725213555,12.184080417829843],[79.22231896458588,12.183790919849432],[79.22232236291259,12.19386572194143],[79.21891906222103,12.197821710273077],[79.21509623032553,12.197664634181438],[79.21086794831807,12.193986709019748],[79.21279717830706,12.192277652432564],[79.20994255511633,12.18722072102389],[79.2132780545635,12.187057047855525],[79.21421902095898,12.184091709942894],[79.21061625205355,12.166090095904389],[79.23800155788163,12.1533754923472],[79.23681041067948,12.150044853642585],[79.24274992221775,12.149206265121443],[79.2424228159784,12.147000745053067],[79.24578959027218,12.145819700096384],[79.24513160037772,12.143162215619641],[79.2541793923935,12.137912518175634],[79.2523930430437,12.136722925434162],[79.25896279102571,12.134908880842],[79.2587947422872,12.13065564556267],[79.26490567663619,12.127254814370266],[79.2698062524124,12.128770973688336],[79.27667461297126,12.126048103967834],[79.27858195371175,12.123359515607426],[79.27921715873737,12.107879073586338],[79.27608151467795,12.104072126646601],[79.27130495671663,12.103582116390555],[79.26867234496186,12.094477978591796],[79.25717840718974,12.079869272727974],[79.2528790495787,12.081033410031791],[79.24872934141251,12.077884892987434],[79.24270774541687,12.080431559952501],[79.23790686467089,12.076555373216989],[79.23996634857947,12.070344130806404],[79.23361994782823,12.05915978120196],[79.21555056585686,12.063816838340463],[79.20923344838722,12.070666296067962],[79.20073247076637,12.06988660822604],[79.1964628869171,12.056897439617128],[79.19014205132052,12.048211443777006],[79.17621395670787,12.047436681581472],[79.17510495594689,12.032448757592757],[79.17262955565502,12.030478403366656],[79.16994444455842,12.01940748117431],[79.17061789715386,12.010308850775058],[79.16735262260573,12.005839201405356],[79.1707726813689,12.002539083411783],[79.16840991723723,11.992197886166936],[79.17117548324735,11.988856064926187],[79.1863827321122,11.985762709384188],[79.18470415095206,11.972754790209859],[79.20195210893604,11.97352342958292],[79.21047748030844,11.974045267995276],[79.21796795743924,11.969071034702024],[79.22724764774901,11.9574553473236],[79.23719630356936,11.952141358614716],[79.2710205258432,11.948787655589246],[79.2740367784114,11.947627120870022],[79.27392318195214,11.944517335070525],[79.28451862837036,11.941732177002562],[79.28565579131548,11.945592547398073],[79.29264736569706,11.94412566139633],[79.30552580315471,11.933905098365285],[79.30812713826626,11.920391085610255],[79.34875222618007,11.926007013881831],[79.363997495341,11.918058930597402],[79.37295237281032,11.919605142776028],[79.37880460583222,11.918027823635505],[79.41457164241878,11.898897416756286],[79.44097926590905,11.872776634837349],[79.46791280808243,11.87177983843561],[79.5099512055513,11.857593382621122],[79.52916058734746,11.857094844596192],[79.54274220983983,11.847923816416982],[79.56502263065678,11.83992959359678],[79.57304349199595,11.839976523706529],[79.57998544344123,11.843625483431827],[79.59081959917984,11.841475745597009],[79.60380678039762,11.829042835396114],[79.61683821532121,11.824749864415047],[79.62432220032744,11.811786776321584],[79.64110059364106,11.798497860415715],[79.64978118041985,11.800513429985202],[79.66499606496458,11.810483164874489],[79.67480883892011,11.806793008953052],[79.6759301771432,11.81430106562815],[79.68572275876778,11.812505583931785],[79.68749834270722,11.820708427030231],[79.69076975544372,11.820400370180021],[79.69080681993233,11.822117944241308],[79.68958764798829,11.828477903978598],[79.68563319224238,11.832460808116016],[79.70309236121764,11.831910000660267],[79.69473949243094,11.84441882504422],[79.6945961985667,11.859709927369869],[79.68938411489773,11.864240116420932],[79.6898235680398,11.880841917586569],[79.67400420624203,11.880695563576147],[79.67384523857271,11.891611360308394],[79.68282231161608,11.891966876795149],[79.68262894475961,11.888784859416878],[79.6868420721882,11.888888061134475],[79.68716448742514,11.89453798206577],[79.69538900402573,11.894789374947567],[79.69573957965022,11.902409964861267],[79.6979019143706,11.904732724185132],[79.69775572074464,11.90759839741503],[79.69560321359344,11.907892698135628],[79.69620257314429,11.919165401270078],[79.71866113257698,11.919037265626777],[79.71795254417583,11.913360447785777],[79.70660186972523,11.913621331907523],[79.70661327383776,11.905187065397216],[79.70895384958189,11.9043050140252],[79.70527926216612,11.893919110150621],[79.71119423622241,11.890708363098177],[79.71689503664358,11.892794864601745],[79.72372740799723,11.888607227054163],[79.72281976730214,11.891717297394209],[79.72888439978644,11.890205589778263],[79.73130992022384,11.903208699424596],[79.74069668881715,11.905438149575582],[79.72551535006005,11.923157278407093],[79.71753057943575,11.928986094971572],[79.72089107181071,11.94489983371562],[79.70967826629835,11.949956484293175],[79.70795458162615,11.941929567731977],[79.71121570775432,11.933069515604013],[79.706621557203,11.935172555937054],[79.70429100935239,11.940172226656276],[79.69730956976386,11.941751339100929],[79.69575936863761,11.947700057061196],[79.69166093720617,11.951316849283053],[79.69568975998286,11.963917614386041],[79.69797055823474,11.960486463373975],[79.70367799990082,11.965470570621962],[79.70260419962425,11.967021250653454],[79.71021069058074,11.965780769207084],[79.71502698911192,11.967636998623634],[79.7160241720779,11.97105835540671],[79.70926791138503,11.975810720608365],[79.71242500092518,11.986553743919158],[79.71589530785208,11.984844142728612],[79.72057165425188,11.992739088609854],[79.73343176967103,11.993258982203935],[79.73768163639812,12.000950358393675],[79.74132491213636,12.001220142580621],[79.74152193333943,12.003942136594754],[79.74372563188538,12.003638472622283],[79.7464959356103,12.007678119846679],[79.76237340583053,12.00268970085109],[79.76042375803344,11.989201026064112],[79.75552084843413,11.988290352379746],[79.7519141493993,11.984270477118335],[79.74812457493219,11.98475125170836],[79.7419467717901,11.977666531379558],[79.73199499342583,11.981476042933927],[79.73040814642589,11.98593776930279],[79.72647810509275,11.985758316606255],[79.72350473540124,11.977049382674508],[79.72451735322045,11.971227344588353],[79.74453072180597,11.96495538573736],[79.7502740673373,11.919905608590643],[79.75627752814401,11.920387462604719],[79.75507693785164,11.926009757008021],[79.76219502197468,11.928544046570154],[79.75994373607483,11.943599062438718],[79.77152511226343,11.943888596678915],[79.77677271801366,11.953698909339284],[79.78347856615112,11.95626414882003],[79.78472133414276,11.959862463739803],[79.7917268072584,11.959376639120524],[79.80507349964272,11.953256055817048],[79.80647870639392,11.968023131773192],[79.81260488784821,11.97789176390776],[79.81850425098148,11.977888636411778],[79.82234951830122,11.96576696331641],[79.82885144976754,11.958328414762127],[79.84063594043177,11.955785648928845],[79.8567973932661,12.00605501220818],[79.84090256040808,12.012809793622338],[79.84443021757937,12.036096918894419],[79.84976879571842,12.051311665859433],[79.87364941070378,12.042032014252126],[79.89671198835038,12.083463299096579],[80.00863868520473,12.254805014174007],[80.00401673718525,12.254106069029019],[80.00378275300321,12.2567757386969],[79.99247032342754,12.253737712348496],[79.98770082712264,12.25114020258527],[79.98318866490898,12.241071652612405],[79.97309905892898,12.233364372410254],[79.96966745411943,12.236796000158078],[79.96399569173985,12.233154816186646],[79.95986484639799,12.234186480650006],[79.95531856706818,12.228831734403025],[79.94420581411553,12.24225846421114],[79.9213571576774,12.25005238084686],[79.92451257814778,12.231590918048552],[79.91426100143046,12.235524567765639],[79.9087368367436,12.23040868783552],[79.90087430077831,12.229405975930472],[79.89537398007404,12.233338565162526],[79.8849886675671,12.235960436436077],[79.86764050790308,12.248913993979777],[79.86242497560177,12.26194283507306],[79.84922868814543,12.276251457815603],[79.84119425595725,12.279798477402837],[79.84417248014458,12.280192124574944],[79.84162509156077,12.287757994177015],[79.8321777154319,12.298943074155057],[79.82742213313244,12.312922045011133],[79.82140476820177,12.314258659647438],[79.8198516502458,12.311817600408428],[79.81430125475265,12.320539578122151],[79.8082001012605,12.324773093061442],[79.809509814402,12.326242388959162],[79.80277481503524,12.32797162493256],[79.79922762759138,12.33739894495824],[79.78826401114557,12.335998791647755],[79.77881583192283,12.338987523268377],[79.76044075236194,12.329655585745154],[79.7589992931992,12.325365626275811],[79.75431873459901,12.327257292366703],[79.75030221604676,12.32483728423896],[79.72190791710166,12.331176233710698],[79.71597007014161,12.33547648068641],[79.70620572705798,12.33462502843701],[79.70007754685219,12.333302290392236],[79.69745048758415,12.324932160215093],[79.685548999439,12.323768592947232],[79.68334565033766,12.316645717859487],[79.67968650855488,12.31576050124477],[79.67000619208629,12.317692008431287],[79.66063413160916,12.32309889071745],[79.66047372933033,12.327184835628945],[79.65323848243638,12.329856728871393],[79.6490790958213,12.340871850298194],[79.6403907008861,12.344682487582109]],[[79.69111938514217,12.032437476637881],[79.69396223231787,12.034809844884427],[79.70359062975629,12.031417600800655],[79.70159782599461,12.013831049175407],[79.7030472612988,12.008153651923868],[79.7151333514382,12.000248343408806],[79.71961193732146,11.992215079892096],[79.71464376691343,11.990684324406475],[79.70560485115097,11.994614675053958],[79.69355641210007,11.989966611645343],[79.68532227723772,11.991271055151689],[79.68092956490571,11.983410669302636],[79.67390248461251,11.99509585562348],[79.66086276362877,11.989207976740225],[79.65702483105328,11.991386998721627],[79.65761913129244,12.005164830633053],[79.66163274379474,12.012296835984408],[79.67131591870258,12.010062773816289],[79.67547768495481,12.02136653668215],[79.68341677894188,12.021609306746576],[79.6850661208378,12.026404622109531],[79.68976838363356,12.027854533735143],[79.69111938514217,12.032437476637881]],[[79.79352112107152,12.016984329348599],[79.78910810501745,12.018225904703545],[79.78880234634252,12.026375154783635],[79.80265586012533,12.025855130938792],[79.80577414064857,12.024201729619026],[79.80185944074387,12.01706811632679],[79.79352112107152,12.016984329348599]],[[79.63860831131007,11.986762878643765],[79.63643774263176,11.977846295262264],[79.64031702915133,11.976273297036824],[79.64130844942476,11.970532928435995],[79.64851588178257,11.967590131854315],[79.64730766389512,11.953429134803502],[79.64223066528533,11.95398986967355],[79.64264791656514,11.942099899569868],[79.64721077789677,11.944592620426906],[79.65201689402423,11.943566312285915],[79.65289393630407,11.948230860388493],[79.6574843597453,11.948054141380881],[79.66066905631078,11.937160715305131],[79.66933088896135,11.937512183768026],[79.67069796941526,11.931577323987327],[79.66886925461831,11.918266295310149],[79.66267284557004,11.918190256414718],[79.66102936697798,11.916314617432889],[79.6626722311224,11.913096255859784],[79.65604907560177,11.912925082214729],[79.65587877209191,11.907898880909356],[79.64111352129632,11.90777777885741],[79.6407140548625,11.90220460095971],[79.62982732342523,11.901612666881134],[79.62532481001608,11.903027336337761],[79.6282298915763,11.919941142583596],[79.61848510032483,11.926060849815473],[79.6182681023865,11.932122200296451],[79.61885538768159,11.943317869237497],[79.6284039805868,11.945135376235427],[79.62748551159926,11.968146518998973],[79.61860693074198,11.969954261152917],[79.62457018834645,11.976006683087705],[79.62437265330708,11.981787629133395],[79.61797260337042,11.984978481839551],[79.61717815668932,11.989552691386892],[79.62361032319401,11.98932244231153],[79.62632342759153,12.000360155941186],[79.61917383416159,12.001411964717192],[79.620713077638,12.013527693331907],[79.62904663534104,12.018798096640577],[79.62552920279431,12.032172583163355],[79.63118176188813,12.031368068956466],[79.63750460791431,12.026540711753583],[79.64384126913126,12.027435509947567],[79.65099944326882,12.021812286812935],[79.64778508343433,12.018752474984142],[79.64231040064824,11.999225524144018],[79.63644726028218,11.998086653158435],[79.63616718803449,11.995799537735866],[79.64147907542981,11.991627554208245],[79.63860831131007,11.986762878643765]],[[79.67840249531532,11.971826462673102],[79.68650562436822,11.973253288165195],[79.68785002056455,11.969600900616246],[79.68388640739262,11.96040802486048],[79.6846608063715,11.953352258573338],[79.67321577018852,11.94787151811345],[79.66370474842176,11.950901055007408],[79.65878371171831,11.950065456117212],[79.65823310733124,11.952506274973766],[79.65464338915025,11.953487396381465],[79.6537947372266,11.960669695055207],[79.66002397071536,11.958391069386924],[79.66219653724684,11.969166380290009],[79.67667112016593,11.96810682411324],[79.67840249531532,11.971826462673102]],[[79.61711498356527,11.883414829816155],[79.6212175688066,11.890597264775941],[79.62978156144801,11.88868100716594],[79.62989174161426,11.881290777260503],[79.63450399681183,11.881037677940894],[79.6346968399505,11.888762303100208],[79.64115864457136,11.886633265842253],[79.64052058380146,11.880585550338077],[79.64839117406159,11.880445136084525],[79.64858337759976,11.870528229997818],[79.65774784819453,11.870089110671543],[79.66272668968986,11.867254545597026],[79.66342353082206,11.861247407235723],[79.65685130259153,11.852072486730258],[79.64713202439246,11.85016121219666],[79.63193095593678,11.853509589395745],[79.62634007966197,11.854668043221611],[79.62845544057785,11.869796516732615],[79.61915325555508,11.870193967796633],[79.61950692318074,11.862686248856862],[79.61223334697024,11.862631665426385],[79.61065950398236,11.860019001914171],[79.60200034112478,11.85786215162061],[79.60314647284972,11.868746381716525],[79.59940929441817,11.88300658642528],[79.60459076889214,11.881348257884689],[79.60815248209416,11.876864781997117],[79.61711498356527,11.883414829816155]],[[79.64732443813642,11.844221986896983],[79.66177828344719,11.839416061016951],[79.65945547637938,11.829399927250279],[79.66339645200613,11.825286341317321],[79.67131122141194,11.823649084291548],[79.67129160400276,11.814880341044274],[79.65964651031106,11.812870259254037],[79.64633643056274,11.816243211712344],[79.64708451159875,11.819678398579965],[79.64105101562052,11.822792949100302],[79.64732443813642,11.844221986896983]]]},"properties":{"name":"Viluppuram","sourceVintage":"2011_c"},"id":698},{"type":"Feature","geometry":{"type":"Polygon","coordinates":[[[78.13701032510994,9.761741373576902],[78.125257193734,9.765561293034587],[78.12564895172432,9.771135216362016],[78.1123411510019,9.779095344232182],[78.10700842718353,9.786070296610625],[78.09988979688481,9.783144893606803],[78.0985276113509,9.779388070380726],[78.08806370523978,9.779382377261228],[78.0887341224279,9.775508281125655],[78.10430273568376,9.768227280664806],[78.10105470160255,9.75513080398001],[78.08429781665177,9.758180144690005],[78.0781612578593,9.748997239584016],[78.06710968556742,9.752946408751821],[78.06141582642844,9.74153970631968],[78.07131456376678,9.735615139737728],[78.07264122362612,9.731840667758338],[78.0685223348607,9.729448485366497],[78.0680177197246,9.72339081573696],[78.07385106656594,9.718726591432075],[78.07500545470666,9.709757854587322],[78.0799403829576,9.70828950713313],[78.07629257072719,9.696797394886005],[78.0849774846907,9.692549456415371],[78.08196650882643,9.688118775900305],[78.08783550890308,9.683409118860002],[78.08518502786066,9.675511231138115],[78.08003201830313,9.676527564961194],[78.08184728442193,9.663187533571078],[78.07618026784195,9.660469659152637],[78.05927333639099,9.661759353921278],[78.06149470030701,9.670611263600422],[78.05765325082722,9.67400086628905],[78.04055338820265,9.678503777101],[78.03072250241438,9.65969055797353],[78.02581566627896,9.660525446938273],[78.02328476627221,9.654037513277324],[78.01676767214222,9.647778830386025],[78.01457023215885,9.639460168411311],[78.004510446653,9.642358706141403],[78.00658106517953,9.64809164100359],[78.00069429642653,9.650349768768313],[77.99633595543393,9.640106771201737],[77.99096090928762,9.641645497957922],[77.9854689914245,9.633509980153056],[77.98325075544227,9.634428365291045],[77.98058022040944,9.630658880923846],[77.97527287759112,9.629602497419098],[77.96398537985783,9.633167598382448],[77.96456203808313,9.644202336231025],[77.95255458466706,9.64959351759266],[77.94947870013364,9.645783238558092],[77.94015397188882,9.649220635928874],[77.9330834966792,9.648751509583441],[77.93124265372761,9.646586464126331],[77.92316109502134,9.647554852438724],[77.92159737604672,9.637862788410619],[77.91061412961528,9.638216448410303],[77.90246842221458,9.631038209412713],[77.90068706120954,9.626467983191178],[77.8974027037498,9.627919189885846],[77.89141271138413,9.642344732760694],[77.84893570698624,9.650367255890991],[77.8459425932231,9.650552259249523],[77.84185338299802,9.635344363779895],[77.82903868639966,9.636300992072496],[77.82193130660154,9.640716423442846],[77.80857459171358,9.63985486598865],[77.79471887975328,9.648739189897013],[77.79096765526396,9.63910920912432],[77.77632575573331,9.640434096432035],[77.76684639598705,9.651633099407464],[77.76388652617761,9.660555768192735],[77.76797281508138,9.661379920079781],[77.76953915264504,9.664165208024615],[77.76644996316395,9.664932601417059],[77.76668961391883,9.670262557735201],[77.76000144642278,9.682737094567704],[77.75458896658023,9.682210708573812],[77.73397529611114,9.69286390073468],[77.72579222687943,9.692748679696718],[77.70993931031087,9.705419331558472],[77.710342310717,9.694569709563858],[77.70774900834071,9.690953791309433],[77.69946600602523,9.692167005932284],[77.69986362821778,9.698084454916277],[77.6980002591121,9.699101926406104],[77.69369879944333,9.697407483622177],[77.69407153470922,9.69279182970158],[77.68430165261356,9.684055089083914],[77.68516215241746,9.680090406157579],[77.68122060276724,9.676673323010233],[77.67772695760922,9.682763148278914],[77.66841825530908,9.677239986390951],[77.65090056558464,9.68312267015978],[77.65208082700215,9.68840270639412],[77.64917908537811,9.698673667985439],[77.64518312027954,9.697824003989997],[77.64708778673544,9.700757734633832],[77.64474583836554,9.700617759429505],[77.64400331790117,9.706449371955207],[77.63675395398249,9.702019251441257],[77.63267600773278,9.703366420602947],[77.63206549290275,9.700843959968113],[77.62876204714155,9.704668371870318],[77.61582212359598,9.698565107725356],[77.61648750393027,9.695463998714569],[77.6122181311851,9.697611054375068],[77.60823147622615,9.696566493251861],[77.60089174897642,9.69103259959232],[77.60194009189615,9.686367451020166],[77.59800367611777,9.685964695842342],[77.59015430226803,9.67856357511258],[77.58596892290021,9.666850053089828],[77.57611874129961,9.668914455172452],[77.57507162008868,9.664502176719505],[77.56257594219718,9.65951356084314],[77.55189163892264,9.644367137575644],[77.54330408886122,9.645187713096211],[77.54744170121211,9.658610552210229],[77.54393748467984,9.661742394306318],[77.5373411699216,9.659774193792094],[77.53583010120579,9.6549230942251],[77.52816865760842,9.650472542590867],[77.52694957639423,9.644862089323537],[77.51936277381382,9.6361619385591],[77.51405094391063,9.61081746404972],[77.50564169416177,9.599680149345701],[77.49984453505331,9.596301009237532],[77.49829797659555,9.57541109443582],[77.48847711959908,9.572272326395714],[77.47542107712492,9.56308106490026],[77.47761349642417,9.55287279766296],[77.47498482917179,9.54997126738781],[77.45589129141976,9.541585432886366],[77.44812704821454,9.545470179298075],[77.44456977897825,9.543364184211224],[77.44106810467824,9.546678454695162],[77.42786973223214,9.546517605566299],[77.42249484957917,9.53958809868235],[77.41413305692843,9.53660979211935],[77.40348486772496,9.526380270438803],[77.40041577176017,9.517856805897228],[77.40831202868455,9.514759727934079],[77.41239641495656,9.508977436802807],[77.39930818764238,9.496568778847664],[77.39862450593078,9.481632463850579],[77.40171601306531,9.476899140334162],[77.391470790132,9.468685417295555],[77.39261336363009,9.459350173316754],[77.3771965351145,9.452777178151123],[77.36600016338195,9.460082177417526],[77.36199818765584,9.457242972266986],[77.35638497207654,9.447568284106532],[77.349405854633,9.441175442810092],[77.34459985259161,9.424416727720166],[77.33937488618317,9.420136716008763],[77.35027745132562,9.412693001848245],[77.36438139474839,9.40914982962543],[77.37221645574071,9.40211596441801],[77.37895855539148,9.401862961067186],[77.38908292437637,9.392238379602517],[77.39716334940876,9.396193778865882],[77.40312688099942,9.396134733387877],[77.40598101640497,9.393521599973555],[77.41092055930154,9.397580844406619],[77.41974771340544,9.399270795366336],[77.42328426659299,9.393741602110715],[77.42602943455793,9.394907624220982],[77.43398627656008,9.390883159611716],[77.4379726422615,9.381854731731531],[77.44789959837787,9.375108184423404],[77.4505114833041,9.369940537819513],[77.44708310075151,9.365827324978838],[77.43849853309682,9.36809815039903],[77.4371047205767,9.362099383798737],[77.44336353019786,9.362007973654732],[77.44139584872144,9.354273368435534],[77.4666796681132,9.348915845691375],[77.46804008306766,9.346655172669625],[77.46294203872739,9.345892345401527],[77.45905285277341,9.336268597861654],[77.4588202232508,9.33392239793682],[77.46477704083301,9.329138178255377],[77.47151299241398,9.328390663929314],[77.4747249573399,9.340749479187],[77.48695855713713,9.337048200309512],[77.48770555570324,9.338887910367308],[77.49583452389696,9.33845597459605],[77.49703008092884,9.333790227152331],[77.5066100986993,9.331925303263505],[77.5221296729238,9.334963944265171],[77.52758271619298,9.348948199567113],[77.51907300784588,9.356748301387027],[77.520178268022,9.359343521944176],[77.52708831130839,9.358052693411844],[77.52932261904935,9.36034534559012],[77.53085653641445,9.375906053604314],[77.53305062837674,9.376087515809038],[77.55470151523245,9.370283947865957],[77.54974527175645,9.36665264942584],[77.54982798503451,9.36317172170522],[77.5603721798708,9.353459097787532],[77.57486036418165,9.354126354245889],[77.57302341273186,9.34302769160261],[77.58956793415284,9.347568917164626],[77.58945455867914,9.344476700735958],[77.59145730679099,9.343875678575827],[77.59095555728062,9.315381564299518],[77.58781084832172,9.313925477247043],[77.58563157676494,9.308617874848085],[77.60415494841627,9.306965324139757],[77.60338632470632,9.301151577412442],[77.61343966839328,9.300976046787115],[77.61648910742305,9.29749074615195],[77.62485849443122,9.295529047559151],[77.62489500196436,9.292830179304408],[77.6413740469809,9.292576981257952],[77.64474168006412,9.288747872066113],[77.65320627591595,9.288037796738381],[77.65325157795574,9.28391488825754],[77.65570905236609,9.28336318970688],[77.66093372502544,9.286965800607028],[77.68239110309086,9.28618151540359],[77.6839979160463,9.288626961823889],[77.71210041344102,9.291424798268784],[77.71215414257648,9.287301887091365],[77.71727853630065,9.287549410668218],[77.71771886799507,9.283204802249912],[77.72116840587259,9.283027665064523],[77.72194128580034,9.28011166942184],[77.72886824526185,9.282135119422616],[77.73918449798465,9.280545525771553],[77.73932393627972,9.275143142053471],[77.74153099093157,9.274988816697793],[77.74160057982338,9.264360550697697],[77.746106738596,9.267822053109128],[77.75847106303003,9.26660400720303],[77.76116246772352,9.248827510432834],[77.7636652154276,9.248760533876858],[77.76613829716771,9.242106847799285],[77.76923255943521,9.241976748175732],[77.77026743032063,9.235892168174132],[77.78001351155282,9.237730536820779],[77.78309986415428,9.249259289027048],[77.78965837241549,9.251510246165774],[77.7879147433473,9.262707191040958],[77.78232636888056,9.26359171360749],[77.77416992930715,9.269285428091088],[77.77350333804382,9.27644156820568],[77.7966629795552,9.273012171254203],[77.79644870800374,9.256190516402778],[77.80674279569523,9.252273364331435],[77.80582530407473,9.246208933052129],[77.81497174997335,9.245220763966858],[77.81509953711911,9.243276880423526],[77.82830918791365,9.243175190421814],[77.83846551266811,9.243330314433512],[77.8387609649718,9.245816764218672],[77.84165522273119,9.243977168988605],[77.85280806659667,9.244597659665112],[77.85587020780454,9.24775337925016],[77.88021029309141,9.245177628638093],[77.88114320339544,9.234002364609255],[77.88636229392361,9.232600936002777],[77.88597551259994,9.230308921593778],[77.87763051125847,9.229151553008945],[77.87487319986752,9.226420982785802],[77.87597899094797,9.22124474782229],[77.87826770784906,9.221235787655242],[77.87822693242002,9.207881461571235],[77.88244922266455,9.207931230727397],[77.88683073390327,9.20452709775656],[77.90887912617049,9.202573280936763],[77.90918833437614,9.200055204297104],[77.91930270331527,9.202061564590561],[77.92994643956989,9.215532167332636],[77.93210871679807,9.222855550733465],[77.94480745706294,9.219973876419825],[77.94780783819672,9.230597095385184],[77.9561437521808,9.230568392576073],[77.95683000756567,9.248596951077301],[77.96683687331813,9.252339825974387],[77.98390561291136,9.251498046135197],[77.98770988561313,9.268220271408861],[78.00844475857697,9.27378986409301],[78.01116813880303,9.294201851784402],[78.00729637477565,9.303621677391698],[78.0105988485597,9.308288210153094],[78.04979395778007,9.30657265232333],[78.04824934686987,9.313972742172002],[78.04098923820207,9.317180620146079],[78.040341332795,9.323278894938499],[78.03597654279697,9.323386219903394],[78.03395279656533,9.333710920757316],[78.0422629342906,9.337207739637282],[78.04490541134388,9.344974956974811],[78.0500214273797,9.345080173621927],[78.05243530205776,9.35827216140398],[78.05695887377385,9.362549756408146],[78.06897163623324,9.36061277006705],[78.07279472504695,9.363235489046167],[78.07569047670465,9.358755923656963],[78.0802834127337,9.357825379217156],[78.08132077644403,9.36083632518902],[78.13329839832109,9.365152956814413],[78.13417236926101,9.367711677361328],[78.13695355697389,9.366165591233631],[78.13810073523612,9.370270379057693],[78.14788288562362,9.36942024771255],[78.14891174857641,9.37197437756541],[78.16838945085969,9.368903451634468],[78.16580758044374,9.358989783880817],[78.16777322723604,9.351317958334148],[78.17241539004435,9.345770580960673],[78.17126343723639,9.342276186354967],[78.17560551782405,9.340946612744181],[78.17474955810559,9.338722522394212],[78.18397530278587,9.336750309395965],[78.1835380648893,9.334639193055892],[78.1890176318156,9.33174514056718],[78.20880651859815,9.327211722182911],[78.21155978487536,9.30527666225931],[78.21792554521932,9.299931725376958],[78.2330567840347,9.296193727770175],[78.24311948996356,9.297506317768779],[78.26242529243069,9.294961236176635],[78.28054433866086,9.289939872743831],[78.28097379535042,9.284194203165018],[78.30473447716048,9.281234638613615],[78.30581244023008,9.283820756320189],[78.31200173641794,9.283094216633943],[78.32783085391966,9.275343964392578],[78.3358984033991,9.282040383264748],[78.34098949567738,9.292804884951288],[78.34612259587331,9.296639071183014],[78.34613036270726,9.309405486389588],[78.35333038216736,9.30863767184682],[78.3550361957553,9.319184699413272],[78.35880914510143,9.320500464355664],[78.36068365601156,9.330351308436624],[78.36264992713298,9.32997160570499],[78.36477959461807,9.33735411300381],[78.36265785386706,9.349193731180483],[78.35609362603243,9.357891131213602],[78.35344453827702,9.357199204769424],[78.35296696422756,9.352687581244389],[78.33310293157489,9.354064050404036],[78.3326171091945,9.345822746858788],[78.32943551091843,9.345858421443113],[78.32914981611536,9.33891005463223],[78.32435808560886,9.332394898047138],[78.31140400730936,9.33502812630031],[78.30862005009044,9.327907381602529],[78.30547048214416,9.327707852608986],[78.30480234308358,9.323507879585213],[78.29814770430721,9.325753190911172],[78.29386779971365,9.331972667689916],[78.295376203128,9.342619311709617],[78.30508490007136,9.34235936259572],[78.31048254244034,9.345154370919431],[78.3057658338365,9.350329490357941],[78.30825248013744,9.365022349876066],[78.30115553157638,9.367150029213935],[78.3009275643101,9.368813573977162],[78.30653998218541,9.369461301677159],[78.30815020604402,9.374818744351975],[78.30406652494955,9.376865735860164],[78.30418781907247,9.384257051767449],[78.29665337210342,9.386610578349092],[78.29504771527976,9.381678086923829],[78.29621572637173,9.38899289662901],[78.29147634698508,9.391016950066401],[78.28892765494578,9.388905126435823],[78.28021439644013,9.389978580641468],[78.27872727411484,9.385028005398684],[78.26319928087949,9.386627898171426],[78.2599799533615,9.376432656947694],[78.25443639943754,9.3740256392963],[78.24756102483289,9.380839589648463],[78.24303629159517,9.381062529062005],[78.24233721725118,9.387337465963364],[78.24493346071169,9.392006534126775],[78.24155769068868,9.39857612695051],[78.24319451006954,9.40667669569556],[78.23730005712763,9.409802287053768],[78.22252274375441,9.410122763693543],[78.22101628429431,9.429910187086598],[78.21504389621325,9.433455834922075],[78.21862126255908,9.4474012936147],[78.22823651494997,9.444998358028123],[78.27190594305601,9.448500895568662],[78.3011786892461,9.44216192082472],[78.30538898428661,9.447538054641212],[78.3035891862587,9.453220066395753],[78.29849853415487,9.454602262208072],[78.29938469074165,9.461464861362128],[78.30869622093832,9.460481467352336],[78.31103491291532,9.46794108756101],[78.31939940230855,9.467368542305726],[78.33037796043244,9.462818114422065],[78.33127402813173,9.468970849831585],[78.33935617433623,9.468456645601849],[78.34263002510039,9.467679419693138],[78.34713855901859,9.460229858108066],[78.35190564244864,9.460980754565853],[78.35186416813028,9.46660001259983],[78.34685055374864,9.471301016059092],[78.34362664931427,9.47264322632536],[78.34220182335729,9.469569059324542],[78.33860919822801,9.469749458637674],[78.33712901359165,9.472619850128167],[78.33007128996749,9.47283141874325],[78.33077134167853,9.480792414395166],[78.32701883978491,9.483748326919413],[78.33029252436073,9.485254201850983],[78.32700910114889,9.487514016794181],[78.32848778110717,9.495203953828753],[78.33953936417886,9.495915303975101],[78.34732443302728,9.511398959442563],[78.35622268070111,9.51013854922755],[78.36529374357433,9.51203326260773],[78.36727952790037,9.507056147558291],[78.37486152359567,9.507427132575186],[78.37743422939914,9.515826551640266],[78.38226140203682,9.515948649429893],[78.38737105979706,9.536097202609543],[78.37237851457336,9.543176421265555],[78.37650907065769,9.551815566740729],[78.37391289816406,9.558754691375466],[78.37528358804877,9.5660059116641],[78.37357097241747,9.569568136043607],[78.36843334022095,9.570481128140779],[78.38266644700855,9.57979846743946],[78.39387119463281,9.581358011574588],[78.39485062688877,9.58444557926998],[78.39765635388028,9.584748301037017],[78.39778429194304,9.595191036983813],[78.40257129281956,9.590864552590952],[78.41220015917855,9.588042985969478],[78.41688818277873,9.599357781978874],[78.42557015475968,9.600346810400659],[78.42886864361714,9.60556779802836],[78.42733950259439,9.616259225409069],[78.42324404368824,9.613800548422383],[78.42252824810355,9.607887568005163],[78.41461166410087,9.609778088819992],[78.41260347938491,9.617540149053939],[78.40900953642713,9.61956572705869],[78.40598432316393,9.612391674399001],[78.39990314640707,9.612025855879777],[78.3989831817246,9.615764474413425],[78.3940408297961,9.618748270644872],[78.39408211367162,9.628006479855834],[78.38967268459048,9.631442276420609],[78.39390507459375,9.645881181398734],[78.38846126061578,9.653611570813514],[78.37617894068907,9.657074331192728],[78.36354136581362,9.654099201952407],[78.36076976761635,9.650551043316892],[78.35606309588918,9.651547475165831],[78.35433645036979,9.657701135726294],[78.35101266585224,9.656521391434268],[78.35189164939145,9.661629715704471],[78.34973626763133,9.666014511217881],[78.34455725184633,9.65701336481506],[78.33925873317904,9.658111340637427],[78.3359816978872,9.668449474989401],[78.34224110039644,9.672261242898305],[78.3427776677089,9.680909214736602],[78.33530450560521,9.688977660414404],[78.32703874734992,9.693487941318507],[78.32101284303415,9.707170785380079],[78.32823186635409,9.725557442167423],[78.32482957357227,9.74266280184395],[78.32271060771716,9.742608219423527],[78.32151408679302,9.73191225227546],[78.31173724095726,9.722656653688741],[78.3125716051763,9.719994108321952],[78.30524791015947,9.705648672230154],[78.30217297784021,9.702763814268044],[78.299912786941,9.703640217346395],[78.29551401996395,9.693458680310473],[78.29583355340547,9.690958868745604],[78.30276911693076,9.687023088827706],[78.30229263792765,9.678971766568038],[78.29127665239574,9.676952752274785],[78.29165999137524,9.67464283602664],[78.28690760438325,9.67588019616799],[78.28330218095613,9.68157063502925],[78.27346863166302,9.686210258174615],[78.27124331156648,9.691806096429557],[78.27139303197825,9.69371837576306],[78.27785304266348,9.696084705930593],[78.27431069893564,9.702615882222528],[78.27837123493681,9.714827332388037],[78.27613348305505,9.716191867312729],[78.27702066282292,9.720550027422659],[78.27234036024258,9.722519554607269],[78.27194632502297,9.729124002261084],[78.27748357007872,9.726634916203066],[78.28013457483895,9.729899621933995],[78.28058037008691,9.732431276973553],[78.27620114506057,9.732764443387127],[78.27688679228599,9.740598853257675],[78.2698318803887,9.74277553819724],[78.25749405625554,9.751465462405001],[78.23782305538772,9.757367561340853],[78.2102262996165,9.782532055270027],[78.20817522483729,9.781470129086157],[78.20428841672383,9.763587526079686],[78.1964781689963,9.767585272752457],[78.18302353864065,9.756814857063766],[78.1744516192652,9.757014956590117],[78.17329072911843,9.76016368567829],[78.17488857958233,9.753466198418007],[78.1722133490555,9.748127086425825],[78.16358715167391,9.749827705084808],[78.16301295573084,9.757530460273367],[78.14742787276253,9.750027659183274],[78.14605140940552,9.742907766574488],[78.14327616404823,9.742948491310466],[78.13391170242008,9.748093176823595],[78.13701032510994,9.761741373576902]]]},"properties":{"name":"Virudhunagar","sourceVintage":"2011_c"},"id":699},{"type":"Feature","geometry":{"type":"Polygon","coordinates":[[[78.41250001502375,12.626874298565953],[78.39250798322286,12.62738209112823],[78.37941924117403,12.625014007917986],[78.37142516939325,12.627106439371389],[78.36285528919346,12.634337580023281],[78.35564777598726,12.636456736757015],[78.34359228336474,12.64873995574867],[78.33220995857175,12.649262391698715],[78.33107237431676,12.653027071202313],[78.31836676912651,12.661923761686674],[78.30602521518828,12.666273047723328],[78.30099437111949,12.665869266940764],[78.28645432257571,12.689009946669684],[78.27108606417093,12.70505799408357],[78.2445609877539,12.706326289076607],[78.23928757340552,12.70100874929576],[78.2377067514062,12.685759954142931],[78.21058901597202,12.686076694102479],[78.21234815355524,12.688480633747524],[78.20986294994867,12.690406852886642],[78.20336376732716,12.693125017603203],[78.2010110760048,12.691738114254202],[78.19936405266061,12.695453672389611],[78.204193247406,12.695895340026958],[78.20993976578694,12.700503848018359],[78.2054389636684,12.705716300703893],[78.20717531728106,12.70817002011715],[78.21217006614343,12.707626178403126],[78.21346017175725,12.71098397166479],[78.21807237844578,12.708804013418685],[78.22712095558911,12.714825625663048],[78.2311714295608,12.712555214255609],[78.24083275025437,12.729522870785456],[78.24087550916357,12.732713772590381],[78.23608948655243,12.73809867514205],[78.23095122823017,12.760659714849554],[78.22388663698567,12.765881451376794],[78.21286265734602,12.765030959226296],[78.19516440355453,12.773844827897332],[78.18896117719154,12.771911806170584],[78.18425592839579,12.776220071296429],[78.18239060994598,12.774254382913297],[78.17739920730804,12.775945758331247],[78.16766354922805,12.770080790111821],[78.14514673225257,12.780930282686574],[78.13423755101803,12.781965723017318],[78.12595298204067,12.791678508213364],[78.12499039229796,12.798186794667854],[78.12035725665994,12.801712021966926],[78.10935946740241,12.804491085053048],[78.09016199726695,12.817360880018017],[78.09017491504073,12.823503166826988],[78.08753089917343,12.824876679952144],[78.08619863741993,12.831936226933301],[78.0738597209354,12.83051468813331],[78.07698988976311,12.8391162713345],[78.07120399103677,12.842400841101771],[78.06020876377443,12.843826401994992],[78.05904601770834,12.851170484731849],[78.0535591420889,12.85379033658407],[78.05046985109817,12.848736448033343],[78.0307306932531,12.852449483567225],[78.03065020779692,12.858022134938956],[78.02386568880013,12.856500916239096],[78.02406996479742,12.85251465863829],[78.0297048962504,12.848910178645374],[78.02898787087207,12.845185704073],[78.02433244803188,12.841744417027043],[78.01914962967825,12.843943372028498],[78.01829765398804,12.83105249611502],[78.01062055095868,12.830909472169065],[78.00391701059316,12.825595761080187],[78.00579785282939,12.822170765140209],[78.01277252540889,12.81882034626435],[78.0153124696539,12.813791088108916],[78.00975275773293,12.805739117334277],[78.0064630813484,12.8085759512603],[77.99669108102532,12.80787270013905],[77.99520259236247,12.805857587213518],[77.98852109126415,12.808192580168166],[77.98978419262221,12.8215476563176],[77.97927146756695,12.827043232342856],[77.9803938738869,12.835056157865758],[77.96431827304426,12.832842674906129],[77.96257410678356,12.837371928125703],[77.96535059271426,12.848182052994607],[77.96299747469213,12.850175978168645],[77.95277618736957,12.850129306755164],[77.95233599671067,12.857116812105158],[77.9436485450065,12.857819621654492],[77.93999455865513,12.85314264603514],[77.94057765780097,12.84525119282571],[77.94660957903254,12.838709183882319],[77.94067831672349,12.823344373955047],[77.93434073203845,12.823097186660938],[77.92651227096853,12.830284964296032],[77.92055651339834,12.828157197238504],[77.91724649376589,12.83885121192298],[77.92424063643087,12.851120989880016],[77.92281345059965,12.855564050429736],[77.93559305810469,12.862747883407648],[77.93641850025634,12.866666242878336],[77.94121429833443,12.868215401312623],[77.94177714406389,12.87163664233245],[77.9277228999342,12.874916341415929],[77.92714369857835,12.881519651053297],[77.9346295996911,12.880659452588997],[77.93610443935152,12.883605947225588],[77.93600850826232,12.887244280976617],[77.92932457811948,12.890915584437435],[77.92509060079311,12.890089259680822],[77.92187403110304,12.884738540309838],[77.90875824796755,12.884839760269486],[77.90841204264696,12.878806070084972],[77.89491886288755,12.878573285131695],[77.89034388507932,12.869655142883198],[77.88475147627862,12.870224787166096],[77.87594367188596,12.86680343405496],[77.85748036428946,12.869482678951863],[77.85094858180628,12.8661103863819],[77.84738731596529,12.869318925113031],[77.83601344162419,12.870329680614597],[77.83215823085253,12.867522307622776],[77.83246328704493,12.86204454642973],[77.82578896438405,12.859937102848598],[77.82307669272478,12.855841725583547],[77.81554531440077,12.855790278624308],[77.80791949529262,12.84767100572803],[77.7991065911641,12.851537276023622],[77.79674578715641,12.844775137997464],[77.79489383114642,12.845619723406115],[77.79246297830952,12.842125232973311],[77.79589704001131,12.834533323584838],[77.80988158295979,12.831531832581051],[77.80796332140041,12.823043389060983],[77.80989520141951,12.815532223294285],[77.80216191056572,12.81700347267074],[77.79973384430279,12.805215452190403],[77.80339528756936,12.804805248381815],[77.80853720832303,12.796725512112948],[77.806654414946,12.794058389672879],[77.80220969644725,12.796258202654709],[77.79856268461575,12.795118147589964],[77.77878477524598,12.767762764286514],[77.79427852829592,12.757766166385162],[77.79342029134821,12.749436619217018],[77.78355611130053,12.741211903829],[77.76945361057213,12.740293430428444],[77.76333149668943,12.736892003319706],[77.76108901517769,12.72749457240043],[77.77445125829793,12.724214398786438],[77.76955306934543,12.712524472973637],[77.76574521775557,12.713743182620226],[77.76470124963129,12.701078535277034],[77.7617519844338,12.697583511243055],[77.7406763481433,12.699872528750742],[77.73746218773485,12.697745072572753],[77.73495092220523,12.692001536609839],[77.74100627329601,12.68576639733746],[77.73992821680166,12.672989633173096],[77.72462241556364,12.671187648688274],[77.72276586826428,12.679649204793115],[77.7115904910582,12.683137577947509],[77.71101461167225,12.667119893402768],[77.70422821609485,12.661404435958522],[77.68992533356591,12.658985805226635],[77.67865464420987,12.660388908848114],[77.67714235737851,12.671439895836766],[77.67509430632859,12.673089949399225],[77.67638432121255,12.679471564781624],[77.65991011182719,12.683839990584636],[77.63788333841556,12.67570609165704],[77.59887312493852,12.667157641258607],[77.5961227727961,12.650280663614708],[77.60474475079079,12.63759473366952],[77.60332744103779,12.63532117336692],[77.60623212284773,12.628912464902315],[77.59407404531471,12.6210603379264],[77.5910191139853,12.615243012177858],[77.59142292826506,12.592092953618874],[77.58931990481132,12.592684732575043],[77.58379635906367,12.575879419394628],[77.5793428343802,12.573085410994333],[77.58035001290034,12.5515896460158],[77.58639655241649,12.545719523409993],[77.58545951884531,12.536797358761634],[77.5885021468486,12.526619330563241],[77.58720216964812,12.514754731944398],[77.61241599680451,12.514942851914928],[77.61632649079709,12.509180366250897],[77.61506634040471,12.504163349768966],[77.60240316534029,12.497148268049521],[77.58368012335411,12.478795449263622],[77.5956901818845,12.474801707307464],[77.60742358266359,12.475123835196385],[77.61648884062342,12.48284428302868],[77.62608818564723,12.496308980182024],[77.63462541118813,12.487599319599573],[77.63314403808066,12.470451294360771],[77.6307615550302,12.470270508973236],[77.62941850181521,12.460652420318134],[77.62717405838289,12.458451259942162],[77.62914724743032,12.44635179101335],[77.62608445494385,12.430763016248772],[77.62961629377278,12.418324498060581],[77.62333032897891,12.412263374581007],[77.6205814662432,12.383011051604553],[77.61808944442363,12.381099096374738],[77.61680736525686,12.368199513962876],[77.61302387238425,12.361121251587015],[77.60083620704071,12.358426382418157],[77.5986901866242,12.349992155081571],[77.59154273837115,12.340138070174671],[77.5785749760349,12.335665802788698],[77.56600455921004,12.30624351879408],[77.55790546988102,12.305730774932387],[77.55240128192943,12.297448952336653],[77.5513367531649,12.291206722959235],[77.53283654187825,12.291458383081592],[77.52722469892471,12.278769200677115],[77.5141871033549,12.275383105950015],[77.50838207410622,12.27599982967146],[77.4999818200866,12.282567797035092],[77.49327814317718,12.278874894194248],[77.48759795010864,12.280495233733923],[77.48509549435701,12.275049846247299],[77.47905950285895,12.27127348997807],[77.47703478195523,12.264462805641038],[77.47820024991665,12.25921481299233],[77.47352044320634,12.255614168039987],[77.47111820171122,12.243510490184175],[77.47849274676302,12.240059257611488],[77.48262450569152,12.229436091564683],[77.47203879970594,12.207893619091399],[77.4864466395961,12.203807021890468],[77.49271122897777,12.197332071050731],[77.51868368339163,12.194479246704423],[77.52815146295553,12.198894284748542],[77.53585234618716,12.198616753835786],[77.54626205873382,12.204663181734244],[77.56531417516811,12.196311040856717],[77.57385925467958,12.200887014071778],[77.58042110287697,12.198095045016112],[77.59673671739388,12.199268105432918],[77.60931190876444,12.20614404260167],[77.62096009266071,12.19988470483854],[77.62984167658598,12.202235140299534],[77.63762507816126,12.19668916669556],[77.65607754219397,12.199549081927936],[77.66523921633328,12.198210221094199],[77.69863934755472,12.185132422736382],[77.73130873971672,12.180073610362935],[77.7354303431909,12.169585945839222],[77.74671723725635,12.155849341880272],[77.7610271841367,12.169316656249114],[77.77244727140929,12.171961040402064],[77.77683590269494,12.157404204393],[77.79392411057702,12.147696889403957],[77.7947671408436,12.16878692956619],[77.79637384600122,12.172959313933433],[77.80349858035228,12.17621570442036],[77.80922111820672,12.200470957352003],[77.81060169584774,12.226767905754054],[77.81451955243233,12.234208639203771],[77.83351436623299,12.246493009596676],[77.84525379740256,12.262178068411403],[77.85377900977318,12.261930471829269],[77.8616843172241,12.254477936582141],[77.86773169576672,12.265755273999655],[77.86993704182291,12.280476566409893],[77.8737148016474,12.28829155257673],[77.87500603015533,12.303247763864581],[77.87098811562113,12.317128072385],[77.87187499086008,12.324441165017456],[77.86839971085975,12.324789103339391],[77.8672134271366,12.330244467665777],[77.87924374537158,12.335853937395147],[77.88176295560153,12.333783870967896],[77.89477717071946,12.33352140010701],[77.90429716396098,12.328675474386396],[77.90931228212239,12.32675862159719],[77.9183224482025,12.328068299734458],[77.92674818113855,12.325097479373555],[77.94853114369724,12.3365734356173],[77.94983069240128,12.348668173970903],[77.95461718303473,12.351301944330322],[77.95052363933674,12.361621813710354],[77.94947888338994,12.375091117406038],[77.96783497166739,12.394295059639271],[77.97001241605086,12.401851545562842],[77.96814097558239,12.402123264401522],[77.96820635856203,12.405165075090435],[77.97120183309775,12.410994660400556],[77.96309634506892,12.430283203302622],[77.94670983730641,12.443901266432515],[77.94512905842625,12.449447498416115],[77.94034155359485,12.449900566363764],[77.93805937822566,12.444969890389915],[77.9304289965742,12.441757833212165],[77.9237996543562,12.456055138586233],[77.92593044832869,12.463729286168475],[77.93450925059588,12.469436288802084],[77.92223673308555,12.490699410672306],[77.90580458821167,12.489371839940542],[77.90522238378783,12.494231433171903],[77.89993290127401,12.499651126982544],[77.90489690439745,12.501327505039594],[77.90036099791422,12.503343030736598],[77.90506703093922,12.505620624285157],[77.90891803040883,12.51266206506606],[77.91313564941385,12.506478552356501],[77.92147063633652,12.504158798100049],[77.94240764640897,12.513678027907446],[77.9535231715626,12.502231222242521],[77.9470185532353,12.501279885636626],[77.9460336529342,12.49925072278601],[77.95004445281138,12.49796159577966],[77.95367218140699,12.492062330173557],[77.95341291144632,12.485951717768453],[77.9588997493365,12.483898210671754],[77.96582760172336,12.486183156072943],[77.96503307688889,12.489948353866247],[77.9683191330628,12.495276089739791],[77.98180288141005,12.499135886970025],[77.98306172834694,12.507152764239768],[77.98581825011873,12.509777694286608],[77.98962239795468,12.509405571164034],[77.99376788134411,12.50043284341757],[77.99843094255918,12.50169116782565],[78.00256744099912,12.499835826166033],[78.00596077308595,12.502883024403555],[78.01327920397523,12.501286894758675],[78.01195717762609,12.497218707685887],[78.01470634219572,12.490508062156293],[78.012735804975,12.484482284895577],[78.01903503339406,12.479273722656705],[78.02019236621227,12.472571358322627],[78.02393697281288,12.47105874433792],[78.02111947699281,12.466289217214069],[78.02706912242581,12.459661120185016],[78.03819410234779,12.461531802620263],[78.04159803455497,12.473474204139904],[78.04911756230375,12.47563710218397],[78.05935829905053,12.467626405642973],[78.05967644908651,12.46466155668126],[78.06839622666617,12.467362080223515],[78.07784409776679,12.463553888779803],[78.0773774175868,12.451707416257507],[78.08014664333336,12.448856025914035],[78.09811114430035,12.445410191395471],[78.10833834163917,12.455255354350513],[78.1180518858918,12.45470007242156],[78.1182958099325,12.450591665872592],[78.11441891921976,12.449176723760038],[78.11462606533442,12.445258086379697],[78.122292723652,12.444860669203445],[78.12737453543505,12.441918394031022],[78.13757480756988,12.435107004847108],[78.142481426313,12.427242416074986],[78.14250436209882,12.424196103278568],[78.13944170615628,12.424417632571513],[78.13734918131323,12.417335205065907],[78.13369786834814,12.416178148322144],[78.131702168418,12.412033503917938],[78.13528890958214,12.409895592190066],[78.13458534456004,12.406379198992141],[78.12777518764503,12.402261635134762],[78.1348839104245,12.381949559382564],[78.14201032372685,12.375332380013152],[78.14275953843675,12.370726618607684],[78.16672631623089,12.36288271008456],[78.16364451718962,12.350896524754502],[78.1735771380822,12.33715040827662],[78.1780956172489,12.334302172128918],[78.18077605081784,12.336172876933604],[78.18481635136892,12.333546162861419],[78.18790144004076,12.335728538033749],[78.19480083918934,12.332427590832712],[78.20079631666812,12.335793428588575],[78.20517539976066,12.329130051011916],[78.21597989941681,12.334089694068766],[78.21895661084118,12.341325009571491],[78.22424892664144,12.344102871670405],[78.22711015694108,12.348915528215826],[78.23623542415852,12.34788622939334],[78.23548339772181,12.341179099930395],[78.23898137725105,12.34008842129603],[78.23970068435018,12.334085792343831],[78.24733129058046,12.332790009244025],[78.24612473457626,12.328130556750455],[78.2293925101767,12.317438675213381],[78.2288031551632,12.314722438800041],[78.2342262000918,12.311845827562532],[78.2355619374271,12.30714018161242],[78.23203904581841,12.302205854198316],[78.24942454485551,12.299026474808967],[78.25400925141827,12.294897534017089],[78.2581783236687,12.294546945763694],[78.2591131482826,12.290615093963128],[78.26303444541475,12.289184057387592],[78.25959661168704,12.27874163531774],[78.26751769265603,12.263449884165004],[78.27705989135306,12.26022200535907],[78.28244775915346,12.268291937242441],[78.30219925805386,12.273952752849599],[78.3076340008441,12.26593601923972],[78.31156361457913,12.26539462935692],[78.31689607159785,12.26010322296574],[78.32345905257083,12.259105840788457],[78.32835690285849,12.26506396587397],[78.3342766766133,12.2635237462997],[78.34539363907137,12.251290004594846],[78.35258364680763,12.247273637086776],[78.353981312202,12.24072455961136],[78.35879780207433,12.235201745223154],[78.35493866925815,12.226120964113925],[78.36277362155434,12.223518169665336],[78.3636373615815,12.225615409207384],[78.36899539633129,12.224747889797456],[78.36980402741072,12.226659841116664],[78.37476233611359,12.224915355225884],[78.37499217277397,12.221484773414241],[78.3782316854364,12.22211309532803],[78.37945856941715,12.227039756745926],[78.38444431177048,12.228440877032577],[78.40309597901407,12.223947371680014],[78.40001673567978,12.217158729967514],[78.4016890627689,12.213312145360835],[78.39807736999943,12.2124174549503],[78.39194744167209,12.204521589939631],[78.37911407538715,12.205497997036883],[78.3744139344121,12.195260465841585],[78.38267960732746,12.194984813651068],[78.3909359233908,12.186062394073135],[78.39364669216856,12.18600355785423],[78.39525028825699,12.189031756956267],[78.39957823744689,12.18787447842351],[78.40863036024066,12.19651572679513],[78.41220040531691,12.196424912943323],[78.42123710942715,12.189711806085828],[78.44640184185663,12.19106749390101],[78.44752151190822,12.185317950654765],[78.46469344726636,12.178330069877681],[78.47189552207182,12.172791013072473],[78.4679103735876,12.16660907691863],[78.47036224071397,12.162472630435564],[78.46528088168178,12.146686195435361],[78.46929665912394,12.149107632322426],[78.49726897266768,12.139230471903089],[78.50203601926681,12.144429147397059],[78.50636404301689,12.142939606333897],[78.50845757217643,12.14557567442913],[78.50828273127601,12.15624247798258],[78.51382963861093,12.162197644964701],[78.51756510126027,12.171907837714112],[78.516515275222,12.177186666123756],[78.52098464528878,12.179403247393605],[78.55464732172842,12.180481390573284],[78.56197797240051,12.188460940131694],[78.57096827493305,12.19343035204143],[78.57535187834809,12.191993936604028],[78.58249198556861,12.16233555880967],[78.59663716884945,12.168100845867805],[78.61234360882274,12.182489160241447],[78.62106843223935,12.184216289313989],[78.6328807113886,12.17661857316821],[78.640673478799,12.197667433358212],[78.64771690932868,12.194277261821082],[78.65000453298008,12.18817983422511],[78.65499958277806,12.196586437914942],[78.66967971640386,12.197497755603809],[78.68004695480728,12.2068703757579],[78.68864720794514,12.2219424753893],[78.67998092863388,12.22267633314323],[78.67790028940037,12.228191010074877],[78.6730710569257,12.230126286739312],[78.6732648226342,12.23508449142556],[78.66872505070029,12.23843888289699],[78.66538359542277,12.233331845585505],[78.65083998505894,12.240217055624207],[78.65320706290058,12.24571301186863],[78.65247685474544,12.252740453578275],[78.64800567906497,12.258399657012708],[78.6351974179973,12.261225046158623],[78.64052870271456,12.267453239431564],[78.63940286213531,12.270481587175768],[78.64385221504259,12.280890649425624],[78.64028563566667,12.28155972281523],[78.62372156510848,12.264822698395951],[78.61675874040928,12.267556948387902],[78.6094564199063,12.26126479842819],[78.60371149513666,12.26266095560452],[78.60132114823422,12.26709463625294],[78.60425672670007,12.279352853736937],[78.61309856017401,12.294147010181804],[78.60971530628635,12.29755924014585],[78.60948456232754,12.309667878064387],[78.59840162086591,12.313228382168708],[78.59276231641414,12.307374459137058],[78.58833036836546,12.312766007252891],[78.59361971343706,12.322321730963818],[78.5990898624259,12.32326704397986],[78.60458682343099,12.331760401318403],[78.61126642279586,12.330084154918353],[78.61547224781953,12.337537622900733],[78.6139456984364,12.34259978660325],[78.61724621209653,12.347273412830553],[78.6121796617918,12.352014458911187],[78.58452037519194,12.360612323373823],[78.56962435125055,12.380112370677011],[78.56751637179136,12.388997853034862],[78.55577730803276,12.390246825945331],[78.5435163554334,12.397908719379718],[78.53600358481218,12.39629263039726],[78.52568445837875,12.398571267246746],[78.51407473944461,12.407149618314032],[78.51257845340511,12.401106010811635],[78.5085836839642,12.39875841340251],[78.49609598401072,12.412115757834691],[78.49007289411674,12.403083183639152],[78.49262814385759,12.399769086302781],[78.49014899759096,12.386857042023252],[78.48693618555374,12.389877506630926],[78.4647651310294,12.391855871011998],[78.46312662820567,12.38663146841229],[78.4587809902895,12.384951378805159],[78.44487847789951,12.391829607306864],[78.44102497931681,12.390090311367212],[78.4358299025528,12.393820296357147],[78.44167740684307,12.407975051146524],[78.44848913401316,12.414346378765439],[78.4555701428678,12.428491561738273],[78.45229658944598,12.431041555386827],[78.4479258121766,12.441307149374145],[78.45017679175092,12.449360849293749],[78.43510333976113,12.460844545248358],[78.43006900573744,12.470802614726404],[78.42516661356773,12.474609053303686],[78.42445006070328,12.480579841643976],[78.41857666157665,12.482325303863968],[78.41554161355774,12.48822409779282],[78.41985050319225,12.508171037711485],[78.41933608743638,12.513748506885479],[78.41305260738257,12.517098522420048],[78.4170144751279,12.524221189695007],[78.4145080236699,12.530680265241811],[78.41688701227392,12.534566940750835],[78.41788949889332,12.56403107200883],[78.42131330902114,12.56752894207123],[78.40981718744457,12.587851184419012],[78.41026943708785,12.599132441574659],[78.40733847326761,12.602310101226882],[78.41046425113025,12.612953774427561],[78.4067327527463,12.619977870972395],[78.41250001502375,12.626874298565953]]]},"properties":{"name":"Krishnagiri","sourceVintage":"2011_c"},"id":700},{"type":"Feature","geometry":{"type":"Polygon","coordinates":[[[79.7246983700384,10.929720653759091],[79.71572017859249,10.930865765257835],[79.71589754465714,10.926974035165205],[79.7188059652553,10.925025447104264],[79.71554013015843,10.924447422159751],[79.71440308579093,10.913708121747067],[79.70501708435887,10.919589945124912],[79.70738663616082,10.923102866431398],[79.7063804287195,10.925815323593461],[79.7031501570264,10.925612840754539],[79.7040707640043,10.921412905705074],[79.70100358504426,10.91936439505218],[79.69061687026719,10.920296483405211],[79.6887382872939,10.927433676593694],[79.68477749662858,10.928342446230502],[79.6807936300403,10.927976531133007],[79.67888918906154,10.91538393127451],[79.67168130215617,10.916902837022743],[79.66856637234893,10.914321954778606],[79.66642982287043,10.907325013283412],[79.66764575369294,10.901019625952555],[79.65633978300414,10.893321883051364],[79.65760161324607,10.88718377074462],[79.6525527381929,10.886148489758776],[79.65214545012792,10.880353832897802],[79.65564360393029,10.875716466074888],[79.64622768680266,10.87435996236433],[79.64663458679543,10.870979030413674],[79.65237804731116,10.867173521014388],[79.65095998027839,10.85635707829903],[79.6420339989168,10.857061591876029],[79.64388589204468,10.853386973420074],[79.65218526885118,10.851963694810275],[79.65500158518326,10.843963407027816],[79.65447531076734,10.83608048641548],[79.64817903690722,10.835094792639941],[79.64827486019858,10.829277541785293],[79.65421887858463,10.829078974396545],[79.65283781495505,10.824581497903239],[79.64343722398446,10.823053140813359],[79.6417135303291,10.826253172337534],[79.63128422911932,10.822735550031426],[79.63127067713495,10.815422160304882],[79.64251809743016,10.815780361388358],[79.65717569861367,10.805760318873588],[79.65896414642799,10.817422023159347],[79.67514058226296,10.81879161540871],[79.68655686786529,10.816142395881657],[79.68605152239884,10.829725068779794],[79.69819127609668,10.830727544184866],[79.70358070157577,10.824389905765171],[79.70876113130905,10.8246604586079],[79.70996014056654,10.829175786735169],[79.7276321967894,10.82919545006949],[79.7280783405837,10.822682030124174],[79.72594293915212,10.822099360709588],[79.7277551536939,10.812145948652834],[79.72364815413131,10.80762670658464],[79.72548107843365,10.80607600491123],[79.72744341673076,10.809321000839425],[79.73157674681269,10.8100207746893],[79.7318852067217,10.802164927049857],[79.72889365243387,10.797107636180298],[79.724559662972,10.797519785021505],[79.72398729240555,10.794387517831549],[79.7056570333875,10.785856509229747],[79.70599005862626,10.782701491741548],[79.70368153836472,10.783397851611518],[79.7003821188526,10.7674832041874],[79.69490014803465,10.762846180562416],[79.69824052443548,10.745485474234357],[79.68999250790706,10.737942705438007],[79.68700305118543,10.738313877403325],[79.68127835288274,10.72874979564828],[79.68409320136765,10.723415337881315],[79.68931770424541,10.722632450371423],[79.68715443078554,10.715883959826037],[79.67784368122484,10.716495702615777],[79.67649920238352,10.711939356192905],[79.67136620729048,10.71184962659523],[79.66889303392222,10.708111589993841],[79.66518165330903,10.708618273579928],[79.66429079943167,10.713070924124777],[79.65525439985032,10.712936163398734],[79.65217302571217,10.702327118160875],[79.66031774406778,10.701612249306171],[79.66189423079754,10.697394642788813],[79.67229171008668,10.693225760032956],[79.67782465400882,10.680409768569001],[79.67496696037641,10.671486984063119],[79.67080787379868,10.669494071310575],[79.67183550156794,10.664327179089728],[79.66880974662062,10.660742921192073],[79.66670156773546,10.65039743566218],[79.66037302189879,10.655685529898447],[79.65417177542271,10.657250059211536],[79.65317520870103,10.652833681596258],[79.65008593657491,10.652069971744858],[79.6494182107394,10.642839404757508],[79.66998540057907,10.632906386356712],[79.66912587095563,10.629507212257481],[79.67362624996773,10.624425703387915],[79.67266096438085,10.616402176565463],[79.66641023061408,10.617338662091218],[79.65555773127736,10.613497305674942],[79.65899307307845,10.60396360597261],[79.66737271794884,10.602638325613993],[79.67025440558245,10.59077653971857],[79.66925770411346,10.585153262721397],[79.67210885621397,10.586414081972062],[79.68716738359362,10.583550449410959],[79.68585996834257,10.5788269683835],[79.68115402694575,10.578524759578295],[79.67974594109408,10.572662094997668],[79.66885904975669,10.57552036043478],[79.65961057141149,10.55922082216836],[79.67574679326447,10.561632918228943],[79.67828608173933,10.55578769060184],[79.68715806357254,10.55670842823673],[79.68815309058184,10.55136970897589],[79.69975624372955,10.549039483574482],[79.71034797741069,10.553684152165488],[79.71580424383511,10.546486178920542],[79.71501262055895,10.541726387742145],[79.72673302361419,10.536131423758798],[79.71455155664613,10.525548008158438],[79.70737265657834,10.515243338746707],[79.70058873406292,10.511999163855064],[79.70032708177011,10.50605046009119],[79.69438436863618,10.505314801792775],[79.68835477224458,10.510359418192614],[79.69943694564667,10.483392780727259],[79.67723454441045,10.480684484919546],[79.69020012204393,10.449898442166235],[79.68264609180173,10.447313951895868],[79.6718179951997,10.447310939423195],[79.66356045742758,10.440264488001601],[79.66019481590934,10.441087556401042],[79.65885270143384,10.446665866753685],[79.63083056283286,10.445541360212614],[79.63241976791042,10.44254429822679],[79.63068915632903,10.421176289027061],[79.63325088112644,10.415729190834396],[79.6302508494373,10.411588474002157],[79.62741992200712,10.396173707408053],[79.63434859186093,10.378880320936824],[79.63713639476758,10.378675119377279],[79.63880221985066,10.342263003321946],[79.66961602860557,10.323148499328344],[79.70513427407926,10.29279672692064],[79.72177072459483,10.286983793349545],[79.71835954208498,10.281609813263874],[79.70877760820801,10.280905179409721],[79.74698867771333,10.274575367725957],[79.75296466983526,10.277473221178372],[79.75075268612743,10.273354185150051],[79.77782859600198,10.272487128390935],[79.77771065888328,10.284082067346851],[79.77349982844687,10.290951837012189],[79.76789084483086,10.288630892690898],[79.75599350869894,10.293752640359925],[79.7487327837869,10.300720204632402],[79.75007828131777,10.314422240405062],[79.76288793657075,10.313021399860295],[79.76421340256911,10.30859634140732],[79.76078468314829,10.309946721003158],[79.76071283319689,10.30704000323121],[79.77961147605818,10.2921020340736],[79.78338512698853,10.29605859403195],[79.78740658537657,10.280947930632857],[79.78350930919508,10.278465000148998],[79.7835243146536,10.274274546439829],[79.77958583903829,10.272745379369653],[79.78941279739216,10.272847800383463],[79.80054936288636,10.274234120767845],[79.80185821723845,10.27850177919573],[79.80213320502166,10.274162202216147],[79.8139271872852,10.275615935100198],[79.81590771017859,10.277650613198759],[79.81005915665612,10.284506841169287],[79.81468331273454,10.282894058436423],[79.8133172806146,10.288743293639394],[79.81919827140369,10.27926952866458],[79.81675702236397,10.275838023788669],[79.86404341635021,10.284134774202816],[79.87613001313946,10.29506575579344],[79.87484720903227,10.299446007031067],[79.87702914768711,10.297610775789217],[79.88044352730107,10.304685315298915],[79.88159829722576,10.321722935933872],[79.86782279404053,10.380140327081625],[79.86330640435517,10.466697163344614],[79.86239267398075,10.471330558633097],[79.85850132039198,10.472288555341384],[79.86263916360988,10.4730076003733],[79.85805042271322,10.56778784971361],[79.85278651164228,10.575675548721737],[79.85718578437078,10.57385978698571],[79.85355937989189,10.616743114249974],[79.85333623029047,10.676480180230861],[79.84101759956168,10.676297438217116],[79.8500845203031,10.680366852642775],[79.85329734401846,10.679417215286664],[79.85081920835655,10.821129303664259],[79.84912238241301,10.824804102962101],[79.85249660643545,10.827209230614534],[79.83106982139536,10.827382741267636],[79.82808938825076,10.849671515965262],[79.82108157502378,10.845559195113694],[79.81943331380116,10.849134957417718],[79.81376070970009,10.849959581687132],[79.8079377105525,10.855616265069111],[79.80749139068843,10.86544360237807],[79.80965858080293,10.8656645378784],[79.81170421897802,10.859654770931218],[79.82490708659383,10.864828273818983],[79.82240910894392,10.874240882437233],[79.81111022416609,10.875571599661681],[79.81130162371211,10.880337670721001],[79.82466736936362,10.88038937980344],[79.82858331972322,10.883781766596016],[79.81135163741556,10.888439854725938],[79.80711498760124,10.887496493277155],[79.80433321688172,10.891057347851417],[79.79978749630399,10.887350235270262],[79.79469093328564,10.887538137602265],[79.79528131956508,10.890849991356701],[79.7903566644477,10.894876899190773],[79.7899634754411,10.890340693440185],[79.78365845199016,10.88847549770262],[79.78256006841751,10.895325189709549],[79.79126715909042,10.895961120754915],[79.79386354807804,10.898693135059055],[79.79136380613691,10.904836496649144],[79.79540706304361,10.902736634936765],[79.78932710979215,10.908440804236047],[79.78212656841086,10.906241961326462],[79.77742187836722,10.908949427252091],[79.77924391778328,10.905272022391706],[79.77669995267901,10.905406458609686],[79.77700166713853,10.89656436088848],[79.76515054034485,10.896276975297097],[79.767947510559,10.892463412182142],[79.75629047286726,10.891756112646462],[79.75586231963317,10.89460266003638],[79.76357167397789,10.899738319089725],[79.76136756669848,10.901754861739928],[79.76175310295719,10.899242644703461],[79.76028870172034,10.900480052998178],[79.75703007919688,10.896474624703403],[79.75949617563734,10.901860271303411],[79.7575681143565,10.907856440994202],[79.76242658609536,10.914382034936148],[79.75896801835256,10.916605996007384],[79.75439949044811,10.916216579823994],[79.75376817422936,10.914043902737538],[79.74337733888005,10.914832280699388],[79.74557892818176,10.919473743783906],[79.74210703932162,10.918190940230575],[79.74379964497999,10.91916231973194],[79.74312023385923,10.925042976652259],[79.73881118971448,10.923457503613774],[79.73951658190985,10.926490243047462],[79.73555970071267,10.924859442039288],[79.7359996865557,10.927607488800172],[79.7246983700384,10.929720653759091]],[[79.73889583706537,10.919879477142016],[79.73882938509055,10.920103416202316],[79.73886860194261,10.920362667891332],[79.7389386849078,10.920472571945565],[79.73912428313372,10.92067263707082],[79.73906795157886,10.920886653391678],[79.73903141709627,10.9211854517983],[79.73916654257964,10.921405238970038],[79.73939816329418,10.921446053835405],[79.73954433356393,10.92143669092889],[79.73969598535358,10.921322718356803],[79.73980831069669,10.920974404660551],[79.73986021265885,10.920615878211816],[79.7398373927557,10.920052761013771],[79.73966697426145,10.919837811765452],[79.73919371931193,10.919741194676906],[79.73889583706537,10.919879477142016]],[[79.80716366011997,10.877555356700313],[79.80605408623384,10.879641190427202],[79.80918198501885,10.880609319736863],[79.810033199836,10.878367462958096],[79.80716366011997,10.877555356700313]]]},"properties":{"name":"Nagapattinam","sourceVintage":"2011_c"},"id":704},{"type":"Feature","geometry":{"type":"Polygon","coordinates":[[[79.74813215311995,10.996463143665896],[79.74680132238272,11.002575421867748],[79.75583830137744,11.00378694262319],[79.76006832162494,10.99901648316645],[79.76214518164606,11.001353364714813],[79.76668768176349,10.997334650759434],[79.77986571006336,10.99860436021716],[79.77894404936163,10.996864486712568],[79.78359264590402,10.994780926327236],[79.78607589657315,10.997372555732753],[79.7890544342725,10.991904819914327],[79.78640984438171,10.989606532252223],[79.79392717215636,10.983089921148613],[79.79778699757361,10.982494939344605],[79.80184131184315,10.988085695179054],[79.80406974011056,10.986968803828848],[79.8038292323629,10.992103902896675],[79.80627391835691,10.992950001427078],[79.80313347459897,10.995541801242542],[79.80496659742897,10.998447841562193],[79.81317436134786,10.999149669623776],[79.81549604641988,11.003867635190828],[79.82068154893958,10.998160560091753],[79.8229983902956,11.000762127751546],[79.82793019690095,10.998135883346043],[79.82898572724127,11.001790758126397],[79.83327549084507,11.002759721281823],[79.84013105310609,11.001595680674463],[79.8394415997188,10.995841726199531],[79.85126416008644,10.99428644709924],[79.85067204275343,10.987385433408328],[79.85381644718348,10.983221369593906],[79.85703361065997,11.026024732065299],[79.855654870972,11.042636518585347],[79.85843451358261,11.12926697665839],[79.8566228506064,11.171354516074565],[79.8484943001293,11.236191388408514],[79.8374462680979,11.289520709924952],[79.83429467175571,11.321735405832568],[79.83650005464285,11.335694023367017],[79.84259907733117,11.350742487303878],[79.83218634195356,11.356481459375907],[79.82184682555982,11.381941520908835],[79.81287900157062,11.422687561024162],[79.80336671677257,11.381100938034379],[79.79156839744286,11.37242792494704],[79.78130162662083,11.374657516187076],[79.77161475155236,11.381411660633901],[79.76439462510126,11.381973881216712],[79.756922153802,11.372894318382656],[79.75930840887833,11.352622555288722],[79.73467914242678,11.349710149365341],[79.7245088946837,11.345844264419979],[79.68380902381911,11.31199371833932],[79.67589864268345,11.307605916587722],[79.65636934476352,11.303594253146285],[79.65028238734776,11.299277931436075],[79.64563359587096,11.293623449562801],[79.64241826316106,11.283638525776139],[79.64461134362037,11.271081402274048],[79.64912149720104,11.261850979713204],[79.64695560784705,11.249260421239176],[79.63361685387487,11.246309105044102],[79.6231024768178,11.255179541414305],[79.61636655398296,11.255531832396883],[79.61154133697762,11.249052142891335],[79.60856657130415,11.229307756563385],[79.60259214404743,11.221392374411764],[79.5961780246968,11.217373218141647],[79.56194192756017,11.208281538115399],[79.52672008660436,11.183726530769125],[79.53076451940579,11.17782455292657],[79.53783191159734,11.180629386610287],[79.53952691396084,11.162567196641906],[79.54258021574634,11.162590726144073],[79.54192615508292,11.16082313065967],[79.55690826367969,11.16289300401958],[79.55778934119179,11.154399758418412],[79.56562139013299,11.154989226433523],[79.56641003998553,11.149171891888965],[79.57278210111288,11.14804316975024],[79.5710710602283,11.143622059231765],[79.56088837171686,11.135496990153587],[79.5613012185568,11.131808593638565],[79.55644108762965,11.128521210937794],[79.55532787107505,11.132222983107622],[79.55098925169621,11.130178703778343],[79.55331054600107,11.127693205345103],[79.55137054431349,11.12514780812152],[79.54889399417806,11.126358549800576],[79.54849222985376,11.122782946690373],[79.55197060994014,11.123443847146168],[79.55014681880927,11.11466509280545],[79.54847207974362,11.113204600634068],[79.54690590836827,11.116196545000287],[79.54360124089828,11.116557206116642],[79.5428376091264,11.114197427169614],[79.54525462341637,11.112842070178187],[79.54141493732945,11.11176964364195],[79.54193757356849,11.10894014388336],[79.53804706709104,11.109544660911158],[79.53913250594042,11.107253247248407],[79.53606290332577,11.10286314776195],[79.53608261595635,11.098568943948715],[79.54152986778689,11.095307032884367],[79.54165512976843,11.104659409688352],[79.54707401459898,11.104701673898786],[79.5485303947786,11.101307395627071],[79.54105717877597,11.084729562900032],[79.54383898632643,11.08699502500641],[79.54977063491103,11.085175055253742],[79.55287405190957,11.083060420395435],[79.5525688492918,11.077816874170951],[79.53667757286398,11.070426203624406],[79.536967367578,11.065815659288365],[79.53226438613001,11.0619267405642],[79.53109918676488,11.056949574710794],[79.52172415106749,11.053614880681943],[79.51864245802746,11.047081998909173],[79.51092500716709,11.042084143724974],[79.5137530806496,11.030102112917334],[79.5117774904054,11.027466033583266],[79.53012118822012,11.026812817573848],[79.53219824676891,11.014012175907919],[79.52461148281607,11.016233538777355],[79.52312720276034,11.008842405830498],[79.53112409794602,11.01090188860646],[79.5351054887774,11.008267885803697],[79.54216051835404,11.008419231097841],[79.54122859799344,11.003745013941925],[79.54690209142663,11.002928497339674],[79.54585432432701,11.00009872489282],[79.52296948374928,10.997154177694215],[79.52539583512828,10.989505827667353],[79.52179190200621,10.987456853421287],[79.51206696262425,10.988204157099657],[79.51200827568674,10.985613759343458],[79.50859189372801,10.983971557973415],[79.51452542877469,10.980931123083975],[79.51590542071413,10.969801528749041],[79.53018990844102,10.969136772252364],[79.52647283789884,10.963114091909471],[79.5272786868958,10.959655959434778],[79.53267541028828,10.96100012356333],[79.53245871238721,10.96849093023815],[79.54496428971318,10.965551062053953],[79.55624721142841,10.970575991076412],[79.55678633534615,10.974581469816947],[79.56380716516162,10.976476922131694],[79.56810211473956,10.97692516691184],[79.56958015419899,10.971003222140283],[79.5747533066802,10.97059708256286],[79.5777078162423,10.973707731381927],[79.57437781987456,10.975303124724658],[79.57456506830565,10.978485751148538],[79.5782422698189,10.98276735729105],[79.59073873912618,10.982895193773857],[79.59116891895955,10.976579754729686],[79.59626892791535,10.977746462944564],[79.59690934676286,10.974066618646281],[79.60401728710971,10.971770422440898],[79.6049321331917,10.976472025928363],[79.60710475002884,10.974383508243141],[79.60836721268474,10.976223480888118],[79.6043695452787,10.97794124839088],[79.60423693956973,10.982181697021092],[79.62536017489217,10.982525293068509],[79.62620609593733,10.979080459713218],[79.63273346769249,10.98092461313655],[79.6306391075913,10.986706752384617],[79.63536454063319,10.989418916826342],[79.6353648236025,10.99188271760329],[79.63147219081276,10.992429961836581],[79.63558019559018,10.995191882675265],[79.63391570989518,11.00029137924029],[79.6408962323038,11.000412927000463],[79.6409911042793,11.007989516426436],[79.65149627629962,11.013377178270506],[79.67100838585495,11.017258215979242],[79.7003067142677,11.015422879090966],[79.71103352761807,11.006410925136176],[79.71612187194988,11.008778174895971],[79.71999650878954,11.0004908551382],[79.72184478260515,11.001037219223962],[79.72111209330325,10.999089042311429],[79.72995868784821,10.998570465014978],[79.73176390181898,10.994804010775544],[79.74813215311995,10.996463143665896]]]},"properties":{"name":"Mayiladuthurai","sourceVintage":"2022"},"id":705},{"type":"Feature","geometry":{"type":"MultiPolygon","coordinates":[[[[80.07983575090745,13.01622131934256],[80.07105454203705,13.03741632687095],[80.06839548657523,13.034532199602399],[80.06234304333104,13.034517109928215],[80.06038138236363,13.027285227388292],[80.05244062379836,13.022772377056855],[80.04659111716335,13.023181817117091],[80.04201163340568,13.029697542395537],[80.04272067276113,13.019040577322034],[80.0278782198517,13.019844100211465],[80.02245582440507,13.023900525143564],[80.02519723202224,13.037632148079021],[80.02378087538177,13.040352348368287],[80.00617055857174,13.04249124962444],[79.99455511018272,13.046744876413156],[79.98845882555939,13.03142151584083],[79.98191332759846,13.031699850235931],[79.97420872893483,13.038911520761554],[79.9782288443415,13.040076030423581],[79.97887324003078,13.049160185379865],[79.98680422312916,13.053803200110769],[79.99085546875367,13.051573427368144],[79.99159846083359,13.053403494608375],[79.98653789241033,13.056176159990255],[79.98375161843629,13.051960436264833],[79.9698699999615,13.049009782335553],[79.96882875822412,13.037476087121407],[79.9556266353117,13.03776947530415],[79.9489642243115,13.032677804603903],[79.9181954507967,13.034979962204845],[79.91779165897479,13.047639342328397],[79.9119369753488,13.046234522318079],[79.90067997631773,13.049462611910158],[79.89709225509162,13.031782259757506],[79.90047558892937,13.029906363595758],[79.90041004155802,13.016984813907772],[79.90689082488588,13.01747240581614],[79.91101116712542,13.014629157178675],[79.91138497318313,13.017657281425187],[79.92004150757018,13.019500046032396],[79.92005914239752,13.014279950217482],[79.93095072473733,13.013925493060633],[79.94183653360479,13.008571968847237],[79.94225646096582,13.00133974139018],[79.93581346976198,12.992470417357833],[79.92859086036742,12.990053835349773],[79.91261330524814,12.99919489959624],[79.90841501259813,13.00420276960204],[79.90017793395658,12.995792864437341],[79.88923629299755,12.993714398776836],[79.9006473728628,12.987124230408435],[79.90328785385948,12.983196485612531],[79.91404399540727,12.978924262801652],[79.9105961939732,12.973794918231858],[79.910221947741,12.965926296593294],[79.90352602239413,12.966433168989193],[79.89615216455351,12.959030557218743],[79.89513313905141,12.948649010009483],[79.89042356576586,12.945051577396631],[79.88163612258741,12.948120588388424],[79.85257322644098,12.948385670434881],[79.8524299182037,12.951992348806225],[79.84853591099156,12.953166981199601],[79.84818526080694,12.95643459116768],[79.84145690538004,12.95875678728522],[79.83235570672396,12.958226398984609],[79.8347835079839,12.962393980703036],[79.83185690458605,12.963880419020873],[79.82124900661972,12.962016091405328],[79.82155847803173,12.978291305123248],[79.81799934928276,12.983253033264461],[79.8199891948922,12.98792676075107],[79.81483237288458,12.98656054343497],[79.81296473139146,12.990306825612603],[79.82173828122573,12.992841130914881],[79.8233530352883,12.996949320879626],[79.83049893484578,12.996991742401006],[79.82783254374135,13.009907765382017],[79.82452285379063,13.011357951862157],[79.8267618228896,13.017048475618962],[79.82388042541182,13.020057999872922],[79.82655187942117,13.030363088576655],[79.81808957786656,13.026614648425127],[79.81754176813828,13.023694877634071],[79.81062485184167,13.01819171768186],[79.80105232422403,13.014948429608515],[79.79666913313574,13.027665214968303],[79.78779312235845,13.022509754937568],[79.7805932097979,13.02253420923667],[79.76866195328085,13.017028958834233],[79.74758886820578,13.002901828432895],[79.74528398971441,12.99583800835861],[79.73409904994217,12.98679000029084],[79.70103290156356,12.976301931417359],[79.69651957243836,12.970766563629716],[79.6752905245586,12.95643025859075],[79.65888470211921,12.950584079888271],[79.66308009860073,12.930435126200644],[79.64051124940733,12.922911791823726],[79.63539683955923,12.923702821990686],[79.6197821310512,12.913492797581808],[79.59624841129258,12.906941754794621],[79.589844973809,12.90285502300367],[79.5675193767164,12.898778357424362],[79.56974496990082,12.897567579660642],[79.56627162756655,12.895898990596999],[79.56825782421932,12.893797888660158],[79.56525927385206,12.891333915767571],[79.56413660432577,12.885977887401875],[79.55701003741147,12.884900230567759],[79.5566796981354,12.88036244380392],[79.55905299591208,12.877524808765317],[79.5584001353979,12.872946211314229],[79.56401210411556,12.869092371951275],[79.56713781909613,12.859448261379429],[79.56438413240734,12.855795768122112],[79.5562641437732,12.852281762581445],[79.57681002826925,12.84421920325334],[79.58537449342454,12.834752159973036],[79.59449928633151,12.83231755085495],[79.59636512760082,12.828887298213532],[79.60315906543336,12.827292685209587],[79.60796734200906,12.829412938316956],[79.63832425413575,12.814756586376037],[79.64292000099334,12.802580378010962],[79.64096239771605,12.794006627858522],[79.635859763883,12.789893858119088],[79.63533466805671,12.78638657779725],[79.65019504055941,12.782489988330092],[79.64619267765943,12.772488133673265],[79.65453130635224,12.764166846747118],[79.65946790007975,12.767461216322276],[79.65935812774866,12.774028402998065],[79.65732736657299,12.774692873293382],[79.67043807602376,12.777746635431862],[79.67054543817497,12.787649225176398],[79.6732584042319,12.790880369085444],[79.67745355457505,12.790197178663737],[79.6898168863707,12.783311294833634],[79.69694829161108,12.77625433542803],[79.70330301794839,12.776058348842847],[79.70398111393557,12.780130476603254],[79.70578143568132,12.779470025091571],[79.70829932269282,12.776215204704789],[79.70725541295903,12.765558060597696],[79.70934844355361,12.758701088924758],[79.7311133517717,12.755981941788786],[79.73149889342028,12.752840642156462],[79.7368751262411,12.748536337765271],[79.74125390480472,12.74855712489714],[79.7447454568881,12.74128348371871],[79.74148274074189,12.73462734370333],[79.71316514175238,12.728305476785744],[79.71453114332962,12.724255395205041],[79.72634021818821,12.723587080727397],[79.73646257315023,12.719289492174372],[79.7374006110379,12.705499510082907],[79.73565031736865,12.703371441123133],[79.74377542909485,12.702871012057193],[79.74147919688808,12.694415626330821],[79.704199881555,12.675748441204744],[79.69417849723095,12.673870817756635],[79.68249007958973,12.667984129376357],[79.67322872479323,12.666250195068743],[79.65946646726687,12.670857599907158],[79.6465780243736,12.670388572842091],[79.643111399641,12.65738556740026],[79.63761550044458,12.654163085271026],[79.63671321640352,12.644680725253865],[79.63117640523407,12.638312526335396],[79.63031574642835,12.631017749231578],[79.63688316957044,12.62889338960187],[79.63717776038976,12.626597305079295],[79.6454431260813,12.625200474574068],[79.64373981969129,12.613191600571419],[79.64567209227418,12.60308081139242],[79.65408880073485,12.602976229851757],[79.65587856907263,12.599482318871019],[79.6585476775808,12.60092845202231],[79.6658082704405,12.593397623278648],[79.67243461408208,12.593292809844748],[79.67750647792171,12.598543966824371],[79.68442288577187,12.598520042064393],[79.68836262891006,12.601561023345061],[79.69730200684747,12.594467423776289],[79.70108967059794,12.596016733611707],[79.72461482941192,12.587390424262233],[79.72492929455859,12.578974617397286],[79.71577786301015,12.581151599385302],[79.71520642938657,12.578584578715555],[79.70661929794005,12.575093414742733],[79.70565148000242,12.56945299936564],[79.7169284638536,12.568084728431423],[79.71921871777216,12.564594744874029],[79.71463110426117,12.549590594635298],[79.72111772663838,12.547473177054433],[79.74392632540133,12.531894122123088],[79.7458333939523,12.53761533886373],[79.74831272437353,12.536678633076486],[79.75065381934388,12.54108171089301],[79.75495906541164,12.543140260304439],[79.75476804944623,12.54802602368016],[79.75227854919768,12.54894234866258],[79.75367549144823,12.56174295027151],[79.76303184488263,12.55650433168804],[79.76369263841912,12.550222165656768],[79.77685961744098,12.551895405612202],[79.77626895987032,12.556188941201317],[79.77888231893193,12.55615831438598],[79.78012748812029,12.56048419032924],[79.79276189643441,12.560619734630844],[79.79590190361114,12.568195859781632],[79.8192857295831,12.565494962790034],[79.82133695258433,12.569287502580844],[79.82061690796837,12.578900852667076],[79.81710059741742,12.582384758938327],[79.81758682763297,12.588545290800383],[79.81475714975933,12.587505059412939],[79.81127621755924,12.595544797096219],[79.81345243843732,12.5969419585647],[79.81527695810185,12.606112971955794],[79.8052841626617,12.629066051655553],[79.82354782597447,12.620654886724772],[79.82968187128078,12.623494539397141],[79.84066717036262,12.623889655377997],[79.8478225543329,12.631483803428889],[79.86306113194324,12.626622047704089],[79.87049831831644,12.626550138403198],[79.87364149924107,12.631020265001046],[79.88800525071538,12.630373970902511],[79.89538764165287,12.636326172819361],[79.89695737933991,12.641632250097325],[79.90914000333807,12.640175904696179],[79.91349826258396,12.638014983115559],[79.91310682439386,12.636121263624494],[79.92449714059964,12.632580714011704],[79.92851581241365,12.637172080022326],[79.92305959629485,12.650967198599734],[79.92128751937828,12.680169386401193],[79.91698847258431,12.682479572212733],[79.91705023535337,12.696242090264104],[79.93224609358039,12.69531758959014],[79.9311012096154,12.702382110995547],[79.94324091839748,12.702695934868547],[79.95275098256016,12.699398707233962],[79.95171378324153,12.710838367415086],[79.94221049596938,12.725150060258361],[79.94133694005112,12.730230469567363],[79.92658819040898,12.745776637883203],[79.91849681401494,12.75242004969236],[79.90356382799288,12.755626133241911],[79.88249165830109,12.767012841435358],[79.8910277339984,12.773337286611673],[79.88709934017554,12.774362698905547],[79.88750954956181,12.776784752107941],[79.87707284713241,12.777519122013793],[79.87687380921155,12.780022764061462],[79.90126788234868,12.784463417318424],[79.91027381017729,12.799874907864197],[79.9251817610507,12.794736587772896],[79.92667365343017,12.798385893136516],[79.93262139533306,12.787071004983689],[79.9393428993093,12.783413004160282],[79.94026113922641,12.79059206879787],[79.95599718856978,12.790771312929255],[79.9637318098285,12.809388936199746],[79.95834783981813,12.81080233141093],[79.95601089506435,12.817229229272371],[79.9568433476685,12.825269591392642],[79.96051412173588,12.824103428011384],[79.96778333033751,12.814044615852739],[79.97834632870929,12.814617231246112],[79.99207158373078,12.809614612905397],[80.00610213479484,12.812956011987486],[80.00681124781214,12.809236459732066],[80.00937180569798,12.80942618635109],[80.00851081271898,12.814519675076165],[80.01212620295419,12.816996191044046],[80.01732121324285,12.817483957960311],[80.0223186408814,12.822170242219247],[80.03037386457682,12.822630291361234],[80.03190866857908,12.830408171681126],[80.04027343734838,12.834275555358929],[80.04016389408767,12.839667394040392],[80.0506422882277,12.83904610566535],[80.05367145407816,12.851442580563583],[80.06134423531273,12.863679701612902],[80.05908034515112,12.872828033141175],[80.05194683785297,12.882027278922369],[80.06015203438676,12.900090425432087],[80.07029357826157,12.917483934587361],[80.08399992644128,12.926107476845141],[80.09117371779001,12.9467918155901],[80.09983666974144,12.945680791114315],[80.10091306614919,12.95038588142818],[80.10353659413981,12.949378278227307],[80.10416667517504,12.954946182406273],[80.08449382108279,12.961607570354483],[80.08567195169645,12.969462851800321],[80.08050505508292,12.972991610437221],[80.07984227716797,12.969506889623498],[80.07254710725465,12.969704005751824],[80.07073767569361,12.963339999686214],[80.06496402010627,12.958305571014572],[80.06275663756932,12.961728816051869],[80.06189608835807,12.95786433131493],[80.0540527323224,12.958341041147344],[80.05022578434622,12.964698843151812],[80.04762201929182,12.96474763707617],[80.0469195044003,12.967947360641396],[80.05290507435981,12.982786611040092],[80.06209623300334,12.981876891731257],[80.0634642099759,12.984566445148316],[80.0607445936909,13.001286879313781],[80.05723386167789,13.002374286212929],[80.05848493728924,13.008880675934067],[80.06309877980989,13.008456976993735],[80.07314119369477,13.012612654019522],[80.07603025290364,13.01724576756666],[80.07983575090745,13.01622131934256]]],[[[80.26782690457577,12.97508883812183],[80.25301716830901,12.976666720057407],[80.25297995559836,12.980327884255574],[80.24335129944514,12.983918243644409],[80.24365558667962,12.979895192134622],[80.22880709619321,12.972556859767058],[80.22121343856887,12.965084027582694],[80.21625225256213,12.967384933668296],[80.20415541857191,12.98304860118707],[80.21081602216181,13.008898443715301],[80.19874193890448,13.016136243930687],[80.20000328764944,13.028656803235453],[80.19491037179112,13.029085884183145],[80.18857535269451,13.023040047110111],[80.18341332494981,13.025282862844065],[80.1797058807542,13.02243825010162],[80.17411142559129,13.025316237805042],[80.16748261158271,13.025255161815599],[80.16557760017376,13.02192092556439],[80.16451907305364,13.025182064903351],[80.16165176744774,13.02316217828607],[80.15024357566614,13.026019684033397],[80.14455541543933,13.024325170912952],[80.14484222415332,13.017001024946557],[80.15184372042721,13.017009432420412],[80.15551695498019,13.014080345270665],[80.15819048499617,13.01542232718756],[80.16047622128713,13.012253807734464],[80.15970588898155,13.007973881962958],[80.16516851637653,13.004240873019528],[80.16068089703474,12.997980950878215],[80.16877203357859,12.980484867044357],[80.17998913483464,12.979091230892621],[80.18169290655196,12.971177166210959],[80.18602427472985,12.968207039600989],[80.19062843161511,12.970099792244765],[80.19588023878592,12.96853739565955],[80.19563313201422,12.960211554071227],[80.20075796321794,12.958864969358801],[80.20233131662398,12.953684181922126],[80.19894510009252,12.950325052279766],[80.19823183326535,12.945548067025113],[80.19011115562337,12.941916736858902],[80.18793825222365,12.937853394959072],[80.19432125483115,12.937157902700985],[80.199224718691,12.933359447337113],[80.19870792958613,12.927120200586536],[80.20139543289638,12.92388215234132],[80.19882753038476,12.91110441784873],[80.2173793274266,12.91055921104406],[80.21648221319003,12.890209378093704],[80.20893025985276,12.872847486781895],[80.21288022671719,12.86085322613459],[80.2200163014004,12.852507716977726],[80.23266922219592,12.852151532287488],[80.23638212725011,12.858344575056098],[80.24935015279274,12.85717258608351],[80.25922972367619,12.933527834562497],[80.26782690457577,12.97508883812183]]]]},"properties":{"name":"Kancheepuram","sourceVintage":"2011_c"},"id":711},{"type":"Feature","geometry":{"type":"MultiPolygon","coordinates":[[[[79.51590542071413,10.969801528749041],[79.51452542877469,10.980931123083975],[79.50856018140183,10.982990547714843],[79.51206696262425,10.988204157099657],[79.52179190200621,10.987456853421287],[79.52539583512828,10.989505827667353],[79.52296948374928,10.997154177694215],[79.54728598915823,11.000731951383983],[79.54521814283268,11.00386823128704],[79.54122859799344,11.003745013941925],[79.54216051835404,11.008419231097841],[79.5351054887774,11.008267885803697],[79.53112409794602,11.01090188860646],[79.52312720276034,11.008842405830498],[79.52461148281607,11.016233538777355],[79.53219824676891,11.014012175907919],[79.53012118822012,11.026812817573848],[79.5117774904054,11.027466033583266],[79.5137530806496,11.030102112917334],[79.51092500716709,11.042084143724974],[79.51864245802746,11.047081998909173],[79.52172415106749,11.053614880681943],[79.53109918676488,11.056949574710794],[79.53226438613001,11.0619267405642],[79.536967367578,11.065815659288365],[79.53667757286398,11.070426203624406],[79.5525688492918,11.077816874170951],[79.55287405190957,11.083060420395435],[79.54977063491103,11.085175055253742],[79.54383898632643,11.08699502500641],[79.54105717877597,11.084729562900032],[79.5485303947786,11.101307395627071],[79.54707401459898,11.104701673898786],[79.54165512976843,11.104659409688352],[79.54152986778689,11.095307032884367],[79.53608261595635,11.098568943948715],[79.53606290332577,11.10286314776195],[79.53913250594042,11.107253247248407],[79.53804706709104,11.109544660911158],[79.54193757356849,11.10894014388336],[79.54141493732945,11.11176964364195],[79.54525462341637,11.112842070178187],[79.5428376091264,11.114197427169614],[79.54360124089828,11.116557206116642],[79.54690590836827,11.116196545000287],[79.54847207974362,11.113204600634068],[79.55014681880927,11.11466509280545],[79.55197060994014,11.123443847146168],[79.54849222985376,11.122782946690373],[79.54889399417806,11.126358549800576],[79.55137054431349,11.12514780812152],[79.55331054600107,11.127693205345103],[79.55098925169621,11.130178703778343],[79.55532787107505,11.132222983107622],[79.55644108762965,11.128521210937794],[79.5613012185568,11.131808593638565],[79.56088837171686,11.135496990153587],[79.5710710602283,11.143622059231765],[79.57278210111288,11.14804316975024],[79.56641003998553,11.149171891888965],[79.56562139013299,11.154989226433523],[79.55778934119179,11.154399758418412],[79.55690826367969,11.16289300401958],[79.54192615508292,11.16082313065967],[79.54241075934779,11.162857368731505],[79.53952691396084,11.162567196641906],[79.53783191159734,11.180629386610287],[79.53076451940579,11.17782455292657],[79.52672008660436,11.183726530769125],[79.49961743657875,11.175516116635848],[79.47902668213256,11.161727271131449],[79.47267266187106,11.161001503077399],[79.45866232020596,11.150554685663923],[79.43111472923023,11.12145930170598],[79.42274461638331,11.097516929406163],[79.41740758244823,11.092070723941282],[79.41343862519867,11.081991047568765],[79.39891680257374,11.066939818906185],[79.35803005338394,11.049247083921363],[79.34332878958604,11.040648043576708],[79.33337362277649,11.030245515908808],[79.31182548342636,11.017602659071994],[79.30881404582806,11.02087008425832],[79.30324668205748,11.01718468167556],[79.29101745256406,11.014419377319985],[79.28054349071164,11.003829624355076],[79.28018580222677,11.000858669885398],[79.27332497314323,10.997079287424263],[79.27466774967708,10.993296430604568],[79.26888968066673,10.986446109905959],[79.23966339444485,10.964716303195384],[79.22219659787451,10.946451126729716],[79.21299637702636,10.94125954526302],[79.2049457113827,10.940216747605861],[79.2029035065686,10.949008165179068],[79.18921668506823,10.946452035159338],[79.17862600960255,10.93968704742865],[79.15698971767524,10.942216822180423],[79.14128598163097,10.940319417289762],[79.10991678496006,10.924954595049229],[79.08520268161305,10.927022549372134],[79.07473846558315,10.920651761659617],[79.06851523643377,10.912034833435587],[79.06324960778399,10.898079427662799],[79.04995684126615,10.888262671004046],[79.03253233917602,10.886567192049739],[78.99914659537217,10.894845449714778],[78.96628365758893,10.887187337262894],[78.96019091502276,10.89464203630801],[78.94021248641022,10.88618039269593],[78.93971427087217,10.88768122155913],[78.93769160980538,10.88112717540492],[78.9406271694066,10.87846418258107],[78.92337047979807,10.866108486872545],[78.89598190589896,10.85952031672009],[78.84915180577141,10.841812794978818],[78.82952527240845,10.840078215752255],[78.81612440262934,10.83541574599531],[78.8033156798276,10.83840064186112],[78.77648050856773,10.833099311921618],[78.77576934559495,10.826992141869255],[78.78698971043043,10.828754214983293],[78.79705523617093,10.823852636615324],[78.80361623725705,10.825662506267868],[78.82085050761106,10.822809596607826],[78.82567405644488,10.824799456608618],[78.86877411974747,10.825581875579614],[78.8678555420638,10.815474422383062],[78.86165113621288,10.811930143434415],[78.86046217101858,10.80318613958006],[78.86564352242334,10.80015728208375],[78.86471904640152,10.793218881570834],[78.8669766348814,10.792354950595708],[78.86715941239729,10.784948307638071],[78.8802741849281,10.788533686842785],[78.88096460220773,10.777454386945417],[78.87454226596718,10.7730135798636],[78.87326814228057,10.761595724659603],[78.86842506137751,10.760710788104403],[78.86894221070678,10.744079914600459],[78.86450334024056,10.732831779336038],[78.86517751687812,10.720835163811072],[78.86841812907845,10.711312276753592],[78.8822178140128,10.69527645639772],[78.89376747518033,10.694200414422154],[78.89388140760946,10.685232040816489],[78.90238195224238,10.679965412418046],[78.90574115822987,10.680548306921276],[78.90819467286649,10.67174247167022],[78.91851236738535,10.670755034048812],[78.92669545458337,10.68009139732867],[78.93346006960842,10.683602679348608],[78.93981723307508,10.682611624809919],[78.9453559585544,10.680110809971122],[78.94873694778921,10.675359227930906],[78.93963368300803,10.678660874341508],[78.93757184731002,10.67508112771675],[78.94557307237542,10.669126319725644],[78.95480907940951,10.668184091809096],[78.9581892889067,10.661398249009626],[78.96129699715738,10.66178623416554],[78.9639265896745,10.651461078741438],[78.97119579108957,10.662249186704054],[78.96968684239779,10.675363137709196],[78.98705494555948,10.679154895414522],[78.9834061092496,10.687713092373205],[78.98329937232589,10.696554930032262],[78.99136954578422,10.705579338614784],[78.99350995083194,10.721679997390465],[79.0006172632564,10.723037031870666],[79.00978247406297,10.719461757970887],[79.00708008387184,10.711826120433766],[79.01049574538172,10.707877330394581],[79.0292394486194,10.704030182092458],[79.02113855637155,10.698900955218479],[79.02065080440997,10.683722462360803],[79.01664810913329,10.682536422729036],[79.01639310617023,10.68033959057467],[79.04604162123688,10.681007301768112],[79.0549302524456,10.679595632570926],[79.06297441787984,10.673844291428647],[79.06894167298735,10.67738072843765],[79.06634783521515,10.669822465302383],[79.06551650999673,10.649111410288395],[79.06962980135961,10.644895406079117],[79.06979059979544,10.640949452582994],[79.0796518935561,10.63585355165959],[79.08919240431872,10.634644505563369],[79.09330061481035,10.630645213424195],[79.10079852819507,10.629629689973957],[79.1043000093573,10.615206892694502],[79.1192479424474,10.63483526003702],[79.12622042493423,10.634063182118927],[79.12684630993877,10.636282594177008],[79.12970663293997,10.634434192389184],[79.13571816870277,10.616058770684784],[79.13973832183868,10.614205333790016],[79.13992535467409,10.610530204746285],[79.14340174678875,10.608387420616332],[79.14120275361822,10.588190095307798],[79.14406673006768,10.585667598214188],[79.15468331833608,10.589021244599069],[79.16237136284563,10.58842845760412],[79.16937859755755,10.58704448170566],[79.16924572235399,10.584675777859482],[79.17740012903995,10.58693045866601],[79.1788039595721,10.571280434015694],[79.18229832338233,10.57108553718895],[79.18010646373348,10.574516896806982],[79.19078251418549,10.57818575383833],[79.1901034534077,10.565533114793075],[79.1872351093493,10.566442224824982],[79.19145488700599,10.562929082744224],[79.18753871116924,10.55576936158896],[79.18343720121133,10.556755496253993],[79.18303840042914,10.550128557080084],[79.17882264632665,10.550545069741318],[79.18343988088581,10.547976751913932],[79.18594619220659,10.542375488952175],[79.18463432759995,10.537742222686443],[79.17774229104346,10.538254071067227],[79.17375846487934,10.532337305100965],[79.1683967137992,10.533716682271718],[79.16788001901745,10.530127483608199],[79.16513096224564,10.532849092690473],[79.15814768200909,10.533563944819948],[79.15674965189872,10.530209885800375],[79.15396381809917,10.531353746171716],[79.15268473840713,10.52955919129691],[79.15300021685347,10.532479386711366],[79.14993994503968,10.530644247200224],[79.14914451470337,10.523642072936969],[79.15488062430511,10.521788346651762],[79.14942264659005,10.51923007504743],[79.14492349467666,10.512856393429464],[79.14189571043514,10.5144341335752],[79.14046150516826,10.512300501757021],[79.14112763020594,10.501493385709756],[79.13916958675418,10.498200630110059],[79.12953848808174,10.498656539923596],[79.12873701208356,10.4923948887858],[79.13295146812045,10.493057955273922],[79.12973503587263,10.488037033928842],[79.1343933243386,10.485023028009783],[79.13513162002619,10.48660626042491],[79.1415286336572,10.486156048767686],[79.14188524775702,10.484328175788619],[79.14734156808035,10.48585785117722],[79.15054318261758,10.478189674678939],[79.15282951000003,10.477785658111575],[79.15184262981204,10.475796771429303],[79.15883382600288,10.47361220334723],[79.16465821664086,10.477635101349962],[79.16649063698833,10.47591759138923],[79.17088739802732,10.481679559435442],[79.17235208941999,10.47434829477227],[79.17496374078424,10.474186795210013],[79.17236243531708,10.476509124971662],[79.17371885366688,10.478347003698362],[79.17900124937144,10.476057045386188],[79.17803735437661,10.472282625399426],[79.18286631017017,10.472363897306398],[79.18536756756916,10.469426721088137],[79.19027654708485,10.471111984798721],[79.19091666140348,10.468473431811127],[79.1944206111361,10.467728743662839],[79.19447456844365,10.462909697635917],[79.19033513430938,10.462581542592794],[79.1910704404037,10.459797878970761],[79.18810740043965,10.459070821889423],[79.17321691910355,10.458703479112545],[79.17279328259875,10.45327185809927],[79.16653767996313,10.455417104415657],[79.16561218255683,10.452908085376757],[79.17220660636139,10.449084160606564],[79.17681914003668,10.451873886838769],[79.17605592867633,10.448021544701577],[79.1666268700944,10.450249774634033],[79.16477171518373,10.448142974436264],[79.15962901469237,10.4490125471984],[79.15786160901528,10.446163917563123],[79.15638918672128,10.45242718729685],[79.15117130083391,10.44716276106765],[79.14042275544017,10.449495766883793],[79.13965966984398,10.446520355151655],[79.14166580640108,10.447749622279636],[79.1435283562432,10.44567052532652],[79.13746378843759,10.439948708170077],[79.13135468485515,10.436356050177187],[79.12580440704129,10.437936733917578],[79.12547511789583,10.435881399905703],[79.12947728675972,10.433326976621194],[79.13162722742418,10.424420736578421],[79.14158251909952,10.413878052108252],[79.14744056511962,10.410876160742134],[79.15269362364363,10.400748315109736],[79.14949636234226,10.392879587302984],[79.14531353957976,10.389938137119398],[79.14417972285906,10.382936721380409],[79.14469891585563,10.376890324296909],[79.14873104712754,10.373178319407788],[79.14566493806102,10.364992458022275],[79.15095364892203,10.363417171638803],[79.15296304277038,10.350144600240082],[79.14639921917764,10.349465659591585],[79.1391719735779,10.341755666187163],[79.1208263488769,10.337437363221087],[79.11442384923448,10.32819973888875],[79.12532070917656,10.32814967565928],[79.12551703508359,10.32621399503426],[79.13116068468642,10.325491832388693],[79.13493300341521,10.319028128822419],[79.1328912971661,10.309124074771754],[79.12162740087025,10.305717798058017],[79.12638115509813,10.301216153436783],[79.11864954139895,10.288779580057097],[79.12786495455518,10.281852378350202],[79.12615362441306,10.278058463674265],[79.13123416777495,10.273265926367804],[79.12894806407303,10.267594175315864],[79.13258303129321,10.265050430289016],[79.12913786461782,10.253606753110141],[79.11759440092749,10.253420253331598],[79.11628244020113,10.233254290370079],[79.13363427487297,10.23040772440071],[79.1366558167216,10.236428980605869],[79.14423195540127,10.236343279601536],[79.14755850942484,10.229246352560295],[79.1464262342132,10.22320262805785],[79.15055584257487,10.216209659038789],[79.15380531216391,10.217800805072093],[79.16164998512978,10.215373203841201],[79.162814036448,10.218026598736905],[79.17393958320693,10.21351922104211],[79.17592057861417,10.215910322417152],[79.18131943011552,10.216217237311747],[79.18398852694561,10.212790580593644],[79.18240398681932,10.207420608903584],[79.18930278140172,10.20112761869014],[79.1825064360842,10.193290100713227],[79.17374636457247,10.203407272316534],[79.16085365018999,10.195126617737131],[79.15257130274632,10.196781173564366],[79.15019356639382,10.193906218651101],[79.15044390979556,10.185303974226192],[79.16018629625698,10.184585184197857],[79.16148167587984,10.179233064221364],[79.15710537666638,10.176376269599423],[79.15698609926127,10.169261229582762],[79.15111335141324,10.166585153593857],[79.15227635619416,10.158968350862617],[79.16137900742602,10.157100926857183],[79.16651696481269,10.159225156389763],[79.16396665311093,10.161978497325997],[79.17803794277314,10.158247310422793],[79.19087381984926,10.161803030232466],[79.19634905869249,10.160893366007036],[79.1965945952091,10.156856399030408],[79.20296916982261,10.15839211160763],[79.20660324681234,10.148115963403542],[79.20920832071212,10.147274542242974],[79.21043378894798,10.139742923638234],[79.20651386174664,10.13678731992735],[79.22604915142952,10.137108638212057],[79.2274855961964,10.151396169999519],[79.23914644543989,10.16080858637545],[79.23610661658701,10.171595586399732],[79.24153667286639,10.184870407246398],[79.25177903107227,10.194671560241805],[79.25735411855763,10.196988482686551],[79.25997563971193,10.193723687186374],[79.26381907087526,10.199951369818027],[79.26507697368277,10.197432960084043],[79.26977028566505,10.206480972942149],[79.27869263423959,10.215454663407705],[79.27726854130789,10.223293751855614],[79.27135244615413,10.224792644625108],[79.2669885320135,10.228908127917439],[79.27007105240193,10.235827616227228],[79.29846141133619,10.263298499867586],[79.32925702471506,10.28436137707897],[79.36033617604197,10.29122709610621],[79.37321694642444,10.307944394702098],[79.38806650410945,10.317518823593861],[79.4987557698633,10.314827804673882],[79.4987556189463,10.348887597329433],[79.50253347219558,10.34914843942113],[79.50514640455742,10.356694059113138],[79.50481838742638,10.366326969564518],[79.50097996706575,10.369178236135891],[79.49225267867196,10.369819906224416],[79.48565414238003,10.380558105422622],[79.47549711424467,10.372040181998786],[79.46755297891225,10.373100154981175],[79.4700030053906,10.383112254873259],[79.46475816824807,10.388506509331009],[79.46102772179127,10.38840346860622],[79.46143513202712,10.39260289225711],[79.4723030787935,10.39512692042136],[79.47717918535967,10.393520772279453],[79.47601223068648,10.4001299743175],[79.4737994923938,10.406527009279582],[79.46158933682881,10.406616130942691],[79.4648690185575,10.410850944011647],[79.46514890665054,10.415967990982198],[79.45920413727293,10.418754042799653],[79.45632919239384,10.426905034210277],[79.45111022044328,10.42965912662647],[79.45467316703218,10.434029589384277],[79.4617420612069,10.432857133957711],[79.4730497782206,10.435322287768],[79.47610461522692,10.449727964970203],[79.46965037981063,10.46176311589964],[79.47193468867863,10.464483769365225],[79.47931024343684,10.46345096979499],[79.483091071008,10.489604844363653],[79.47654702831782,10.493408497748804],[79.47079131657829,10.491195147990982],[79.4679827230627,10.492714766705468],[79.46173758939341,10.48744107225614],[79.45538454470231,10.48858172740593],[79.45356753315689,10.492261743574035],[79.46089046191081,10.503056678046836],[79.46468696598203,10.505781473307762],[79.46907638778512,10.505174629643681],[79.46915568027862,10.511353984758049],[79.4577504906667,10.513757187006403],[79.45684297573574,10.519674638933287],[79.44715013136224,10.52110969836634],[79.44502201436929,10.523614393282045],[79.44075072641596,10.522647896603164],[79.43756368255261,10.530685665051916],[79.42315204907706,10.535361954304118],[79.4233721102705,10.541609069614537],[79.42849834284607,10.545685775914041],[79.43305274564104,10.544704198115815],[79.44421427262202,10.550872505225378],[79.45205823142723,10.551047145348026],[79.45250784002357,10.559513754436553],[79.42591896076344,10.557864012299211],[79.42356052740978,10.549931126386223],[79.42070519185502,10.549108743230901],[79.41486714682473,10.552070258303479],[79.40504513728978,10.55210728856416],[79.40033519928822,10.553811731062183],[79.39854008597449,10.558910816569421],[79.40159722176963,10.572539580357866],[79.39664969913838,10.580174794271846],[79.3834001308059,10.582114308139367],[79.37868059340724,10.579555779640641],[79.36111357808886,10.578732324290375],[79.35185685141272,10.583075633232864],[79.34673824643221,10.595646293416944],[79.34898600374962,10.597753035588864],[79.34855092630133,10.606838921824366],[79.35375529613695,10.606717450385611],[79.35421638969417,10.610790347154701],[79.35210079341968,10.611205964250411],[79.3495640965844,10.617611059142536],[79.34812831657085,10.626940984577391],[79.3542738360583,10.631706093958245],[79.35742113755511,10.645864085723321],[79.35427230263409,10.648580544323215],[79.34976649959435,10.648304366314099],[79.34879722638594,10.65244492226354],[79.3422161470549,10.655924846841653],[79.34289672868047,10.658402100434872],[79.31789851336192,10.660784624258529],[79.31672156043962,10.671985829699503],[79.32006435420688,10.68487405460975],[79.31308602278924,10.702013717390969],[79.30694570005573,10.710234779689143],[79.30838744488278,10.720898614696932],[79.30161291515194,10.739538791695706],[79.30806586507904,10.746135560032478],[79.31200617235923,10.746837153252692],[79.31466702894318,10.745088332795543],[79.3130544236508,10.740382349760079],[79.31658335373484,10.740577449813149],[79.32039182426392,10.737251316331278],[79.3273669648657,10.739648385262422],[79.34148736542446,10.739492361764706],[79.34908428483159,10.743326462241516],[79.34502933275822,10.745703758563131],[79.34906563400969,10.746526861957019],[79.35013949357504,10.750161396634157],[79.35374190315436,10.747869898732786],[79.36113206541741,10.75224245497438],[79.36141917057546,10.76505308414226],[79.34540482764865,10.766222344285149],[79.34511502395146,10.780755146599754],[79.3499880304316,10.785759691741752],[79.35127217302856,10.791129962418507],[79.34807618733493,10.792756937773277],[79.34851934243424,10.795672590586106],[79.35668970499628,10.793955661107086],[79.370158729956,10.79628445570339],[79.37662344242342,10.803987263403798],[79.36978328087964,10.809171857155828],[79.35830718364907,10.806571991792193],[79.35291610706652,10.811263607643479],[79.34353820933664,10.812686464711467],[79.33932742112104,10.81066984579987],[79.33204787560545,10.813742554793162],[79.32878394763193,10.809827416439635],[79.32636513042317,10.810373942989262],[79.32363060300277,10.812018827640433],[79.32584714476236,10.817411971400322],[79.31425955133368,10.822888240138223],[79.30607920399727,10.823876270799458],[79.2984810529999,10.83572201138321],[79.29240864200356,10.835557565008328],[79.28940065213929,10.832957499684849],[79.29189907355693,10.842229379343431],[79.29479803309853,10.842759092335935],[79.29258517443161,10.856902463003218],[79.29515514037341,10.857025251708299],[79.29532226564382,10.864176402666832],[79.29021417634208,10.864089028124496],[79.288647857643,10.871547034296183],[79.27359701624893,10.872938840994305],[79.27261966898274,10.881834417253684],[79.27536746541819,10.884018684644706],[79.27147547312724,10.884161952015878],[79.26789760102992,10.888075202261732],[79.27117957615748,10.892791063630115],[79.26907500939805,10.894783738091698],[79.27235312087161,10.897813520389152],[79.26823860330839,10.905333758302188],[79.26996675889579,10.907201270593573],[79.27835058901708,10.90664372041681],[79.2786630248695,10.902539412216411],[79.29570875142178,10.903503008956536],[79.29531865621303,10.908081941584603],[79.28667458505225,10.90716626672662],[79.28688155060549,10.917892950302177],[79.2753855152672,10.92307389935585],[79.27530661803243,10.926251623877587],[79.28502519105402,10.9299660167072],[79.28538528522725,10.933835482715155],[79.28867816500406,10.93540956479315],[79.28697594377893,10.937397957110612],[79.29185641256412,10.938018720382754],[79.29522396569725,10.934783183859432],[79.3009505136311,10.935819906875654],[79.30937345729816,10.928011001568477],[79.32798120860245,10.925013416156963],[79.32781698309378,10.922617639979368],[79.33225864103237,10.920570713856272],[79.32658277155528,10.918558207228397],[79.3288792669684,10.916330118617857],[79.3344188036264,10.912674130901806],[79.34814960035489,10.910705132146612],[79.3587158838657,10.899884571892912],[79.36824275281239,10.899170956435027],[79.37018672325688,10.894515143567986],[79.3770516163188,10.893231579562263],[79.39009991621353,10.896124515888832],[79.40506436033853,10.89309970572091],[79.4094315686013,10.887629803967824],[79.43368738742295,10.87808438334282],[79.43871251371496,10.873233231612835],[79.44640438594594,10.872011249944359],[79.45616154160899,10.863750492113299],[79.45815069282071,10.863234696252173],[79.45889676612207,10.86584724001724],[79.46627742331106,10.864715245597754],[79.46476491818912,10.869037051222904],[79.47201360387972,10.869889360369495],[79.47198687630507,10.872276080154599],[79.47603881273403,10.87256417082797],[79.47778409110906,10.867261338403162],[79.48574196797038,10.869170849202284],[79.48645818666158,10.877275480376614],[79.48395263441721,10.879043748932734],[79.48810218537822,10.883512910735476],[79.48827346895008,10.889375656775757],[79.4963778978652,10.890091479888985],[79.50721534143776,10.895997409425508],[79.50777692772921,10.898773349056707],[79.50676921830473,10.904134610837275],[79.49267457244514,10.905723952635443],[79.4935292610475,10.91644573285483],[79.48447839679345,10.918835588212476],[79.48430072619992,10.920924011588387],[79.49874031434882,10.93184435431927],[79.50122803323818,10.941654807010709],[79.51435843016672,10.941876412662474],[79.51575645758216,10.946971747293091],[79.51887573703202,10.946570400870197],[79.51981550507493,10.955304767407451],[79.515881837243,10.956334243142095],[79.51590542071413,10.969801528749041]]],[[[79.15279707991995,10.452027851930858],[79.15302080534147,10.452071308616187],[79.15325109744771,10.452472554738712],[79.15269598711112,10.45291820833928],[79.1523858141149,10.452786865988895],[79.15240791626414,10.452446978297592],[79.15212795720416,10.45238661940761],[79.15163276988694,10.452266018202508],[79.15169684491951,10.451834125430784],[79.15213410976554,10.451926388780336],[79.15217525170723,10.451944222176605],[79.15231683338254,10.451934568272987],[79.15279707991995,10.452027851930858]]],[[[79.16345930170647,10.45554805960791],[79.16323908240953,10.455592231354245],[79.16269735337744,10.455700886826943],[79.1625450727671,10.454532391280138],[79.16328041569237,10.45444590615913],[79.16345930170647,10.45554805960791]]],[[[79.16068710343463,10.45577962418934],[79.1604100037122,10.456050644698806],[79.16039669427292,10.456063661571331],[79.16010135695359,10.456352520276356],[79.1594709183889,10.456712810148828],[79.15895286086287,10.456224389645993],[79.15888100103001,10.45543526535289],[79.16032446433421,10.454928114730807],[79.16068710343463,10.45577962418934]]],[[[79.16827221089407,10.463370760021915],[79.16818825973752,10.464154908403565],[79.16779041296618,10.463917942044372],[79.16777927026338,10.463911305241666],[79.16734566156059,10.463653035187408],[79.16679482361154,10.462969786816082],[79.16788193961551,10.462348446887749],[79.16827221089407,10.463370760021915]]],[[[79.17428749083501,10.464899050374406],[79.17421982972779,10.465071142877932],[79.17378636026383,10.465159084369178],[79.17324212133886,10.465012510786401],[79.17323528066797,10.464676666433137],[79.17321220384662,10.463543521206198],[79.17425800902566,10.463538562811625],[79.17428749083501,10.464899050374406]]],[[[79.17177861392574,10.464585609145313],[79.17175956784507,10.464795003147287],[79.17175849615494,10.46480677939698],[79.17171362171327,10.4653001200243],[79.1709100670135,10.465367138792535],[79.17088342388048,10.464571773742513],[79.17177861392574,10.464585609145313]]],[[[79.15312378012078,10.464536724111625],[79.15370351956749,10.464801724734917],[79.15385666974704,10.465691901395386],[79.15279684186639,10.466156374752622],[79.15263945702861,10.466131074167041],[79.15262150329934,10.466128187315414],[79.15195206078332,10.466020561969355],[79.1521351428281,10.464700506920781],[79.15217315414104,10.464426436606413],[79.15312378012078,10.464536724111625]]],[[[79.15591588416102,10.465448289723419],[79.15652614476784,10.465603149120627],[79.15683643634168,10.466729652731436],[79.15679395231695,10.466767042155643],[79.15630510081745,10.46719728875337],[79.15580319410189,10.46716815355841],[79.15538562931005,10.466302559112487],[79.15530920783222,10.465831315823623],[79.15554791715265,10.465672293213627],[79.15589291513753,10.465442461238395],[79.15591588416102,10.465448289723419]]],[[[79.17535747237328,10.467256808215062],[79.1752963429165,10.467483305023789],[79.17529029994958,10.467505696576122],[79.175195367787,10.46785743224594],[79.17421703776388,10.467956370833205],[79.17382609095223,10.467038673192492],[79.17466894694564,10.466605836339278],[79.17483331618477,10.466521426081806],[79.17535747237328,10.467256808215062]]],[[[79.17959860837412,10.46728135431403],[79.1796707529729,10.467674822176603],[79.17968508738988,10.467752999980796],[79.17975223196581,10.468119202220457],[79.17866589390285,10.468609874241043],[79.17806151636282,10.468030969175029],[79.1782974588722,10.467343771200328],[79.1783303848223,10.46724787119786],[79.17841974832845,10.4671896273157],[79.17893961775641,10.466850791587387],[79.17959860837412,10.46728135431403]]],[[[79.15787101078304,10.468514019681603],[79.15814613061859,10.468646736071202],[79.15843348910157,10.469197698403681],[79.15829852262003,10.469667692806961],[79.15702680641837,10.470209416935093],[79.1566071692132,10.469683821183422],[79.15658469875467,10.46902980680609],[79.15689173393565,10.468791434325722],[79.15748740769882,10.468328971032951],[79.15787101078304,10.468514019681603]]],[[[79.17572092444904,10.46835742769592],[79.1759848620559,10.46841126867742],[79.17682165442116,10.469906965639614],[79.17554907943011,10.470605782025839],[79.17541796043294,10.470384584992363],[79.17538211405983,10.47032411298822],[79.17497344977583,10.469634694912829],[79.17492570611509,10.468771297206091],[79.17545698594381,10.468303586705044],[79.17572092444904,10.46835742769592]]],[[[79.15930970403306,10.472890796755932],[79.15835522697569,10.47340826114481],[79.1576972712172,10.472959716619597],[79.15796657985116,10.472124333980352],[79.15828486104117,10.472061441046009],[79.15835166785055,10.472048239340625],[79.15869347771446,10.471980693771368],[79.15886614828511,10.47194657338183],[79.15930970403306,10.472890796755932]]],[[[79.1374148527125,10.5052891546372],[79.13843929325914,10.506156037383857],[79.13851172711543,10.506866039588523],[79.13842640512975,10.507195226146978],[79.1384170509727,10.507231311419508],[79.13835433329452,10.50747328622607],[79.1380715687959,10.507648964026462],[79.13768951620388,10.507317205038474],[79.13759022631383,10.506809770166225],[79.13654477507102,10.506093858852996],[79.13657430359271,10.505460500419282],[79.13701608965955,10.505358442670477],[79.13739365875999,10.505271220970396],[79.1374148527125,10.5052891546372]]],[[[79.13559217639093,10.506924341366041],[79.13584493715902,10.507458052786196],[79.13612283728037,10.508067941826779],[79.13568564519792,10.508369386021425],[79.1345592862907,10.508311850293657],[79.13409141494463,10.507731320993084],[79.13402564568945,10.507649714789856],[79.134411469409,10.50737330566726],[79.13438775029225,10.507069060589536],[79.13474953599314,10.506539089962281],[79.13498234697545,10.50616038299998],[79.13559217639093,10.506924341366041]]],[[[79.13486231498551,10.508997923027703],[79.13478235234881,10.50945538379031],[79.13478061321041,10.509465337971266],[79.1347295664444,10.509757370709819],[79.13398508855099,10.510056939894797],[79.13319459355885,10.5095199419917],[79.13381528809767,10.50853539439087],[79.13486231498551,10.508997923027703]]],[[[79.14515178443814,10.517188322833318],[79.14515670091768,10.517219077566379],[79.14531317755869,10.518198055265007],[79.14457272142285,10.518392356729878],[79.14369621992874,10.515946962588318],[79.14481766684801,10.515836320682878],[79.14493385404852,10.515824858154474],[79.14515178443814,10.517188322833318]]],[[[79.14884425371795,10.524571644216989],[79.14818362097994,10.524791112925499],[79.14783485995231,10.52402473110524],[79.14791759119674,10.524013205290336],[79.14874369540675,10.523898109627245],[79.14884425371795,10.524571644216989]]],[[[79.14604485805255,10.526610495721455],[79.14574340590111,10.526411612989259],[79.14503552177912,10.526587940641118],[79.14480712421981,10.526212758391091],[79.14548758187787,10.525837533291028],[79.14566566210316,10.525512055740908],[79.14569303197324,10.525213708010222],[79.14623987601253,10.525239251942294],[79.14627305798253,10.52524080195951],[79.14654718787462,10.526140347634371],[79.14604485805255,10.526610495721455]]],[[[79.14909597244036,10.528834371023727],[79.14861655504795,10.529932856574753],[79.14816207219289,10.529521525961567],[79.14770759023614,10.529110194799546],[79.1476913019834,10.529095452597986],[79.14770758843952,10.5290830711618],[79.14811018909533,10.528776971590158],[79.14859353302384,10.528409481953522],[79.14909597244036,10.528834371023727]]],[[[79.17133618107192,10.542773206301531],[79.16960053712829,10.542524803356192],[79.16960042843213,10.541950713054323],[79.17131315275958,10.541796803325553],[79.17133618107192,10.542773206301531]]],[[[79.18466027364033,10.566476159916624],[79.18476097298706,10.567348577839983],[79.18309380132935,10.56754775732401],[79.18284235479648,10.56660303763476],[79.18423071544113,10.565653521655767],[79.18466027364033,10.566476159916624]]]]},"properties":{"name":"Thanjavur","sourceVintage":"2011_c"},"id":756},{"type":"Feature","geometry":{"type":"MultiPolygon","coordinates":[[[[78.87345849888253,10.705590330626764],[78.87210205717658,10.688129739750407],[78.8647792299323,10.688071426559484],[78.86274573518318,10.692499824277455],[78.8204057759684,10.694576384594326],[78.82084798065016,10.687055225163723],[78.81765510941557,10.687742459094645],[78.8122571086188,10.679576097192534],[78.81265109532939,10.672418922698954],[78.80354995955541,10.676046254390203],[78.80671759531698,10.677821860113161],[78.80495361311945,10.679741207734727],[78.79971004978796,10.679861627852977],[78.79849997059127,10.675448095263619],[78.80202795744424,10.6716096152811],[78.79949021137672,10.666773525699748],[78.79750910098508,10.666894372929482],[78.79356816668084,10.652845674883617],[78.79066211224513,10.649776002077632],[78.77378106844402,10.651236115881144],[78.77338420263293,10.653783896327772],[78.76532304556507,10.655092572962658],[78.75864064704979,10.653388406617822],[78.7564448581699,10.647731903568026],[78.75776737320251,10.644040197189893],[78.74882793238304,10.641987152111497],[78.74411774644649,10.643380466283444],[78.74331321887131,10.655346117993012],[78.73580575998837,10.671653570591415],[78.73809926041834,10.682813530974954],[78.74375747440683,10.6832003191663],[78.74655586934901,10.686820102758434],[78.7464411347243,10.69780908423971],[78.74257955130402,10.69930217885494],[78.74447262859444,10.70164304022874],[78.74282015337478,10.707416093600054],[78.73593915621478,10.714727827576393],[78.72296297127444,10.715889067720497],[78.7178038864106,10.72081768409942],[78.70988282879783,10.72206284270793],[78.70911768156803,10.733070038978775],[78.69700870684677,10.732268162567047],[78.68918804135687,10.73463833863807],[78.68790247043862,10.728644609427432],[78.69057105522896,10.723974618037175],[78.69254259227458,10.708148546605319],[78.6954603778096,10.707398356255531],[78.69763097523398,10.702287619576701],[78.69520217325085,10.701163747295306],[78.6931471575625,10.69132372042113],[78.68885984995266,10.690140190939795],[78.68831545741575,10.687342195592073],[78.6821224413043,10.686574779283847],[78.6829471270745,10.671060813381573],[78.6657679521935,10.671456374583038],[78.6651994794171,10.654780849397769],[78.65886551584094,10.654044626032023],[78.6524999369567,10.65861065439167],[78.65640829655213,10.67195446461202],[78.65613895108721,10.675760621274806],[78.65131313670224,10.68140234509103],[78.65560514789088,10.68790683870933],[78.65847221544325,10.704677093707732],[78.64758942491513,10.703642648103493],[78.64109008958003,10.707991461777281],[78.63518929992208,10.7073587188696],[78.62606628657765,10.702539975967271],[78.62217710691188,10.690117961280823],[78.62379972213148,10.686339002399231],[78.62131382233058,10.675797465301123],[78.617630166422,10.67687767469426],[78.61604860690582,10.681592320816081],[78.60918403364417,10.681099162623381],[78.59305370473946,10.659024657015788],[78.57946172018026,10.664058319653977],[78.57492445724095,10.659812904865955],[78.56556037110859,10.660638264029245],[78.5649228115986,10.671166025758616],[78.56844885359901,10.681278790053598],[78.5556459976944,10.686921812285942],[78.55084722888766,10.68638267222059],[78.54493056330371,10.679464940600768],[78.54441077023256,10.675233750415533],[78.5338805648602,10.676541502342388],[78.53011186993524,10.67131024989337],[78.52307739560896,10.674096920406493],[78.52081241758758,10.66905141180692],[78.51782783332803,10.66983235159819],[78.51718535913515,10.664751244903544],[78.5207095820471,10.662822336349597],[78.51802808666949,10.65984245702503],[78.51980880268414,10.65172003416723],[78.52348008340138,10.64700660697654],[78.52911082421355,10.644784502559277],[78.52701870271407,10.629084606281612],[78.50659933784092,10.635663232200885],[78.49244326697885,10.63508373032222],[78.48249628561818,10.638414034577451],[78.47797012316084,10.63135916663835],[78.46916355844323,10.627763510320543],[78.46689911491946,10.61850642633568],[78.45895255413572,10.616813319253017],[78.45954522932252,10.611447503151751],[78.44562640442528,10.607377747008009],[78.45024525864693,10.604578680916378],[78.44980597618479,10.601626973914819],[78.45314522430162,10.598213365632784],[78.45272872670836,10.595080841910713],[78.45087846042946,10.595935598876562],[78.45241279640946,10.592124590339692],[78.45964500070956,10.590147504853935],[78.458404634813,10.581260752415524],[78.46613429198146,10.578338640436513],[78.46301405582584,10.56168186295457],[78.46652292383466,10.545674282702546],[78.46386290717547,10.54083364459362],[78.48616888506224,10.538842692739092],[78.4861444383101,10.534028493732585],[78.4913130192648,10.526785108092426],[78.48814063590693,10.520367230152768],[78.49293044132374,10.514877851168903],[78.49333982066669,10.510027331782513],[78.49795659259351,10.50666703990896],[78.49640343331502,10.493764950807975],[78.49268828965913,10.48882997502243],[78.49606685434101,10.485063286885616],[78.51930577397282,10.482836806932703],[78.52735531223081,10.486275822378213],[78.53623491986248,10.496923684758949],[78.53810643219616,10.502919863928621],[78.54047248955163,10.502902477748366],[78.53942358787981,10.512584858252067],[78.53284094188693,10.513934451934878],[78.53648546897837,10.530606778947774],[78.54078865520913,10.530404638954467],[78.54015881402411,10.528551096400019],[78.54468564842128,10.528895935571802],[78.54999309903744,10.514084039784667],[78.56457863467392,10.512026207736838],[78.56939155733627,10.519576265364424],[78.577915319826,10.519356353986632],[78.58183416904899,10.521892948797571],[78.57905949412189,10.506654245093323],[78.57076846895261,10.489063774234328],[78.57843324529968,10.4849725058824],[78.57811488595627,10.483156188587856],[78.58499997943393,10.481140887819844],[78.58940524662036,10.474474195418397],[78.58734362741633,10.457699061407475],[78.5832774284356,10.451782195923565],[78.58507200815006,10.440922888298777],[78.57104616874966,10.445616749308206],[78.56509482460248,10.442972924598601],[78.5614223239731,10.431683903729907],[78.56523142242459,10.42972214741551],[78.56458542503914,10.42704860161298],[78.55330801628482,10.42660081973459],[78.55230830635794,10.433674955642092],[78.53310914918636,10.433853054426981],[78.52490832026149,10.437018662214998],[78.51907432573482,10.43137375083288],[78.51654657432313,10.407845007838889],[78.5271225299946,10.40282983691133],[78.5311436236666,10.396704673960514],[78.53028288221587,10.390529116704037],[78.52485788434987,10.378223345705887],[78.51571242659809,10.375544906999368],[78.51390372177408,10.371526312598508],[78.50556692384782,10.375896815441216],[78.50174519598178,10.367357294239982],[78.49787242134968,10.364602630195469],[78.49697993882671,10.358649542300824],[78.49774459108478,10.352112717771929],[78.50478455142249,10.350787415686233],[78.50945367267245,10.346962185919288],[78.52141175108726,10.326279377758347],[78.51951985597977,10.314304792399364],[78.51536905815715,10.309096469743508],[78.515007998295,10.303511283071032],[78.51891253825384,10.300219941916685],[78.51591746257009,10.297106492822918],[78.51267416620371,10.28574380118453],[78.51702535930157,10.279958532715057],[78.51149636976332,10.270030307044962],[78.51454938857951,10.267646807135929],[78.50743572955757,10.264407131384866],[78.4923358024197,10.26320650539238],[78.47257018559628,10.269866631890112],[78.46344998038545,10.267034739267928],[78.45292942830913,10.267168316276122],[78.45303711744708,10.258864169208495],[78.44775373090077,10.245423785100996],[78.45345376505898,10.244310509807171],[78.45759245808318,10.240566630615241],[78.46455688358023,10.24040225512739],[78.47507789469566,10.245010323413418],[78.4832594664358,10.254496373575488],[78.4857915450322,10.251448785372903],[78.4821946807531,10.250147974953155],[78.47928904942391,10.24061067086251],[78.48774382399476,10.234405969270922],[78.47845299906709,10.222551627216907],[78.47551886958378,10.22332552826262],[78.47273409220301,10.219863589201907],[78.47510703604348,10.219564613182833],[78.47280365863693,10.207730593616647],[78.4695125530328,10.204250734574764],[78.47599656939738,10.202775264962895],[78.487816246173,10.19052113028912],[78.49582036740684,10.191743568790017],[78.49911227790147,10.188012271772536],[78.5159859707886,10.190343847821286],[78.51384836309472,10.200573419670134],[78.51436268542581,10.207194434619387],[78.51740145157167,10.209496843746036],[78.51452050504818,10.216678129816293],[78.51894699313654,10.23664231673282],[78.52759317264331,10.238545352689936],[78.52997566827018,10.25043090536898],[78.53822762031787,10.255201294330341],[78.53845408560099,10.257660621924689],[78.54043135389814,10.257556030297751],[78.54060460298386,10.25306028139904],[78.55346539842763,10.249485664946912],[78.55509167607866,10.254832560790028],[78.56179380968243,10.253193229614233],[78.56519243464292,10.257954186699207],[78.57062855005888,10.256770112245336],[78.57683850659997,10.266254618607308],[78.57438886100732,10.267312824796024],[78.57411876994071,10.277263630254799],[78.57098613523753,10.275191432173504],[78.57173569669713,10.280009239121004],[78.56945396240074,10.281069121086745],[78.57792778395057,10.287234916402394],[78.59163625844253,10.27906273116515],[78.60960207723804,10.273908985389978],[78.61157173141486,10.270367496035552],[78.62904553394611,10.268017742639664],[78.63622403156862,10.269232144023201],[78.64768085544473,10.258576533079173],[78.6477483737198,10.25595361687568],[78.65167476340132,10.254283584263925],[78.64830292081271,10.245467270410975],[78.6444333998786,10.244801730235508],[78.64138063079403,10.241039464261341],[78.65061144107422,10.236593078803523],[78.64724815673533,10.225812047008933],[78.65202055190365,10.219647489712884],[78.66569890768076,10.212123298351],[78.67323092291029,10.204699372157677],[78.66421314630311,10.178954568251196],[78.67037629343136,10.176015510160521],[78.66751980803305,10.169907546081028],[78.67046614472271,10.163287912673345],[78.66804290241288,10.154286928962232],[78.66988592557566,10.154872748428287],[78.67759436004553,10.147218022737706],[78.68638457362829,10.145876102245529],[78.69133431509832,10.147751349401036],[78.69386283277295,10.15519275756964],[78.70851539710264,10.175602104138248],[78.71583649688664,10.171291488900916],[78.72664354955486,10.169815210685448],[78.72769952815449,10.161353137724516],[78.737319691635,10.158562602342737],[78.73812826073066,10.16209608397505],[78.74709773133176,10.16430028692562],[78.76042931944293,10.165348186575708],[78.767187512412,10.163433963629664],[78.7701976097239,10.167209616095882],[78.76952541566816,10.171345630080951],[78.76480176668043,10.174250632405032],[78.76721781887474,10.180620861389533],[78.76517360542766,10.18058397904864],[78.76528769057045,10.192992732729344],[78.76888588615277,10.199060494049222],[78.77354958786665,10.19895811817602],[78.78687658019679,10.206719457048155],[78.79358488792151,10.206237671193149],[78.80989741403047,10.212999849906984],[78.82323465973128,10.19810305192597],[78.81728949599328,10.172072936437397],[78.81361754782776,10.166615943573227],[78.81882518573441,10.159253118423605],[78.82954833665339,10.15452208223072],[78.83305025260017,10.139238821676805],[78.83675022191434,10.14034236734167],[78.84838475411323,10.137468760636516],[78.84789325707521,10.12606799390469],[78.86227340998994,10.126444417931543],[78.86549384872394,10.13573876610771],[78.8723738325843,10.138080683264958],[78.88186814658512,10.154530960039773],[78.88681853663874,10.148093747213165],[78.8965321716212,10.147252678815523],[78.90176566663496,10.151795524745014],[78.8988092203051,10.154241270105075],[78.90006407423054,10.15667323537119],[78.90855022156438,10.151347537872176],[78.90766935335968,10.147586549327722],[78.91352281527689,10.144611567564837],[78.91022795561318,10.135909890567282],[78.91348928835384,10.127763654802333],[78.92810121739171,10.120791374210176],[78.92864779642802,10.114290790970692],[78.93749387264506,10.115641081381346],[78.93807718558995,10.111902517919892],[78.94163981327695,10.110166036683362],[78.94099276396429,10.114338577970331],[78.9445599434148,10.112430276135298],[78.94788962177894,10.109364734383867],[78.94786605088422,10.105567511331833],[78.95009408119799,10.114246440567689],[78.95860687256314,10.114099942697496],[78.96088432459058,10.118167866264395],[78.96429704321955,10.119147990582984],[78.9666761153669,10.127632378680307],[78.97699980703858,10.109506896587767],[78.97703407686835,10.101840110180946],[78.98226152981353,10.100269962657533],[78.9821823846437,10.095071400761425],[78.98697500987222,10.089365049336209],[78.98235253903326,10.084633494894113],[78.97807426757689,10.086551450700536],[78.97700071523535,10.08117234737756],[78.9690917920654,10.084573928092205],[78.96299083081269,10.094814415630672],[78.94982438628843,10.089537388049308],[78.94587643344686,10.078887827715754],[78.93422507400605,10.0719056349346],[78.93789665026897,10.069468486917279],[78.93713887641108,10.066014933577707],[78.94043132319993,10.061032764330209],[78.94440393569438,10.059436308266097],[78.94372358942742,10.055616591753703],[78.9397778428482,10.054080312028736],[78.93805883211039,10.057480046697687],[78.93119715681385,10.04717430501833],[78.92463367458093,10.047044100833356],[78.9236160064332,10.042727118673485],[78.93203949537767,10.0373872393081],[78.92973072179122,10.030991021786416],[78.93022652625106,10.021764543641693],[78.95167751819311,10.008009345578923],[78.96485746978598,10.007491029279947],[78.97478637075491,9.999635512587297],[78.97245401010407,9.992249589429797],[78.98147832734483,9.990362056729259],[78.9881469106694,9.994532398278581],[78.99293952242314,9.993482110966822],[78.99383419234384,9.995927475381723],[78.9975367730605,9.99452933904565],[78.99882020509007,9.989081164033221],[79.00311206356514,9.987206703892536],[79.00737593143425,9.987221902199263],[79.00998342359875,9.989862868594157],[79.01392222620085,9.980936237261963],[79.00288739940416,9.978780335404236],[78.99660059288887,9.96717014474027],[79.00229129085633,9.96415615357499],[79.0011350953053,9.959088174313846],[79.00330674555521,9.956213955254896],[78.99661924640573,9.952479601808779],[78.99256147811391,9.953864197236847],[78.98798225307105,9.950226708170417],[78.99703377309528,9.93822164287508],[78.99816606717155,9.929442319585137],[79.00628969128765,9.918667413440764],[79.00604974768198,9.914255260283745],[79.01092891660497,9.912258986358074],[79.01613899074263,9.902650134243036],[79.02244424775559,9.902665833814494],[79.0308677654461,9.893550528851831],[79.04000964610644,9.873472819240162],[79.04122030112326,9.864129127139494],[79.04515111231261,9.859207270220349],[79.05988897257686,9.8584784638361],[79.0685426503213,9.850157848181095],[79.0737660572544,9.853038419156562],[79.0822857674439,9.853098580563245],[79.09010748935256,9.857376141384425],[79.10298999797509,9.85519862311424],[79.10621317657069,9.850994756012934],[79.10579812616336,9.85384268918396],[79.11545773287138,9.84907412257167],[79.11635561606585,9.851393227805064],[79.11018307435636,9.85784373158866],[79.11931396862076,9.852776661947276],[79.12083183129509,9.855308247421068],[79.12220376444813,9.860299015565516],[79.11295449828044,9.860230776774966],[79.11677898307612,9.862771551019675],[79.11740766633275,9.871121089229852],[79.11480908725248,9.873430972416335],[79.11745319564629,9.872310002316215],[79.11860171688988,9.878448997370148],[79.11582535762162,9.879547364173433],[79.11972321141981,9.87764438119568],[79.12162869444427,9.880081041575865],[79.1185829879145,9.889578647334128],[79.1143842254456,9.889239395120374],[79.11126567363114,9.892837580860062],[79.11464860682024,9.889867770298848],[79.11844617180179,9.890654536930654],[79.12403564670477,9.883561959355918],[79.12984806190167,9.895835420146238],[79.12550312736636,9.903705660397868],[79.13145739283486,9.89706954872672],[79.13464873334019,9.899736686604895],[79.13343602028301,9.90372835262562],[79.13510353419883,9.900369278783815],[79.13967748882594,9.904424458050604],[79.13668218586845,9.909636716233146],[79.13990545070234,9.904677606317856],[79.14701344404979,9.911435637205715],[79.1388708008025,9.920861248842096],[79.14370822591252,9.918704823865424],[79.1452722808571,9.924228900428968],[79.14491645098651,9.918713824949062],[79.15050625107962,9.919635778123887],[79.15519861893253,9.931520060804736],[79.19846306494892,9.973288847058123],[79.20526469415694,9.984765107357793],[79.21621234304858,9.996710345412954],[79.21487697312423,10.000051351798264],[79.21658195038064,9.997546550590762],[79.24440856167689,10.027216165948312],[79.26611175743159,10.039233636168422],[79.2556821480997,10.045154551810038],[79.2514599638564,10.044577277998894],[79.2505290307443,10.042118400866796],[79.24960860432776,10.043809363589723],[79.25508952411687,10.045430496893752],[79.24558561790548,10.056893112138624],[79.24478218807154,10.054926946259721],[79.23928665808268,10.057799261223508],[79.24525751902773,10.057883218906039],[79.24414161112054,10.062964668359369],[79.23847160225235,10.062518964377478],[79.23821226761298,10.064720548919539],[79.24665554734146,10.064726833228619],[79.2504920381209,10.067573495038342],[79.24806709889349,10.070874266230598],[79.24144861281572,10.071911690025697],[79.23945009397221,10.070131243347438],[79.23709750415946,10.073988008201814],[79.2341132226322,10.07059400099361],[79.23669132641218,10.073337177010423],[79.23417457576946,10.077569183673752],[79.23195741956222,10.076891772028054],[79.23203637428918,10.081751337031228],[79.22720326558407,10.073502742202093],[79.23029870644122,10.08294980028018],[79.22323213980145,10.0812204400082],[79.2274982139329,10.084415276040543],[79.23143914644051,10.082981104186755],[79.22597868129046,10.099288327697108],[79.22893201405955,10.105367597409867],[79.22312908417372,10.105310515130535],[79.21906989384881,10.10926712042782],[79.21948147316591,10.113055235976129],[79.2231247102766,10.106006681233023],[79.22846244040602,10.106466230106289],[79.22717675630003,10.109337158004301],[79.22935233128943,10.107465004426437],[79.2272685488507,10.111267404230974],[79.2302953260808,10.118327577913128],[79.22717043126214,10.11911961913588],[79.23066970885695,10.11926773482918],[79.23039760556414,10.124724108312437],[79.23339121879057,10.127105487329343],[79.22604915142952,10.137108638212057],[79.20651386174664,10.13678731992735],[79.21043378894798,10.139742923638234],[79.20920832071212,10.147274542242974],[79.20660324681234,10.148115963403542],[79.20296916982261,10.15839211160763],[79.1965945952091,10.156856399030408],[79.19634905869249,10.160893366007036],[79.19087381984926,10.161803030232466],[79.17803794277314,10.158247310422793],[79.16396665311093,10.161978497325997],[79.16651696481269,10.159225156389763],[79.16001470276635,10.156811719391053],[79.15143227040708,10.15955598680438],[79.15111335141324,10.166585153593857],[79.15698609926127,10.169261229582762],[79.15710537666638,10.176376269599423],[79.1610981653221,10.177230558568953],[79.1614771834051,10.179883993602608],[79.16018629625698,10.184585184197857],[79.15044390979556,10.185303974226192],[79.15019356639382,10.193906218651101],[79.15257130274632,10.196781173564366],[79.16085365018999,10.195126617737131],[79.17374636457247,10.203407272316534],[79.1825064360842,10.193290100713227],[79.18930731879219,10.200996530073771],[79.18718153562241,10.20502435657801],[79.18240398681932,10.207420608903584],[79.18312177756223,10.214612352747706],[79.17827550674158,10.216411885349755],[79.17313184056133,10.213641326666867],[79.162814036448,10.218026598736905],[79.16164998512978,10.215373203841201],[79.15380531216391,10.217800805072093],[79.15055584257487,10.216209659038789],[79.1464262342132,10.22320262805785],[79.14755850942484,10.229246352560295],[79.14423195540127,10.236343279601536],[79.1366558167216,10.236428980605869],[79.13363427487297,10.23040772440071],[79.11598577427348,10.233878075816234],[79.11759440092749,10.253420253331598],[79.12913786461782,10.253606753110141],[79.13258303129321,10.265050430289016],[79.12894806407303,10.267594175315864],[79.13123416777495,10.273265926367804],[79.12615362441306,10.278058463674265],[79.12786495455518,10.281852378350202],[79.11864954139895,10.288779580057097],[79.12638115509813,10.301216153436783],[79.12162740087025,10.305717798058017],[79.1328912971661,10.309124074771754],[79.13493300341521,10.319028128822419],[79.13116068468642,10.325491832388693],[79.12551703508359,10.32621399503426],[79.12532070917656,10.32814967565928],[79.11442384923448,10.32819973888875],[79.1208263488769,10.337437363221087],[79.1391719735779,10.341755666187163],[79.14639921917764,10.349465659591585],[79.15296304277038,10.350144600240082],[79.15095364892203,10.363417171638803],[79.14566493806102,10.364992458022275],[79.14873104712754,10.373178319407788],[79.14469891585563,10.376890324296909],[79.14417972285906,10.382936721380409],[79.14531353957976,10.389938137119398],[79.14949636234226,10.392879587302984],[79.15269362364363,10.400748315109736],[79.14744056511962,10.410876160742134],[79.14158251909952,10.413878052108252],[79.13162722742418,10.424420736578421],[79.12947728675972,10.433326976621194],[79.12547511789583,10.435881399905703],[79.12580440704129,10.437936733917578],[79.13135468485515,10.436356050177187],[79.13746378843759,10.439948708170077],[79.1435283562432,10.44567052532652],[79.14166580640108,10.447749622279636],[79.13965966984398,10.446520355151655],[79.14042275544017,10.449495766883793],[79.15117130083391,10.44716276106765],[79.15638918672128,10.45242718729685],[79.15786160901528,10.446163917563123],[79.15962901469237,10.4490125471984],[79.16477171518373,10.448142974436264],[79.1666268700944,10.450249774634033],[79.17605592867633,10.448021544701577],[79.17681914003668,10.451873886838769],[79.17220660636139,10.449084160606564],[79.16561218255683,10.452908085376757],[79.16653767996313,10.455417104415657],[79.17279328259875,10.45327185809927],[79.17321691910355,10.458703479112545],[79.19068598841157,10.459614406387535],[79.19033513430938,10.462581542592794],[79.19447456844365,10.462909697635917],[79.19470406104926,10.46592818885461],[79.19027654708485,10.471111984798721],[79.18536756756916,10.469426721088137],[79.18300705371732,10.472371808604741],[79.17803735437661,10.472282625399426],[79.17900124937144,10.476057045386188],[79.17679818144278,10.477622686935101],[79.17434988961125,10.476621671294927],[79.17345867820441,10.478379952081498],[79.17236243531708,10.476509124971662],[79.17496374078424,10.474186795210013],[79.17235208941999,10.47434829477227],[79.17088739802732,10.481679559435442],[79.16649063698833,10.47591759138923],[79.16465821664086,10.477635101349962],[79.16006625258892,10.473470791632952],[79.15184262981204,10.475796771429303],[79.15282951000003,10.477785658111575],[79.15054318261758,10.478189674678939],[79.14734156808035,10.48585785117722],[79.14188524775702,10.484328175788619],[79.1415286336572,10.486156048767686],[79.13513162002619,10.48660626042491],[79.1343933243386,10.485023028009783],[79.12985760021334,10.487855677684044],[79.13209206965108,10.489038747577034],[79.13289348186888,10.494328523339725],[79.12932741812592,10.491682456079639],[79.128801391645,10.495391647404313],[79.1305221478094,10.499004541051194],[79.13056426711813,10.497273138183742],[79.13916958675418,10.498200630110059],[79.14112763020594,10.501493385709756],[79.14046150516826,10.512300501757021],[79.14189571043514,10.5144341335752],[79.14492349467666,10.512856393429464],[79.14942264659005,10.51923007504743],[79.15488062430511,10.521788346651762],[79.14914451470337,10.523642072936969],[79.15165291101394,10.532497549306902],[79.15268473840713,10.52955919129691],[79.15396381809917,10.531353746171716],[79.15674965189872,10.530209885800375],[79.15814768200909,10.533563944819948],[79.16513096224564,10.532849092690473],[79.16788001901745,10.530127483608199],[79.1683967137992,10.533716682271718],[79.17375846487934,10.532337305100965],[79.17774229104346,10.538254071067227],[79.18463432759995,10.537742222686443],[79.18594619220659,10.542375488952175],[79.18343988088581,10.547976751913932],[79.17882264632665,10.550545069741318],[79.18303840042914,10.550128557080084],[79.18343720121133,10.556755496253993],[79.18753871116924,10.55576936158896],[79.19056792732533,10.559475610592521],[79.19133646120376,10.56431236467625],[79.1872351093493,10.566442224824982],[79.1901034534077,10.565533114793075],[79.19078251418549,10.57818575383833],[79.18010646373348,10.574516896806982],[79.18229832338233,10.57108553718895],[79.1788039595721,10.571280434015694],[79.17740012903995,10.58693045866601],[79.16924572235399,10.584675777859482],[79.16937859755755,10.58704448170566],[79.15468331833608,10.589021244599069],[79.14279230005558,10.586377349895672],[79.14128588281629,10.599604241949821],[79.14340174678875,10.608387420616332],[79.13992535467409,10.610530204746285],[79.13973832183868,10.614205333790016],[79.13571816870277,10.616058770684784],[79.13277672783138,10.629276563210091],[79.12759108158123,10.636183232964177],[79.12622042493423,10.634063182118927],[79.1192479424474,10.63483526003702],[79.1043000093573,10.615206892694502],[79.10079852819507,10.629629689973957],[79.09330061481035,10.630645213424195],[79.08919240431872,10.634644505563369],[79.0796518935561,10.63585355165959],[79.06998712602679,10.640723509043587],[79.06962980135961,10.644895406079117],[79.06551650999673,10.649111410288395],[79.06634783521515,10.669822465302383],[79.06894167298735,10.67738072843765],[79.06297441787984,10.673844291428647],[79.0549302524456,10.679595632570926],[79.04604162123688,10.681007301768112],[79.01665820529875,10.6801227315628],[79.0164471083935,10.682355528417249],[79.02065081159648,10.683722490608568],[79.02113855637155,10.698900955218479],[79.0292394486194,10.704030182092458],[79.01049574538172,10.707877330394581],[79.00708008387184,10.711826120433766],[79.00978247406297,10.719461757970887],[79.00350153713971,10.722274618660865],[78.99350995083194,10.721679997390465],[78.99136954578422,10.705579338614784],[78.98329937232589,10.696554930032262],[78.9834061092496,10.687713092373205],[78.98705494555948,10.679154895414522],[78.96968684239779,10.675363137709196],[78.97119579108957,10.662249186704054],[78.96373921278432,10.651415923387473],[78.96129699715738,10.66178623416554],[78.9581892889067,10.661398249009626],[78.95480907940951,10.668184091809096],[78.94557307237542,10.669126319725644],[78.93757184731002,10.67508112771675],[78.93963368300803,10.678660874341508],[78.94866377192449,10.675119665858064],[78.94468423611417,10.680653386249483],[78.93346006960842,10.683602679348608],[78.92490826530876,10.67860896992337],[78.91851236738535,10.670755034048812],[78.90819467286649,10.67174247167022],[78.90574115822987,10.680548306921276],[78.90238195224238,10.679965412418046],[78.89388140760946,10.685232040816489],[78.89376747518033,10.694200414422154],[78.8822178140128,10.69527645639772],[78.87345849888253,10.705590330626764]],[[79.18466027364033,10.566476159916624],[79.18423071544113,10.565653521655767],[79.18284235479648,10.56660303763476],[79.18309380132935,10.56754775732401],[79.18476097298706,10.567348577839983],[79.18466027364033,10.566476159916624]],[[79.17133618107192,10.542773206301531],[79.17131315275958,10.541796803325553],[79.16960042843213,10.541950713054323],[79.16960053712829,10.542524803356192],[79.17133618107192,10.542773206301531]],[[79.14909597244036,10.528834371023727],[79.14859353302384,10.528409481953522],[79.14811018909533,10.528776971590158],[79.14770758843952,10.5290830711618],[79.1476913019834,10.529095452597986],[79.14770759023614,10.529110194799546],[79.14816207219289,10.529521525961567],[79.14861655504795,10.529932856574753],[79.14909597244036,10.528834371023727]],[[79.14604485805255,10.526610495721455],[79.14654718787462,10.526140347634371],[79.14627305798253,10.52524080195951],[79.14623987601253,10.525239251942294],[79.14569303197324,10.525213708010222],[79.14566566210316,10.525512055740908],[79.14548758187787,10.525837533291028],[79.14480712421981,10.526212758391091],[79.14503552177912,10.526587940641118],[79.14574340590111,10.526411612989259],[79.14604485805255,10.526610495721455]],[[79.14884425371795,10.524571644216989],[79.14874369540675,10.523898109627245],[79.14791759119674,10.524013205290336],[79.14783485995231,10.52402473110524],[79.14818362097994,10.524791112925499],[79.14884425371795,10.524571644216989]],[[79.14515178443814,10.517188322833318],[79.14369621992874,10.515946962588318],[79.14457272142285,10.518392356729878],[79.14515178443814,10.517188322833318]],[[79.13486231498551,10.508997923027703],[79.13319459355885,10.5095199419917],[79.1347295664444,10.509757370709819],[79.13486231498551,10.508997923027703]],[[79.13559217639093,10.506924341366041],[79.13498234697545,10.50616038299998],[79.13474953599314,10.506539089962281],[79.13438775029225,10.507069060589536],[79.134411469409,10.50737330566726],[79.13402564568945,10.507649714789856],[79.13409141494463,10.507731320993084],[79.1345592862907,10.508311850293657],[79.13568564519792,10.508369386021425],[79.13612283728037,10.508067941826779],[79.13584493715902,10.507458052786196],[79.13559217639093,10.506924341366041]],[[79.1374148527125,10.5052891546372],[79.13739365875999,10.505271220970396],[79.13701608965955,10.505358442670477],[79.13657430359271,10.505460500419282],[79.13654477507102,10.506093858852996],[79.13759022631383,10.506809770166225],[79.13768951620388,10.507317205038474],[79.1380715687959,10.507648964026462],[79.13835433329452,10.50747328622607],[79.1384170509727,10.507231311419508],[79.13842640512975,10.507195226146978],[79.13851172711543,10.506866039588523],[79.13843929325914,10.506156037383857],[79.1374148527125,10.5052891546372]],[[79.15930970403306,10.472890796755932],[79.15886614828511,10.47194657338183],[79.15869347771446,10.471980693771368],[79.15835166785055,10.472048239340625],[79.15828486104117,10.472061441046009],[79.15796657985116,10.472124333980352],[79.1576972712172,10.472959716619597],[79.15835522697569,10.47340826114481],[79.15930970403306,10.472890796755932]],[[79.17572092444904,10.46835742769592],[79.17545698594381,10.468303586705044],[79.17492570611509,10.468771297206091],[79.17497344977583,10.469634694912829],[79.17538211405983,10.47032411298822],[79.17541796043294,10.470384584992363],[79.17554907943011,10.470605782025839],[79.17682165442116,10.469906965639614],[79.1759848620559,10.46841126867742],[79.17572092444904,10.46835742769592]],[[79.17959860837412,10.46728135431403],[79.17893961775641,10.466850791587387],[79.17841974832845,10.4671896273157],[79.1783303848223,10.46724787119786],[79.1782974588722,10.467343771200328],[79.17806151636282,10.468030969175029],[79.17866589390285,10.468609874241043],[79.17975223196581,10.468119202220457],[79.17968508738988,10.467752999980796],[79.1796707529729,10.467674822176603],[79.17959860837412,10.46728135431403]],[[79.17535747237328,10.467256808215062],[79.17483331618477,10.466521426081806],[79.17466894694564,10.466605836339278],[79.17382609095223,10.467038673192492],[79.17421703776388,10.467956370833205],[79.175195367787,10.46785743224594],[79.17529029994958,10.467505696576122],[79.1752963429165,10.467483305023789],[79.17535747237328,10.467256808215062]],[[79.15591588416102,10.465448289723419],[79.15589291513753,10.465442461238395],[79.15554791715265,10.465672293213627],[79.15530920783222,10.465831315823623],[79.15538562931005,10.466302559112487],[79.15580319410189,10.46716815355841],[79.15630510081745,10.46719728875337],[79.15679395231695,10.466767042155643],[79.15683643634168,10.466729652731436],[79.15652614476784,10.465603149120627],[79.15591588416102,10.465448289723419]],[[79.15312378012078,10.464536724111625],[79.15217315414104,10.464426436606413],[79.1521351428281,10.464700506920781],[79.15195206078332,10.466020561969355],[79.15262150329934,10.466128187315414],[79.15263945702861,10.466131074167041],[79.15279684186639,10.466156374752622],[79.15385666974704,10.465691901395386],[79.15370351956749,10.464801724734917],[79.15312378012078,10.464536724111625]],[[79.17177861392574,10.464585609145313],[79.17088342388048,10.464571773742513],[79.1709100670135,10.465367138792535],[79.17171362171327,10.4653001200243],[79.17175849615494,10.46480677939698],[79.17175956784507,10.464795003147287],[79.17177861392574,10.464585609145313]],[[79.17428749083501,10.464899050374406],[79.17425800902566,10.463538562811625],[79.17321220384662,10.463543521206198],[79.17323528066797,10.464676666433137],[79.17324212133886,10.465012510786401],[79.17378636026383,10.465159084369178],[79.17421982972779,10.465071142877932],[79.17428749083501,10.464899050374406]],[[79.16827221089407,10.463370760021915],[79.16788193961551,10.462348446887749],[79.16679482361154,10.462969786816082],[79.16734566156059,10.463653035187408],[79.16777927026338,10.463911305241666],[79.16779041296618,10.463917942044372],[79.16818825973752,10.464154908403565],[79.16827221089407,10.463370760021915]],[[79.15787101078304,10.468514019681603],[79.15748740769882,10.468328971032951],[79.15689173393565,10.468791434325722],[79.15658469875467,10.46902980680609],[79.1566071692132,10.469683821183422],[79.15702680641837,10.470209416935093],[79.15829852262003,10.469667692806961],[79.15843348910157,10.469197698403681],[79.15814613061859,10.468646736071202],[79.15787101078304,10.468514019681603]],[[79.16068710343463,10.45577962418934],[79.16032446433421,10.454928114730807],[79.15888100103001,10.45543526535289],[79.15895286086287,10.456224389645993],[79.1594709183889,10.456712810148828],[79.16010135695359,10.456352520276356],[79.16039669427292,10.456063661571331],[79.1604100037122,10.456050644698806],[79.16068710343463,10.45577962418934]],[[79.16345930170647,10.45554805960791],[79.16328041569237,10.45444590615913],[79.1625450727671,10.454532391280138],[79.16269735337744,10.455700886826943],[79.16323908240953,10.455592231354245],[79.16345930170647,10.45554805960791]],[[79.15279707991995,10.452027851930858],[79.15231683338254,10.451934568272987],[79.15217525170723,10.451944222176605],[79.15213410976554,10.451926388780336],[79.15169684491951,10.451834125430784],[79.15163276988694,10.452266018202508],[79.15212795720416,10.45238661940761],[79.15240791626414,10.452446978297592],[79.1523858141149,10.452786865988895],[79.15269598711112,10.45291820833928],[79.15325109744771,10.452472554738712],[79.15302080534147,10.452071308616187],[79.15279707991995,10.452027851930858]]],[[[78.5693521976521,10.709125347341299],[78.56532629170509,10.70491616992731],[78.5577990096988,10.702744799397198],[78.558266525312,10.696854989058068],[78.56462001826243,10.69421653540875],[78.56628922729918,10.68914060763957],[78.57097002215629,10.685028068883122],[78.57495534760861,10.684870581910179],[78.57971168539123,10.693627155360936],[78.5799529468254,10.699991741846008],[78.57452162571808,10.70904945893726],[78.5693521976521,10.709125347341299]]]]},"properties":{"name":"Pudukkottai","sourceVintage":"2011_c"},"id":757}]}