property_id,locality,area_sqft,bedrooms,bathrooms,house_age,parking_spaces,furnishing,price_inr,data_kind,observed_on,area_basis,property_type,price_basis,source_url
demo-00000,Anna Nagar,499.0,1,1,20,1,Unfurnished,7236671.0,synthetic,2026-06-30,synthetic_listed_area,Multistorey Apartment,synthetic,synthetic://generator-v2
demo-00001,Teynampet,1644.0,3,3,15,1,Semi-Furnished,46805203.0,synthetic,2026-06-30,synthetic_listed_area,Multistorey Apartment,synthetic,synthetic://generator-v2
demo-00002,Porur,2153.0,4,3,5,0,Semi-Furnished,13650037.0,synthetic,2026-06-30,synthetic_listed_area,Multistorey Apartment,synthetic,synthetic://generator-v2
demo-00003,Kovur,1719.0,3,3,7,0,Semi-Furnished,12650347.0,synthetic,2026-06-30,synthetic_listed_area,Multistorey Apartment,synthetic,synthetic://generator-v2
demo-00004,Kovur,1103.0,2,1,15,1,Furnished,6819612.0,synthetic,2026-06-30,synthetic_listed_area,Multistorey Apartment,synthetic,synthetic://generator-v2
demo-00005,Thiruporur,2059.0,5,6,1,1,Unfurnished,10731658.0,synthetic,2026-06-30,synthetic_listed_area,Multistorey Apartment,synthetic,synthetic://generator-v2
demo-00006,Anna Nagar,978.0,2,2,11,1,Semi-Furnished,14696791.0,synthetic,2026-06-30,synthetic_listed_area,Multistorey Apartment,synthetic,synthetic://generator-v2
demo-00007,Porur,1697.0,4,5,16,0,Furnished,11122631.0,synthetic,2026-06-30,synthetic_listed_area,Multistorey Apartment,synthetic,synthetic://generator-v2
demo-00008,Egmore,1297.0,3,2,17,1,Furnished,23821937.0,synthetic,2026-06-30,synthetic_listed_area,Multistorey Apartment,synthetic,synthetic://generator-v2
demo-00009,Anna Nagar,583.0,1,1,29,0,Semi-Furnished,7049464.0,synthetic,2026-06-30,synthetic_listed_area,Multistorey Apartment,synthetic,synthetic://generator-v2
demo-00010,Koyambedu,1561.0,3,2,34,0,Furnished,20301332.0,synthetic,2026-06-30,synthetic_listed_area,Multistorey Apartment,synthetic,synthetic://generator-v2
demo-00011,Velachery,594.0,1,1,26,1,Semi-Furnished,5288926.0,synthetic,2026-06-30,synthetic_listed_area,Multistorey Apartment,synthetic,synthetic://generator-v2
demo-00012,Ramapuram,2271.0,5,4,2,1,Semi-Furnished,26527372.0,synthetic,2026-06-30,synthetic_listed_area,Multistorey Apartment,synthetic,synthetic://generator-v2
demo-00013,Ramapuram,1937.0,4,5,14,1,Semi-Furnished,22914028.0,synthetic,2026-06-30,synthetic_listed_area,Multistorey Apartment,synthetic,synthetic://generator-v2
demo-00014,Ramapuram,944.0,2,3,26,2,Unfurnished,8284634.0,synthetic,2026-06-30,synthetic_listed_area,Multistorey Apartment,synthetic,synthetic://generator-v2
demo-00015,Teynampet,1130.0,3,4,21,2,Unfurnished,24695930.0,synthetic,2026-06-30,synthetic_listed_area,Multistorey Apartment,synthetic,synthetic://generator-v2
demo-00016,Koyambedu,1637.0,4,3,16,1,Furnished,21984727.0,synthetic,2026-06-30,synthetic_listed_area,Multistorey Apartment,synthetic,synthetic://generator-v2
demo-00017,Chromepet,964.0,2,2,15,2,Unfurnished,4991202.0,synthetic,2026-06-30,synthetic_listed_area,Multistorey Apartment,synthetic,synthetic://generator-v2
demo-00018,Thiruporur,734.0,2,2,14,0,Semi-Furnished,2581500.0,synthetic,2026-06-30,synthetic_listed_area,Multistorey Apartment,synthetic,synthetic://generator-v2
demo-00019,Kovur,1749.0,3,3,20,2,Semi-Furnished,12731981.0,synthetic,2026-06-30,synthetic_listed_area,Multistorey Apartment,synthetic,synthetic://generator-v2
demo-00020,Koyambedu,762.0,2,2,6,1,Semi-Furnished,10760119.0,synthetic,2026-06-30,synthetic_listed_area,Multistorey Apartment,synthetic,synthetic://generator-v2
demo-00021,Kodambakkam,1598.0,4,5,18,2,Semi-Furnished,17363113.0,synthetic,2026-06-30,synthetic_listed_area,Multistorey Apartment,synthetic,synthetic://generator-v2
demo-00022,Egmore,541.0,1,2,7,2,Furnished,9913274.0,synthetic,2026-06-30,synthetic_listed_area,Multistorey Apartment,synthetic,synthetic://generator-v2
demo-00023,Thoraipakkam,1871.0,5,4,24,2,Furnished,16701776.0,synthetic,2026-06-30,synthetic_listed_area,Multistorey Apartment,synthetic,synthetic://generator-v2
demo-00024,Teynampet,1150.0,2,1,31,2,Furnished,37065783.0,synthetic,2026-06-30,synthetic_listed_area,Multistorey Apartment,synthetic,synthetic://generator-v2
demo-00025,Navalur,1594.0,3,2,18,0,Semi-Furnished,13009947.0,synthetic,2026-06-30,synthetic_listed_area,Multistorey Apartment,synthetic,synthetic://generator-v2
demo-00026,Kodambakkam,367.0,1,1,13,0,Furnished,4597394.0,synthetic,2026-06-30,synthetic_listed_area,Multistorey Apartment,synthetic,synthetic://generator-v2
demo-00027,Teynampet,1046.0,2,2,33,1,Semi-Furnished,26974433.0,synthetic,2026-06-30,synthetic_listed_area,Multistorey Apartment,synthetic,synthetic://generator-v2
demo-00028,Kundrathur,2032.0,4,5,23,1,Semi-Furnished,8661258.0,synthetic,2026-06-30,synthetic_listed_area,Multistorey Apartment,synthetic,synthetic://generator-v2
demo-00029,Kovur,1079.0,2,1,15,0,Furnished,6678445.0,synthetic,2026-06-30,synthetic_listed_area,Multistorey Apartment,synthetic,synthetic://generator-v2
demo-00030,Kovur,557.0,1,1,1,2,Furnished,4361154.0,synthetic,2026-06-30,synthetic_listed_area,Multistorey Apartment,synthetic,synthetic://generator-v2
demo-00031,Egmore,1589.0,3,2,0,0,Unfurnished,31931509.0,synthetic,2026-06-30,synthetic_listed_area,Multistorey Apartment,synthetic,synthetic://generator-v2
demo-00032,Anna Nagar,497.0,1,1,7,2,Furnished,8371183.0,synthetic,2026-06-30,synthetic_listed_area,Multistorey Apartment,synthetic,synthetic://generator-v2
demo-00033,Kundrathur,861.0,2,1,8,0,Furnished,5107574.0,synthetic,2026-06-30,synthetic_listed_area,Multistorey Apartment,synthetic,synthetic://generator-v2
demo-00034,Thoraipakkam,1573.0,3,2,25,1,Furnished,15559875.0,synthetic,2026-06-30,synthetic_listed_area,Multistorey Apartment,synthetic,synthetic://generator-v2
demo-00035,Anna Nagar,1768.0,3,4,18,2,Furnished,27336262.0,synthetic,2026-06-30,synthetic_listed_area,Multistorey Apartment,synthetic,synthetic://generator-v2
demo-00036,Thiruporur,1988.0,4,5,35,1,Furnished,7065674.0,synthetic,2026-06-30,synthetic_listed_area,Multistorey Apartment,synthetic,synthetic://generator-v2
demo-00037,Thiruporur,2064.0,4,5,19,2,Unfurnished,7735728.0,synthetic,2026-06-30,synthetic_listed_area,Multistorey Apartment,synthetic,synthetic://generator-v2
demo-00038,Karapakkam,2296.0,5,5,32,2,Unfurnished,19113263.0,synthetic,2026-06-30,synthetic_listed_area,Multistorey Apartment,synthetic,synthetic://generator-v2
demo-00039,Navalur,539.0,1,1,19,2,Unfurnished,4141477.0,synthetic,2026-06-30,synthetic_listed_area,Multistorey Apartment,synthetic,synthetic://generator-v2
demo-00040,Chromepet,1199.0,2,3,12,1,Unfurnished,7371141.0,synthetic,2026-06-30,synthetic_listed_area,Multistorey Apartment,synthetic,synthetic://generator-v2
demo-00041,Ramapuram,390.0,1,1,25,2,Unfurnished,3369784.0,synthetic,2026-06-30,synthetic_listed_area,Multistorey Apartment,synthetic,synthetic://generator-v2
demo-00042,Porur,401.0,1,1,16,1,Semi-Furnished,2626196.0,synthetic,2026-06-30,synthetic_listed_area,Multistorey Apartment,synthetic,synthetic://generator-v2
demo-00043,Kodambakkam,970.0,2,3,9,2,Unfurnished,13571723.0,synthetic,2026-06-30,synthetic_listed_area,Multistorey Apartment,synthetic,synthetic://generator-v2
demo-00044,Anna Nagar,1411.0,3,3,17,2,Unfurnished,25591145.0,synthetic,2026-06-30,synthetic_listed_area,Multistorey Apartment,synthetic,synthetic://generator-v2
demo-00045,Velachery,2464.0,5,4,23,0,Semi-Furnished,22443979.0,synthetic,2026-06-30,synthetic_listed_area,Multistorey Apartment,synthetic,synthetic://generator-v2
demo-00046,Kovur,1449.0,4,4,13,1,Furnished,9579748.0,synthetic,2026-06-30,synthetic_listed_area,Multistorey Apartment,synthetic,synthetic://generator-v2
demo-00047,Thoraipakkam,1804.0,4,5,25,2,Unfurnished,17438803.0,synthetic,2026-06-30,synthetic_listed_area,Multistorey Apartment,synthetic,synthetic://generator-v2
demo-00048,Porur,1983.0,4,3,35,0,Semi-Furnished,10968361.0,synthetic,2026-06-30,synthetic_listed_area,Multistorey Apartment,synthetic,synthetic://generator-v2
demo-00049,Teynampet,496.0,1,1,14,2,Semi-Furnished,16362532.0,synthetic,2026-06-30,synthetic_listed_area,Multistorey Apartment,synthetic,synthetic://generator-v2
demo-00050,Ramapuram,2572.0,5,4,10,0,Furnished,30193173.0,synthetic,2026-06-30,synthetic_listed_area,Multistorey Apartment,synthetic,synthetic://generator-v2
demo-00051,Egmore,2650.0,5,4,14,2,Unfurnished,43260007.0,synthetic,2026-06-30,synthetic_listed_area,Multistorey Apartment,synthetic,synthetic://generator-v2
demo-00052,Kodambakkam,510.0,1,2,30,2,Furnished,6077327.0,synthetic,2026-06-30,synthetic_listed_area,Multistorey Apartment,synthetic,synthetic://generator-v2
demo-00053,Kovur,1643.0,3,3,6,0,Unfurnished,10394779.0,synthetic,2026-06-30,synthetic_listed_area,Multistorey Apartment,synthetic,synthetic://generator-v2
demo-00054,Koyambedu,2531.0,5,4,35,2,Unfurnished,32089490.0,synthetic,2026-06-30,synthetic_listed_area,Multistorey Apartment,synthetic,synthetic://generator-v2
demo-00055,Adyar,1453.0,3,3,14,0,Unfurnished,24121165.0,synthetic,2026-06-30,synthetic_listed_area,Multistorey Apartment,synthetic,synthetic://generator-v2
demo-00056,Kundrathur,2508.0,5,4,30,1,Furnished,12830521.0,synthetic,2026-06-30,synthetic_listed_area,Multistorey Apartment,synthetic,synthetic://generator-v2
demo-00057,Chromepet,1876.0,5,6,28,2,Unfurnished,11023444.0,synthetic,2026-06-30,synthetic_listed_area,Multistorey Apartment,synthetic,synthetic://generator-v2
demo-00058,Ramapuram,1255.0,3,4,28,0,Furnished,11513390.0,synthetic,2026-06-30,synthetic_listed_area,Multistorey Apartment,synthetic,synthetic://generator-v2
demo-00059,Porur,482.0,1,1,32,0,Furnished,3352016.0,synthetic,2026-06-30,synthetic_listed_area,Multistorey Apartment,synthetic,synthetic://generator-v2
demo-00060,Thoraipakkam,1136.0,2,1,6,1,Furnished,13167044.0,synthetic,2026-06-30,synthetic_listed_area,Multistorey Apartment,synthetic,synthetic://generator-v2
demo-00061,Ramapuram,1040.0,2,3,21,1,Unfurnished,8643999.0,synthetic,2026-06-30,synthetic_listed_area,Multistorey Apartment,synthetic,synthetic://generator-v2
demo-00062,Kodambakkam,1118.0,3,4,3,0,Unfurnished,15440361.0,synthetic,2026-06-30,synthetic_listed_area,Multistorey Apartment,synthetic,synthetic://generator-v2
demo-00063,Velachery,1494.0,3,4,10,1,Unfurnished,14424532.0,synthetic,2026-06-30,synthetic_listed_area,Multistorey Apartment,synthetic,synthetic://generator-v2
demo-00064,Kodambakkam,1216.0,3,4,1,0,Furnished,17797454.0,synthetic,2026-06-30,synthetic_listed_area,Multistorey Apartment,synthetic,synthetic://generator-v2
demo-00065,Kilpauk,534.0,1,2,24,0,Unfurnished,7262131.0,synthetic,2026-06-30,synthetic_listed_area,Multistorey Apartment,synthetic,synthetic://generator-v2
demo-00066,Thoraipakkam,1114.0,2,2,21,0,Semi-Furnished,11003092.0,synthetic,2026-06-30,synthetic_listed_area,Multistorey Apartment,synthetic,synthetic://generator-v2
demo-00067,Kodambakkam,1993.0,4,5,26,0,Semi-Furnished,27662803.0,synthetic,2026-06-30,synthetic_listed_area,Multistorey Apartment,synthetic,synthetic://generator-v2
demo-00068,Anna Nagar,498.0,1,2,6,2,Furnished,7338533.0,synthetic,2026-06-30,synthetic_listed_area,Multistorey Apartment,synthetic,synthetic://generator-v2
demo-00069,Kovur,869.0,2,1,11,2,Semi-Furnished,5779994.0,synthetic,2026-06-30,synthetic_listed_area,Multistorey Apartment,synthetic,synthetic://generator-v2
demo-00070,Teynampet,2308.0,5,4,24,1,Semi-Furnished,64138998.0,synthetic,2026-06-30,synthetic_listed_area,Multistorey Apartment,synthetic,synthetic://generator-v2
demo-00071,Egmore,566.0,1,1,29,2,Furnished,10257996.0,synthetic,2026-06-30,synthetic_listed_area,Multistorey Apartment,synthetic,synthetic://generator-v2
demo-00072,Kovur,1592.0,3,4,31,1,Furnished,10391710.0,synthetic,2026-06-30,synthetic_listed_area,Multistorey Apartment,synthetic,synthetic://generator-v2
demo-00073,Chromepet,960.0,2,3,2,2,Semi-Furnished,9211393.0,synthetic,2026-06-30,synthetic_listed_area,Multistorey Apartment,synthetic,synthetic://generator-v2
demo-00074,Porur,442.0,1,1,14,0,Semi-Furnished,3555810.0,synthetic,2026-06-30,synthetic_listed_area,Multistorey Apartment,synthetic,synthetic://generator-v2
demo-00075,Koyambedu,1088.0,3,3,0,0,Semi-Furnished,17026314.0,synthetic,2026-06-30,synthetic_listed_area,Multistorey Apartment,synthetic,synthetic://generator-v2
demo-00076,Kilpauk,1157.0,3,4,29,2,Furnished,15995573.0,synthetic,2026-06-30,synthetic_listed_area,Multistorey Apartment,synthetic,synthetic://generator-v2
demo-00077,Egmore,398.0,1,1,4,0,Semi-Furnished,6608234.0,synthetic,2026-06-30,synthetic_listed_area,Multistorey Apartment,synthetic,synthetic://generator-v2
demo-00078,Kundrathur,443.0,1,2,29,2,Semi-Furnished,2110863.0,synthetic,2026-06-30,synthetic_listed_area,Multistorey Apartment,synthetic,synthetic://generator-v2
demo-00079,Porur,586.0,1,1,5,1,Furnished,5361856.0,synthetic,2026-06-30,synthetic_listed_area,Multistorey Apartment,synthetic,synthetic://generator-v2
demo-00080,Thoraipakkam,1905.0,4,3,0,1,Furnished,23427176.0,synthetic,2026-06-30,synthetic_listed_area,Multistorey Apartment,synthetic,synthetic://generator-v2
demo-00081,Kovur,2044.0,5,4,31,1,Semi-Furnished,12789518.0,synthetic,2026-06-30,synthetic_listed_area,Multistorey Apartment,synthetic,synthetic://generator-v2
demo-00082,Chromepet,376.0,1,2,15,2,Unfurnished,2184238.0,synthetic,2026-06-30,synthetic_listed_area,Multistorey Apartment,synthetic,synthetic://generator-v2
demo-00083,Thiruporur,869.0,2,3,15,0,Unfurnished,3253111.0,synthetic,2026-06-30,synthetic_listed_area,Multistorey Apartment,synthetic,synthetic://generator-v2
demo-00084,Navalur,1108.0,2,1,23,2,Semi-Furnished,7860588.0,synthetic,2026-06-30,synthetic_listed_area,Multistorey Apartment,synthetic,synthetic://generator-v2
demo-00085,Porur,892.0,2,2,9,2,Furnished,8093679.0,synthetic,2026-06-30,synthetic_listed_area,Multistorey Apartment,synthetic,synthetic://generator-v2
demo-00086,Anna Nagar,1086.0,2,1,24,2,Furnished,18346264.0,synthetic,2026-06-30,synthetic_listed_area,Multistorey Apartment,synthetic,synthetic://generator-v2
demo-00087,Kilpauk,551.0,1,2,15,2,Furnished,7671936.0,synthetic,2026-06-30,synthetic_listed_area,Multistorey Apartment,synthetic,synthetic://generator-v2
demo-00088,Teynampet,1133.0,3,4,9,2,Unfurnished,35162646.0,synthetic,2026-06-30,synthetic_listed_area,Multistorey Apartment,synthetic,synthetic://generator-v2
demo-00089,Thiruporur,1004.0,2,3,14,1,Semi-Furnished,3811476.0,synthetic,2026-06-30,synthetic_listed_area,Multistorey Apartment,synthetic,synthetic://generator-v2
demo-00090,Kovur,1180.0,2,2,0,1,Furnished,9580874.0,synthetic,2026-06-30,synthetic_listed_area,Multistorey Apartment,synthetic,synthetic://generator-v2
demo-00091,Teynampet,901.0,2,1,10,1,Furnished,25579858.0,synthetic,2026-06-30,synthetic_listed_area,Multistorey Apartment,synthetic,synthetic://generator-v2
demo-00092,Thiruporur,1814.0,5,4,21,2,Unfurnished,8685935.0,synthetic,2026-06-30,synthetic_listed_area,Multistorey Apartment,synthetic,synthetic://generator-v2
demo-00093,Kodambakkam,2323.0,4,5,4,1,Furnished,31566699.0,synthetic,2026-06-30,synthetic_listed_area,Multistorey Apartment,synthetic,synthetic://generator-v2
demo-00094,Thoraipakkam,1713.0,3,3,4,1,Unfurnished,18727497.0,synthetic,2026-06-30,synthetic_listed_area,Multistorey Apartment,synthetic,synthetic://generator-v2
demo-00095,Karapakkam,961.0,2,1,23,0,Unfurnished,8629084.0,synthetic,2026-06-30,synthetic_listed_area,Multistorey Apartment,synthetic,synthetic://generator-v2
demo-00096,Karapakkam,2440.0,5,6,15,0,Furnished,20296440.0,synthetic,2026-06-30,synthetic_listed_area,Multistorey Apartment,synthetic,synthetic://generator-v2
demo-00097,Porur,2015.0,5,4,4,0,Furnished,16466673.0,synthetic,2026-06-30,synthetic_listed_area,Multistorey Apartment,synthetic,synthetic://generator-v2
demo-00098,Navalur,555.0,1,2,26,1,Furnished,3877703.0,synthetic,2026-06-30,synthetic_listed_area,Multistorey Apartment,synthetic,synthetic://generator-v2
demo-00099,Chromepet,2373.0,5,4,27,1,Semi-Furnished,12276136.0,synthetic,2026-06-30,synthetic_listed_area,Multistorey Apartment,synthetic,synthetic://generator-v2
demo-00100,Thiruporur,1434.0,4,4,1,2,Semi-Furnished,6239637.0,synthetic,2026-06-30,synthetic_listed_area,Multistorey Apartment,synthetic,synthetic://generator-v2
demo-00101,Egmore,521.0,1,1,7,1,Semi-Furnished,11339079.0,synthetic,2026-06-30,synthetic_listed_area,Multistorey Apartment,synthetic,synthetic://generator-v2
demo-00102,Teynampet,2350.0,4,5,13,0,Semi-Furnished,58769002.0,synthetic,2026-06-30,synthetic_listed_area,Multistorey Apartment,synthetic,synthetic://generator-v2
demo-00103,Adyar,557.0,1,1,26,1,Semi-Furnished,9807952.0,synthetic,2026-06-30,synthetic_listed_area,Multistorey Apartment,synthetic,synthetic://generator-v2
demo-00104,Teynampet,419.0,1,1,2,0,Unfurnished,12428892.0,synthetic,2026-06-30,synthetic_listed_area,Multistorey Apartment,synthetic,synthetic://generator-v2
demo-00105,Teynampet,363.0,1,1,29,2,Furnished,7854220.0,synthetic,2026-06-30,synthetic_listed_area,Multistorey Apartment,synthetic,synthetic://generator-v2
demo-00106,Teynampet,1755.0,3,4,11,2,Semi-Furnished,53355213.0,synthetic,2026-06-30,synthetic_listed_area,Multistorey Apartment,synthetic,synthetic://generator-v2
demo-00107,Porur,2337.0,4,3,4,0,Semi-Furnished,15491664.0,synthetic,2026-06-30,synthetic_listed_area,Multistorey Apartment,synthetic,synthetic://generator-v2
demo-00108,Koyambedu,1449.0,3,2,31,0,Furnished,17706337.0,synthetic,2026-06-30,synthetic_listed_area,Multistorey Apartment,synthetic,synthetic://generator-v2
demo-00109,Porur,511.0,1,1,3,0,Semi-Furnished,3837688.0,synthetic,2026-06-30,synthetic_listed_area,Multistorey Apartment,synthetic,synthetic://generator-v2
demo-00110,Karapakkam,466.0,1,2,4,1,Semi-Furnished,4616239.0,synthetic,2026-06-30,synthetic_listed_area,Multistorey Apartment,synthetic,synthetic://generator-v2
demo-00111,Teynampet,2275.0,5,6,34,0,Unfurnished,43760626.0,synthetic,2026-06-30,synthetic_listed_area,Multistorey Apartment,synthetic,synthetic://generator-v2
demo-00112,Kundrathur,1899.0,5,5,18,2,Unfurnished,10088345.0,synthetic,2026-06-30,synthetic_listed_area,Multistorey Apartment,synthetic,synthetic://generator-v2
demo-00113,Kovur,1497.0,4,3,16,0,Semi-Furnished,10938200.0,synthetic,2026-06-30,synthetic_listed_area,Multistorey Apartment,synthetic,synthetic://generator-v2
demo-00114,Koyambedu,408.0,1,2,24,1,Semi-Furnished,4271664.0,synthetic,2026-06-30,synthetic_listed_area,Multistorey Apartment,synthetic,synthetic://generator-v2
demo-00115,Kundrathur,2796.0,5,6,22,1,Furnished,13700081.0,synthetic,2026-06-30,synthetic_listed_area,Multistorey Apartment,synthetic,synthetic://generator-v2
demo-00116,Adyar,1546.0,4,5,22,0,Furnished,28064970.0,synthetic,2026-06-30,synthetic_listed_area,Multistorey Apartment,synthetic,synthetic://generator-v2
demo-00117,Chromepet,1220.0,3,4,0,2,Furnished,9147670.0,synthetic,2026-06-30,synthetic_listed_area,Multistorey Apartment,synthetic,synthetic://generator-v2
demo-00118,Karapakkam,487.0,1,1,19,0,Semi-Furnished,3105354.0,synthetic,2026-06-30,synthetic_listed_area,Multistorey Apartment,synthetic,synthetic://generator-v2
demo-00119,Anna Nagar,2019.0,5,6,10,2,Unfurnished,41274107.0,synthetic,2026-06-30,synthetic_listed_area,Multistorey Apartment,synthetic,synthetic://generator-v2
demo-00120,Kovur,1172.0,3,3,29,2,Furnished,7970269.0,synthetic,2026-06-30,synthetic_listed_area,Multistorey Apartment,synthetic,synthetic://generator-v2
demo-00121,Porur,491.0,1,1,18,1,Furnished,4093822.0,synthetic,2026-06-30,synthetic_listed_area,Multistorey Apartment,synthetic,synthetic://generator-v2
demo-00122,Porur,884.0,2,1,4,2,Semi-Furnished,7165174.0,synthetic,2026-06-30,synthetic_listed_area,Multistorey Apartment,synthetic,synthetic://generator-v2
demo-00123,Koyambedu,1520.0,3,3,31,1,Furnished,13693364.0,synthetic,2026-06-30,synthetic_listed_area,Multistorey Apartment,synthetic,synthetic://generator-v2
demo-00124,Thiruporur,578.0,1,2,10,0,Furnished,2726860.0,synthetic,2026-06-30,synthetic_listed_area,Multistorey Apartment,synthetic,synthetic://generator-v2
demo-00125,Kundrathur,775.0,2,2,9,0,Semi-Furnished,3966075.0,synthetic,2026-06-30,synthetic_listed_area,Multistorey Apartment,synthetic,synthetic://generator-v2
demo-00126,Anna Nagar,1735.0,3,4,33,2,Unfurnished,24936902.0,synthetic,2026-06-30,synthetic_listed_area,Multistorey Apartment,synthetic,synthetic://generator-v2
demo-00127,Teynampet,2878.0,5,6,27,1,Unfurnished,68078556.0,synthetic,2026-06-30,synthetic_listed_area,Multistorey Apartment,synthetic,synthetic://generator-v2
demo-00128,Kundrathur,557.0,1,1,30,2,Furnished,2932627.0,synthetic,2026-06-30,synthetic_listed_area,Multistorey Apartment,synthetic,synthetic://generator-v2
demo-00129,Navalur,1523.0,3,4,23,0,Semi-Furnished,9646728.0,synthetic,2026-06-30,synthetic_listed_area,Multistorey Apartment,synthetic,synthetic://generator-v2
demo-00130,Kundrathur,2525.0,5,6,32,2,Unfurnished,13393309.0,synthetic,2026-06-30,synthetic_listed_area,Multistorey Apartment,synthetic,synthetic://generator-v2
demo-00131,Kundrathur,2549.0,5,5,4,2,Unfurnished,12595700.0,synthetic,2026-06-30,synthetic_listed_area,Multistorey Apartment,synthetic,synthetic://generator-v2
demo-00132,Anna Nagar,2613.0,5,5,21,0,Furnished,52198471.0,synthetic,2026-06-30,synthetic_listed_area,Multistorey Apartment,synthetic,synthetic://generator-v2
demo-00133,Kundrathur,354.0,1,1,10,1,Unfurnished,2571832.0,synthetic,2026-06-30,synthetic_listed_area,Multistorey Apartment,synthetic,synthetic://generator-v2
demo-00134,Teynampet,2948.0,5,6,14,2,Unfurnished,98927645.0,synthetic,2026-06-30,synthetic_listed_area,Multistorey Apartment,synthetic,synthetic://generator-v2
demo-00135,Kilpauk,2482.0,5,6,8,0,Semi-Furnished,45480236.0,synthetic,2026-06-30,synthetic_listed_area,Multistorey Apartment,synthetic,synthetic://generator-v2
demo-00136,Navalur,1091.0,2,1,7,0,Semi-Furnished,8455268.0,synthetic,2026-06-30,synthetic_listed_area,Multistorey Apartment,synthetic,synthetic://generator-v2
demo-00137,Adyar,1333.0,3,2,15,0,Furnished,27877881.0,synthetic,2026-06-30,synthetic_listed_area,Multistorey Apartment,synthetic,synthetic://generator-v2
demo-00138,Kilpauk,1059.0,3,2,33,1,Furnished,14371154.0,synthetic,2026-06-30,synthetic_listed_area,Multistorey Apartment,synthetic,synthetic://generator-v2
demo-00139,Kovur,1432.0,3,3,22,0,Semi-Furnished,7267478.0,synthetic,2026-06-30,synthetic_listed_area,Multistorey Apartment,synthetic,synthetic://generator-v2
demo-00140,Velachery,954.0,2,3,12,1,Unfurnished,11108903.0,synthetic,2026-06-30,synthetic_listed_area,Multistorey Apartment,synthetic,synthetic://generator-v2
demo-00141,Egmore,2296.0,5,5,15,2,Furnished,49929602.0,synthetic,2026-06-30,synthetic_listed_area,Multistorey Apartment,synthetic,synthetic://generator-v2
demo-00142,Karapakkam,2175.0,5,4,19,0,Semi-Furnished,18954033.0,synthetic,2026-06-30,synthetic_listed_area,Multistorey Apartment,synthetic,synthetic://generator-v2
demo-00143,Kodambakkam,825.0,2,3,8,0,Furnished,9640251.0,synthetic,2026-06-30,synthetic_listed_area,Multistorey Apartment,synthetic,synthetic://generator-v2
demo-00144,Velachery,2409.0,5,5,18,1,Semi-Furnished,21019025.0,synthetic,2026-06-30,synthetic_listed_area,Multistorey Apartment,synthetic,synthetic://generator-v2
demo-00145,Thiruporur,888.0,2,2,25,0,Unfurnished,2567893.0,synthetic,2026-06-30,synthetic_listed_area,Multistorey Apartment,synthetic,synthetic://generator-v2
demo-00146,Adyar,2370.0,4,5,8,0,Furnished,50577203.0,synthetic,2026-06-30,synthetic_listed_area,Multistorey Apartment,synthetic,synthetic://generator-v2
demo-00147,Egmore,1180.0,3,2,21,0,Unfurnished,15670542.0,synthetic,2026-06-30,synthetic_listed_area,Multistorey Apartment,synthetic,synthetic://generator-v2
demo-00148,Teynampet,1290.0,3,3,25,0,Furnished,34464887.0,synthetic,2026-06-30,synthetic_listed_area,Multistorey Apartment,synthetic,synthetic://generator-v2
demo-00149,Adyar,423.0,1,1,18,2,Furnished,6914960.0,synthetic,2026-06-30,synthetic_listed_area,Multistorey Apartment,synthetic,synthetic://generator-v2
demo-00150,Thiruporur,1943.0,4,4,10,0,Unfurnished,6569120.0,synthetic,2026-06-30,synthetic_listed_area,Multistorey Apartment,synthetic,synthetic://generator-v2
demo-00151,Karapakkam,950.0,2,2,19,1,Furnished,9040866.0,synthetic,2026-06-30,synthetic_listed_area,Multistorey Apartment,synthetic,synthetic://generator-v2
demo-00152,Thoraipakkam,1022.0,2,2,28,2,Unfurnished,8997031.0,synthetic,2026-06-30,synthetic_listed_area,Multistorey Apartment,synthetic,synthetic://generator-v2
demo-00153,Karapakkam,588.0,1,2,7,1,Semi-Furnished,6353453.0,synthetic,2026-06-30,synthetic_listed_area,Multistorey Apartment,synthetic,synthetic://generator-v2
demo-00154,Kovur,2107.0,5,4,20,1,Semi-Furnished,11458949.0,synthetic,2026-06-30,synthetic_listed_area,Multistorey Apartment,synthetic,synthetic://generator-v2
demo-00155,Porur,523.0,1,2,24,1,Semi-Furnished,3341989.0,synthetic,2026-06-30,synthetic_listed_area,Multistorey Apartment,synthetic,synthetic://generator-v2
demo-00156,Chromepet,1425.0,4,5,11,2,Semi-Furnished,6580274.0,synthetic,2026-06-30,synthetic_listed_area,Multistorey Apartment,synthetic,synthetic://generator-v2
demo-00157,Kundrathur,2078.0,5,5,13,0,Semi-Furnished,8377792.0,synthetic,2026-06-30,synthetic_listed_area,Multistorey Apartment,synthetic,synthetic://generator-v2
demo-00158,Koyambedu,466.0,1,1,31,0,Semi-Furnished,6401884.0,synthetic,2026-06-30,synthetic_listed_area,Multistorey Apartment,synthetic,synthetic://generator-v2
demo-00159,Teynampet,1073.0,3,2,13,2,Furnished,40826731.0,synthetic,2026-06-30,synthetic_listed_area,Multistorey Apartment,synthetic,synthetic://generator-v2
demo-00160,Velachery,1513.0,3,3,21,0,Unfurnished,13525424.0,synthetic,2026-06-30,synthetic_listed_area,Multistorey Apartment,synthetic,synthetic://generator-v2
demo-00161,Porur,1039.0,2,3,5,0,Furnished,7647293.0,synthetic,2026-06-30,synthetic_listed_area,Multistorey Apartment,synthetic,synthetic://generator-v2
demo-00162,Kodambakkam,2147.0,4,4,33,0,Unfurnished,22373252.0,synthetic,2026-06-30,synthetic_listed_area,Multistorey Apartment,synthetic,synthetic://generator-v2
demo-00163,Kodambakkam,1437.0,3,4,21,0,Unfurnished,18967277.0,synthetic,2026-06-30,synthetic_listed_area,Multistorey Apartment,synthetic,synthetic://generator-v2
demo-00164,Kovur,1503.0,3,2,27,0,Furnished,8731063.0,synthetic,2026-06-30,synthetic_listed_area,Multistorey Apartment,synthetic,synthetic://generator-v2
demo-00165,Teynampet,1347.0,3,3,21,1,Unfurnished,35261196.0,synthetic,2026-06-30,synthetic_listed_area,Multistorey Apartment,synthetic,synthetic://generator-v2
demo-00166,Kilpauk,1802.0,5,6,12,1,Furnished,28635287.0,synthetic,2026-06-30,synthetic_listed_area,Multistorey Apartment,synthetic,synthetic://generator-v2
demo-00167,Chromepet,1500.0,4,4,12,0,Unfurnished,8197403.0,synthetic,2026-06-30,synthetic_listed_area,Multistorey Apartment,synthetic,synthetic://generator-v2
demo-00168,Kilpauk,1027.0,2,3,25,2,Unfurnished,13364979.0,synthetic,2026-06-30,synthetic_listed_area,Multistorey Apartment,synthetic,synthetic://generator-v2
demo-00169,Adyar,2994.0,5,4,30,0,Furnished,50324522.0,synthetic,2026-06-30,synthetic_listed_area,Multistorey Apartment,synthetic,synthetic://generator-v2
demo-00170,Anna Nagar,1770.0,5,6,4,2,Unfurnished,25574974.0,synthetic,2026-06-30,synthetic_listed_area,Multistorey Apartment,synthetic,synthetic://generator-v2
demo-00171,Anna Nagar,2447.0,5,6,30,2,Furnished,37683329.0,synthetic,2026-06-30,synthetic_listed_area,Multistorey Apartment,synthetic,synthetic://generator-v2
demo-00172,Teynampet,2151.0,4,4,29,1,Semi-Furnished,49781249.0,synthetic,2026-06-30,synthetic_listed_area,Multistorey Apartment,synthetic,synthetic://generator-v2
demo-00173,Ramapuram,1113.0,2,2,3,1,Furnished,13863945.0,synthetic,2026-06-30,synthetic_listed_area,Multistorey Apartment,synthetic,synthetic://generator-v2
demo-00174,Porur,1945.0,4,5,3,0,Furnished,19343721.0,synthetic,2026-06-30,synthetic_listed_area,Multistorey Apartment,synthetic,synthetic://generator-v2
demo-00175,Kovur,1010.0,2,2,25,0,Unfurnished,5861350.0,synthetic,2026-06-30,synthetic_listed_area,Multistorey Apartment,synthetic,synthetic://generator-v2
demo-00176,Ramapuram,1048.0,2,1,30,2,Unfurnished,11486046.0,synthetic,2026-06-30,synthetic_listed_area,Multistorey Apartment,synthetic,synthetic://generator-v2
demo-00177,Chromepet,1694.0,3,4,14,1,Semi-Furnished,8128906.0,synthetic,2026-06-30,synthetic_listed_area,Multistorey Apartment,synthetic,synthetic://generator-v2
demo-00178,Thoraipakkam,1903.0,5,4,23,0,Furnished,17458236.0,synthetic,2026-06-30,synthetic_listed_area,Multistorey Apartment,synthetic,synthetic://generator-v2
demo-00179,Koyambedu,1745.0,3,3,35,2,Unfurnished,18722969.0,synthetic,2026-06-30,synthetic_listed_area,Multistorey Apartment,synthetic,synthetic://generator-v2
demo-00180,Thoraipakkam,713.0,2,1,11,2,Unfurnished,9480966.0,synthetic,2026-06-30,synthetic_listed_area,Multistorey Apartment,synthetic,synthetic://generator-v2
demo-00181,Chromepet,1677.0,3,4,8,0,Semi-Furnished,8064814.0,synthetic,2026-06-30,synthetic_listed_area,Multistorey Apartment,synthetic,synthetic://generator-v2
demo-00182,Koyambedu,738.0,2,3,35,0,Unfurnished,7516332.0,synthetic,2026-06-30,synthetic_listed_area,Multistorey Apartment,synthetic,synthetic://generator-v2
demo-00183,Porur,1595.0,4,4,10,0,Unfurnished,14359820.0,synthetic,2026-06-30,synthetic_listed_area,Multistorey Apartment,synthetic,synthetic://generator-v2
demo-00184,Koyambedu,702.0,2,2,17,0,Unfurnished,7415130.0,synthetic,2026-06-30,synthetic_listed_area,Multistorey Apartment,synthetic,synthetic://generator-v2
demo-00185,Kovur,1384.0,3,3,15,1,Furnished,9259068.0,synthetic,2026-06-30,synthetic_listed_area,Multistorey Apartment,synthetic,synthetic://generator-v2
demo-00186,Chromepet,867.0,2,2,18,0,Furnished,5423318.0,synthetic,2026-06-30,synthetic_listed_area,Multistorey Apartment,synthetic,synthetic://generator-v2
demo-00187,Kodambakkam,783.0,2,3,9,1,Unfurnished,10464165.0,synthetic,2026-06-30,synthetic_listed_area,Multistorey Apartment,synthetic,synthetic://generator-v2
demo-00188,Karapakkam,2314.0,5,4,24,0,Semi-Furnished,23964892.0,synthetic,2026-06-30,synthetic_listed_area,Multistorey Apartment,synthetic,synthetic://generator-v2
demo-00189,Kilpauk,901.0,2,3,24,2,Semi-Furnished,13741940.0,synthetic,2026-06-30,synthetic_listed_area,Multistorey Apartment,synthetic,synthetic://generator-v2
demo-00190,Porur,542.0,1,1,7,2,Semi-Furnished,5208604.0,synthetic,2026-06-30,synthetic_listed_area,Multistorey Apartment,synthetic,synthetic://generator-v2
demo-00191,Navalur,1147.0,2,3,17,1,Furnished,8432009.0,synthetic,2026-06-30,synthetic_listed_area,Multistorey Apartment,synthetic,synthetic://generator-v2
demo-00192,Navalur,1539.0,3,3,2,1,Semi-Furnished,11548445.0,synthetic,2026-06-30,synthetic_listed_area,Multistorey Apartment,synthetic,synthetic://generator-v2
demo-00193,Kodambakkam,381.0,1,2,7,0,Furnished,5105371.0,synthetic,2026-06-30,synthetic_listed_area,Multistorey Apartment,synthetic,synthetic://generator-v2
demo-00194,Velachery,848.0,2,2,35,0,Unfurnished,5840780.0,synthetic,2026-06-30,synthetic_listed_area,Multistorey Apartment,synthetic,synthetic://generator-v2
demo-00195,Anna Nagar,578.0,1,1,18,1,Unfurnished,8991730.0,synthetic,2026-06-30,synthetic_listed_area,Multistorey Apartment,synthetic,synthetic://generator-v2
demo-00196,Kilpauk,1117.0,3,2,22,0,Semi-Furnished,14952571.0,synthetic,2026-06-30,synthetic_listed_area,Multistorey Apartment,synthetic,synthetic://generator-v2
demo-00197,Chromepet,1807.0,4,3,31,1,Furnished,9222383.0,synthetic,2026-06-30,synthetic_listed_area,Multistorey Apartment,synthetic,synthetic://generator-v2
demo-00198,Kilpauk,2928.0,5,4,25,1,Semi-Furnished,43839975.0,synthetic,2026-06-30,synthetic_listed_area,Multistorey Apartment,synthetic,synthetic://generator-v2
demo-00199,Velachery,1175.0,2,2,28,0,Semi-Furnished,8732113.0,synthetic,2026-06-30,synthetic_listed_area,Multistorey Apartment,synthetic,synthetic://generator-v2
demo-00200,Kodambakkam,2264.0,5,6,25,1,Unfurnished,29191905.0,synthetic,2026-06-30,synthetic_listed_area,Multistorey Apartment,synthetic,synthetic://generator-v2
demo-00201,Thoraipakkam,1034.0,2,3,17,1,Semi-Furnished,9716039.0,synthetic,2026-06-30,synthetic_listed_area,Multistorey Apartment,synthetic,synthetic://generator-v2
demo-00202,Koyambedu,1857.0,4,5,22,2,Furnished,26843986.0,synthetic,2026-06-30,synthetic_listed_area,Multistorey Apartment,synthetic,synthetic://generator-v2
demo-00203,Porur,1615.0,3,3,10,0,Semi-Furnished,11722028.0,synthetic,2026-06-30,synthetic_listed_area,Multistorey Apartment,synthetic,synthetic://generator-v2
demo-00204,Kovur,1432.0,4,4,32,1,Unfurnished,8939815.0,synthetic,2026-06-30,synthetic_listed_area,Multistorey Apartment,synthetic,synthetic://generator-v2
demo-00205,Karapakkam,1544.0,4,5,6,2,Furnished,16261197.0,synthetic,2026-06-30,synthetic_listed_area,Multistorey Apartment,synthetic,synthetic://generator-v2
demo-00206,Ramapuram,1511.0,3,2,31,0,Furnished,16463630.0,synthetic,2026-06-30,synthetic_listed_area,Multistorey Apartment,synthetic,synthetic://generator-v2
demo-00207,Velachery,816.0,2,3,31,2,Semi-Furnished,7245456.0,synthetic,2026-06-30,synthetic_listed_area,Multistorey Apartment,synthetic,synthetic://generator-v2
demo-00208,Karapakkam,1550.0,3,4,5,2,Semi-Furnished,12491837.0,synthetic,2026-06-30,synthetic_listed_area,Multistorey Apartment,synthetic,synthetic://generator-v2
demo-00209,Teynampet,2189.0,5,6,25,1,Semi-Furnished,63155427.0,synthetic,2026-06-30,synthetic_listed_area,Multistorey Apartment,synthetic,synthetic://generator-v2
demo-00210,Karapakkam,2858.0,5,4,35,2,Furnished,23731077.0,synthetic,2026-06-30,synthetic_listed_area,Multistorey Apartment,synthetic,synthetic://generator-v2
demo-00211,Ramapuram,2774.0,5,6,20,2,Semi-Furnished,32871375.0,synthetic,2026-06-30,synthetic_listed_area,Multistorey Apartment,synthetic,synthetic://generator-v2
demo-00212,Teynampet,473.0,1,1,12,0,Unfurnished,13736863.0,synthetic,2026-06-30,synthetic_listed_area,Multistorey Apartment,synthetic,synthetic://generator-v2
demo-00213,Kovur,1630.0,3,3,31,2,Unfurnished,8691504.0,synthetic,2026-06-30,synthetic_listed_area,Multistorey Apartment,synthetic,synthetic://generator-v2
demo-00214,Ramapuram,418.0,1,1,18,0,Furnished,4020787.0,synthetic,2026-06-30,synthetic_listed_area,Multistorey Apartment,synthetic,synthetic://generator-v2
demo-00215,Karapakkam,1894.0,4,4,4,0,Furnished,20758365.0,synthetic,2026-06-30,synthetic_listed_area,Multistorey Apartment,synthetic,synthetic://generator-v2
demo-00216,Anna Nagar,1997.0,5,5,8,0,Furnished,31370058.0,synthetic,2026-06-30,synthetic_listed_area,Multistorey Apartment,synthetic,synthetic://generator-v2
demo-00217,Anna Nagar,565.0,1,2,24,1,Unfurnished,8939114.0,synthetic,2026-06-30,synthetic_listed_area,Multistorey Apartment,synthetic,synthetic://generator-v2
demo-00218,Kovur,2223.0,4,4,16,2,Unfurnished,14224788.0,synthetic,2026-06-30,synthetic_listed_area,Multistorey Apartment,synthetic,synthetic://generator-v2
demo-00219,Thoraipakkam,2878.0,5,4,7,1,Semi-Furnished,35257066.0,synthetic,2026-06-30,synthetic_listed_area,Multistorey Apartment,synthetic,synthetic://generator-v2
demo-00220,Chromepet,2847.0,5,6,28,1,Unfurnished,16112468.0,synthetic,2026-06-30,synthetic_listed_area,Multistorey Apartment,synthetic,synthetic://generator-v2
demo-00221,Kovur,1180.0,2,1,4,0,Semi-Furnished,8630011.0,synthetic,2026-06-30,synthetic_listed_area,Multistorey Apartment,synthetic,synthetic://generator-v2
demo-00222,Porur,407.0,1,2,7,1,Semi-Furnished,3079069.0,synthetic,2026-06-30,synthetic_listed_area,Multistorey Apartment,synthetic,synthetic://generator-v2
demo-00223,Egmore,2915.0,5,6,16,1,Unfurnished,51820395.0,synthetic,2026-06-30,synthetic_listed_area,Multistorey Apartment,synthetic,synthetic://generator-v2
demo-00224,Ramapuram,2464.0,5,4,1,1,Unfurnished,33667457.0,synthetic,2026-06-30,synthetic_listed_area,Multistorey Apartment,synthetic,synthetic://generator-v2
demo-00225,Kilpauk,1367.0,3,4,13,0,Semi-Furnished,20347772.0,synthetic,2026-06-30,synthetic_listed_area,Multistorey Apartment,synthetic,synthetic://generator-v2
demo-00226,Teynampet,2450.0,5,6,32,0,Furnished,64338069.0,synthetic,2026-06-30,synthetic_listed_area,Multistorey Apartment,synthetic,synthetic://generator-v2
demo-00227,Kundrathur,436.0,1,1,33,2,Semi-Furnished,2117122.0,synthetic,2026-06-30,synthetic_listed_area,Multistorey Apartment,synthetic,synthetic://generator-v2
demo-00228,Kundrathur,1689.0,4,5,31,1,Unfurnished,8048444.0,synthetic,2026-06-30,synthetic_listed_area,Multistorey Apartment,synthetic,synthetic://generator-v2
demo-00229,Egmore,410.0,1,1,11,1,Unfurnished,9162725.0,synthetic,2026-06-30,synthetic_listed_area,Multistorey Apartment,synthetic,synthetic://generator-v2
demo-00230,Kovur,1853.0,5,5,2,0,Semi-Furnished,15476541.0,synthetic,2026-06-30,synthetic_listed_area,Multistorey Apartment,synthetic,synthetic://generator-v2
demo-00231,Thiruporur,1897.0,4,4,29,2,Unfurnished,7079579.0,synthetic,2026-06-30,synthetic_listed_area,Multistorey Apartment,synthetic,synthetic://generator-v2
demo-00232,Adyar,2860.0,5,5,13,1,Furnished,54568191.0,synthetic,2026-06-30,synthetic_listed_area,Multistorey Apartment,synthetic,synthetic://generator-v2
demo-00233,Ramapuram,1523.0,3,4,26,1,Furnished,14499493.0,synthetic,2026-06-30,synthetic_listed_area,Multistorey Apartment,synthetic,synthetic://generator-v2
demo-00234,Koyambedu,480.0,1,2,4,2,Unfurnished,6233522.0,synthetic,2026-06-30,synthetic_listed_area,Multistorey Apartment,synthetic,synthetic://generator-v2
demo-00235,Ramapuram,457.0,1,1,24,0,Furnished,4942269.0,synthetic,2026-06-30,synthetic_listed_area,Multistorey Apartment,synthetic,synthetic://generator-v2
demo-00236,Porur,932.0,2,2,21,1,Unfurnished,7310766.0,synthetic,2026-06-30,synthetic_listed_area,Multistorey Apartment,synthetic,synthetic://generator-v2
demo-00237,Kovur,1609.0,4,4,33,2,Semi-Furnished,10573027.0,synthetic,2026-06-30,synthetic_listed_area,Multistorey Apartment,synthetic,synthetic://generator-v2
demo-00238,Kilpauk,556.0,1,1,3,1,Furnished,8159723.0,synthetic,2026-06-30,synthetic_listed_area,Multistorey Apartment,synthetic,synthetic://generator-v2
demo-00239,Navalur,1998.0,5,5,14,0,Unfurnished,16507927.0,synthetic,2026-06-30,synthetic_listed_area,Multistorey Apartment,synthetic,synthetic://generator-v2
demo-00240,Chromepet,1058.0,2,1,35,0,Unfurnished,5239037.0,synthetic,2026-06-30,synthetic_listed_area,Multistorey Apartment,synthetic,synthetic://generator-v2
demo-00241,Kundrathur,1620.0,3,4,14,0,Unfurnished,7390984.0,synthetic,2026-06-30,synthetic_listed_area,Multistorey Apartment,synthetic,synthetic://generator-v2
demo-00242,Anna Nagar,987.0,2,3,23,1,Furnished,17589022.0,synthetic,2026-06-30,synthetic_listed_area,Multistorey Apartment,synthetic,synthetic://generator-v2
demo-00243,Porur,1697.0,3,4,5,1,Unfurnished,16123519.0,synthetic,2026-06-30,synthetic_listed_area,Multistorey Apartment,synthetic,synthetic://generator-v2
demo-00244,Navalur,1268.0,3,4,26,0,Semi-Furnished,9001707.0,synthetic,2026-06-30,synthetic_listed_area,Multistorey Apartment,synthetic,synthetic://generator-v2
demo-00245,Anna Nagar,570.0,1,1,9,2,Semi-Furnished,10151835.0,synthetic,2026-06-30,synthetic_listed_area,Multistorey Apartment,synthetic,synthetic://generator-v2
demo-00246,Ramapuram,1597.0,3,3,20,0,Furnished,18851077.0,synthetic,2026-06-30,synthetic_listed_area,Multistorey Apartment,synthetic,synthetic://generator-v2
demo-00247,Kovur,2199.0,4,4,31,1,Furnished,16211934.0,synthetic,2026-06-30,synthetic_listed_area,Multistorey Apartment,synthetic,synthetic://generator-v2
demo-00248,Teynampet,2581.0,5,5,23,2,Furnished,76771742.0,synthetic,2026-06-30,synthetic_listed_area,Multistorey Apartment,synthetic,synthetic://generator-v2
demo-00249,Adyar,1123.0,2,1,17,0,Furnished,16745921.0,synthetic,2026-06-30,synthetic_listed_area,Multistorey Apartment,synthetic,synthetic://generator-v2
demo-00250,Egmore,2991.0,5,6,6,0,Semi-Furnished,72354755.0,synthetic,2026-06-30,synthetic_listed_area,Multistorey Apartment,synthetic,synthetic://generator-v2
demo-00251,Koyambedu,2275.0,5,5,12,0,Semi-Furnished,32456880.0,synthetic,2026-06-30,synthetic_listed_area,Multistorey Apartment,synthetic,synthetic://generator-v2
demo-00252,Egmore,2767.0,5,6,30,1,Unfurnished,40496840.0,synthetic,2026-06-30,synthetic_listed_area,Multistorey Apartment,synthetic,synthetic://generator-v2
demo-00253,Kilpauk,1072.0,2,1,7,0,Furnished,15181471.0,synthetic,2026-06-30,synthetic_listed_area,Multistorey Apartment,synthetic,synthetic://generator-v2
demo-00254,Porur,2316.0,5,5,23,2,Semi-Furnished,17879558.0,synthetic,2026-06-30,synthetic_listed_area,Multistorey Apartment,synthetic,synthetic://generator-v2
demo-00255,Chromepet,1745.0,3,3,17,0,Semi-Furnished,9804865.0,synthetic,2026-06-30,synthetic_listed_area,Multistorey Apartment,synthetic,synthetic://generator-v2
demo-00256,Porur,449.0,1,2,11,2,Unfurnished,3594331.0,synthetic,2026-06-30,synthetic_listed_area,Multistorey Apartment,synthetic,synthetic://generator-v2
demo-00257,Anna Nagar,983.0,2,2,25,1,Unfurnished,15061276.0,synthetic,2026-06-30,synthetic_listed_area,Multistorey Apartment,synthetic,synthetic://generator-v2
demo-00258,Chromepet,1506.0,4,3,13,0,Semi-Furnished,8382261.0,synthetic,2026-06-30,synthetic_listed_area,Multistorey Apartment,synthetic,synthetic://generator-v2
demo-00259,Kundrathur,406.0,1,1,10,0,Semi-Furnished,1920619.0,synthetic,2026-06-30,synthetic_listed_area,Multistorey Apartment,synthetic,synthetic://generator-v2
demo-00260,Teynampet,1681.0,3,4,19,0,Semi-Furnished,45812458.0,synthetic,2026-06-30,synthetic_listed_area,Multistorey Apartment,synthetic,synthetic://generator-v2
demo-00261,Chromepet,1797.0,4,3,27,0,Unfurnished,8882439.0,synthetic,2026-06-30,synthetic_listed_area,Multistorey Apartment,synthetic,synthetic://generator-v2
demo-00262,Kilpauk,449.0,1,1,31,0,Unfurnished,5898281.0,synthetic,2026-06-30,synthetic_listed_area,Multistorey Apartment,synthetic,synthetic://generator-v2
demo-00263,Thoraipakkam,1234.0,3,2,22,1,Furnished,10362107.0,synthetic,2026-06-30,synthetic_listed_area,Multistorey Apartment,synthetic,synthetic://generator-v2
demo-00264,Velachery,946.0,2,3,23,0,Semi-Furnished,8175369.0,synthetic,2026-06-30,synthetic_listed_area,Multistorey Apartment,synthetic,synthetic://generator-v2
demo-00265,Kundrathur,1654.0,3,2,28,2,Semi-Furnished,9072828.0,synthetic,2026-06-30,synthetic_listed_area,Multistorey Apartment,synthetic,synthetic://generator-v2
demo-00266,Kovur,1148.0,2,2,9,0,Unfurnished,8240715.0,synthetic,2026-06-30,synthetic_listed_area,Multistorey Apartment,synthetic,synthetic://generator-v2
demo-00267,Kilpauk,1838.0,5,6,9,0,Semi-Furnished,25574414.0,synthetic,2026-06-30,synthetic_listed_area,Multistorey Apartment,synthetic,synthetic://generator-v2
demo-00268,Navalur,494.0,1,2,17,0,Semi-Furnished,3100589.0,synthetic,2026-06-30,synthetic_listed_area,Multistorey Apartment,synthetic,synthetic://generator-v2
demo-00269,Navalur,2334.0,5,4,22,0,Semi-Furnished,16499319.0,synthetic,2026-06-30,synthetic_listed_area,Multistorey Apartment,synthetic,synthetic://generator-v2
demo-00270,Kilpauk,2014.0,4,3,23,2,Furnished,32507081.0,synthetic,2026-06-30,synthetic_listed_area,Multistorey Apartment,synthetic,synthetic://generator-v2
demo-00271,Adyar,2309.0,5,4,5,0,Furnished,46910324.0,synthetic,2026-06-30,synthetic_listed_area,Multistorey Apartment,synthetic,synthetic://generator-v2
demo-00272,Chromepet,2248.0,5,5,28,0,Unfurnished,11064681.0,synthetic,2026-06-30,synthetic_listed_area,Multistorey Apartment,synthetic,synthetic://generator-v2
demo-00273,Velachery,468.0,1,2,13,2,Semi-Furnished,4830029.0,synthetic,2026-06-30,synthetic_listed_area,Multistorey Apartment,synthetic,synthetic://generator-v2
demo-00274,Kovur,2477.0,5,4,31,1,Furnished,18516253.0,synthetic,2026-06-30,synthetic_listed_area,Multistorey Apartment,synthetic,synthetic://generator-v2
demo-00275,Koyambedu,1426.0,3,2,26,0,Semi-Furnished,16493051.0,synthetic,2026-06-30,synthetic_listed_area,Multistorey Apartment,synthetic,synthetic://generator-v2
demo-00276,Kovur,2340.0,5,5,35,2,Unfurnished,10849687.0,synthetic,2026-06-30,synthetic_listed_area,Multistorey Apartment,synthetic,synthetic://generator-v2
demo-00277,Teynampet,2772.0,5,6,22,0,Unfurnished,70456530.0,synthetic,2026-06-30,synthetic_listed_area,Multistorey Apartment,synthetic,synthetic://generator-v2
demo-00278,Anna Nagar,1609.0,3,3,18,0,Furnished,31975100.0,synthetic,2026-06-30,synthetic_listed_area,Multistorey Apartment,synthetic,synthetic://generator-v2
demo-00279,Anna Nagar,871.0,2,2,6,1,Furnished,12430537.0,synthetic,2026-06-30,synthetic_listed_area,Multistorey Apartment,synthetic,synthetic://generator-v2
demo-00280,Karapakkam,550.0,1,2,14,2,Unfurnished,5058598.0,synthetic,2026-06-30,synthetic_listed_area,Multistorey Apartment,synthetic,synthetic://generator-v2
demo-00281,Koyambedu,563.0,1,2,30,0,Semi-Furnished,5986445.0,synthetic,2026-06-30,synthetic_listed_area,Multistorey Apartment,synthetic,synthetic://generator-v2
demo-00282,Porur,777.0,2,2,13,2,Semi-Furnished,6100316.0,synthetic,2026-06-30,synthetic_listed_area,Multistorey Apartment,synthetic,synthetic://generator-v2
demo-00283,Koyambedu,2478.0,5,5,1,0,Unfurnished,33251556.0,synthetic,2026-06-30,synthetic_listed_area,Multistorey Apartment,synthetic,synthetic://generator-v2
demo-00284,Kovur,1264.0,3,3,8,2,Semi-Furnished,10410055.0,synthetic,2026-06-30,synthetic_listed_area,Multistorey Apartment,synthetic,synthetic://generator-v2
demo-00285,Thoraipakkam,1604.0,3,2,21,0,Furnished,16039420.0,synthetic,2026-06-30,synthetic_listed_area,Multistorey Apartment,synthetic,synthetic://generator-v2
demo-00286,Chromepet,819.0,2,2,22,1,Unfurnished,5401467.0,synthetic,2026-06-30,synthetic_listed_area,Multistorey Apartment,synthetic,synthetic://generator-v2
demo-00287,Kundrathur,1554.0,3,4,35,1,Unfurnished,6977430.0,synthetic,2026-06-30,synthetic_listed_area,Multistorey Apartment,synthetic,synthetic://generator-v2
demo-00288,Kundrathur,1655.0,4,3,33,0,Semi-Furnished,7362701.0,synthetic,2026-06-30,synthetic_listed_area,Multistorey Apartment,synthetic,synthetic://generator-v2
demo-00289,Koyambedu,2389.0,5,6,19,1,Unfurnished,25720236.0,synthetic,2026-06-30,synthetic_listed_area,Multistorey Apartment,synthetic,synthetic://generator-v2
demo-00290,Teynampet,2349.0,4,4,19,2,Furnished,51613290.0,synthetic,2026-06-30,synthetic_listed_area,Multistorey Apartment,synthetic,synthetic://generator-v2
demo-00291,Karapakkam,1781.0,4,4,28,1,Semi-Furnished,15441964.0,synthetic,2026-06-30,synthetic_listed_area,Multistorey Apartment,synthetic,synthetic://generator-v2
demo-00292,Velachery,2845.0,5,4,1,1,Unfurnished,38436419.0,synthetic,2026-06-30,synthetic_listed_area,Multistorey Apartment,synthetic,synthetic://generator-v2
demo-00293,Kilpauk,1790.0,3,4,21,2,Semi-Furnished,27915641.0,synthetic,2026-06-30,synthetic_listed_area,Multistorey Apartment,synthetic,synthetic://generator-v2
demo-00294,Kundrathur,2844.0,5,4,17,2,Furnished,17385426.0,synthetic,2026-06-30,synthetic_listed_area,Multistorey Apartment,synthetic,synthetic://generator-v2
demo-00295,Koyambedu,783.0,2,2,28,0,Semi-Furnished,8240659.0,synthetic,2026-06-30,synthetic_listed_area,Multistorey Apartment,synthetic,synthetic://generator-v2
demo-00296,Thiruporur,555.0,1,1,28,2,Semi-Furnished,2050467.0,synthetic,2026-06-30,synthetic_listed_area,Multistorey Apartment,synthetic,synthetic://generator-v2
demo-00297,Kovur,1074.0,3,4,23,2,Unfurnished,7611711.0,synthetic,2026-06-30,synthetic_listed_area,Multistorey Apartment,synthetic,synthetic://generator-v2
demo-00298,Karapakkam,448.0,1,1,23,2,Unfurnished,5003963.0,synthetic,2026-06-30,synthetic_listed_area,Multistorey Apartment,synthetic,synthetic://generator-v2
demo-00299,Adyar,568.0,1,2,24,2,Unfurnished,11353770.0,synthetic,2026-06-30,synthetic_listed_area,Multistorey Apartment,synthetic,synthetic://generator-v2
demo-00300,Kodambakkam,2611.0,5,5,20,2,Unfurnished,35659232.0,synthetic,2026-06-30,synthetic_listed_area,Multistorey Apartment,synthetic,synthetic://generator-v2
demo-00301,Thiruporur,1933.0,4,3,8,2,Unfurnished,8308349.0,synthetic,2026-06-30,synthetic_listed_area,Multistorey Apartment,synthetic,synthetic://generator-v2
demo-00302,Adyar,894.0,2,3,10,0,Semi-Furnished,16509970.0,synthetic,2026-06-30,synthetic_listed_area,Multistorey Apartment,synthetic,synthetic://generator-v2
demo-00303,Thoraipakkam,2765.0,5,6,26,2,Unfurnished,23373708.0,synthetic,2026-06-30,synthetic_listed_area,Multistorey Apartment,synthetic,synthetic://generator-v2
demo-00304,Kundrathur,527.0,1,1,22,0,Semi-Furnished,2195318.0,synthetic,2026-06-30,synthetic_listed_area,Multistorey Apartment,synthetic,synthetic://generator-v2
demo-00305,Chromepet,934.0,2,3,8,1,Furnished,5277937.0,synthetic,2026-06-30,synthetic_listed_area,Multistorey Apartment,synthetic,synthetic://generator-v2
demo-00306,Kilpauk,2292.0,4,5,31,2,Furnished,32730249.0,synthetic,2026-06-30,synthetic_listed_area,Multistorey Apartment,synthetic,synthetic://generator-v2
demo-00307,Kundrathur,815.0,2,3,35,0,Semi-Furnished,3602462.0,synthetic,2026-06-30,synthetic_listed_area,Multistorey Apartment,synthetic,synthetic://generator-v2
demo-00308,Kilpauk,1570.0,4,4,22,2,Unfurnished,18457099.0,synthetic,2026-06-30,synthetic_listed_area,Multistorey Apartment,synthetic,synthetic://generator-v2
demo-00309,Anna Nagar,2554.0,5,4,8,1,Semi-Furnished,40830890.0,synthetic,2026-06-30,synthetic_listed_area,Multistorey Apartment,synthetic,synthetic://generator-v2
demo-00310,Porur,593.0,1,1,33,0,Furnished,3831414.0,synthetic,2026-06-30,synthetic_listed_area,Multistorey Apartment,synthetic,synthetic://generator-v2
demo-00311,Porur,412.0,1,2,8,0,Semi-Furnished,2740084.0,synthetic,2026-06-30,synthetic_listed_area,Multistorey Apartment,synthetic,synthetic://generator-v2
demo-00312,Chromepet,2062.0,5,5,15,1,Furnished,12241736.0,synthetic,2026-06-30,synthetic_listed_area,Multistorey Apartment,synthetic,synthetic://generator-v2
demo-00313,Karapakkam,1155.0,3,3,30,1,Furnished,9463465.0,synthetic,2026-06-30,synthetic_listed_area,Multistorey Apartment,synthetic,synthetic://generator-v2
demo-00314,Karapakkam,1695.0,3,4,18,1,Unfurnished,13688856.0,synthetic,2026-06-30,synthetic_listed_area,Multistorey Apartment,synthetic,synthetic://generator-v2
demo-00315,Porur,1220.0,3,3,8,0,Unfurnished,10396911.0,synthetic,2026-06-30,synthetic_listed_area,Multistorey Apartment,synthetic,synthetic://generator-v2
demo-00316,Ramapuram,1427.0,3,2,2,0,Unfurnished,12716138.0,synthetic,2026-06-30,synthetic_listed_area,Multistorey Apartment,synthetic,synthetic://generator-v2
demo-00317,Ramapuram,2391.0,4,5,12,0,Unfurnished,19653051.0,synthetic,2026-06-30,synthetic_listed_area,Multistorey Apartment,synthetic,synthetic://generator-v2
demo-00318,Thoraipakkam,1059.0,3,3,24,0,Unfurnished,9662760.0,synthetic,2026-06-30,synthetic_listed_area,Multistorey Apartment,synthetic,synthetic://generator-v2
demo-00319,Teynampet,489.0,1,1,25,2,Semi-Furnished,12757439.0,synthetic,2026-06-30,synthetic_listed_area,Multistorey Apartment,synthetic,synthetic://generator-v2
demo-00320,Kilpauk,1912.0,4,4,8,0,Semi-Furnished,31283746.0,synthetic,2026-06-30,synthetic_listed_area,Multistorey Apartment,synthetic,synthetic://generator-v2
demo-00321,Anna Nagar,2207.0,4,5,5,2,Semi-Furnished,34370470.0,synthetic,2026-06-30,synthetic_listed_area,Multistorey Apartment,synthetic,synthetic://generator-v2
demo-00322,Navalur,439.0,1,2,25,0,Furnished,2787375.0,synthetic,2026-06-30,synthetic_listed_area,Multistorey Apartment,synthetic,synthetic://generator-v2
demo-00323,Thoraipakkam,905.0,2,3,5,1,Furnished,10183367.0,synthetic,2026-06-30,synthetic_listed_area,Multistorey Apartment,synthetic,synthetic://generator-v2
demo-00324,Velachery,1568.0,4,5,2,2,Furnished,16441656.0,synthetic,2026-06-30,synthetic_listed_area,Multistorey Apartment,synthetic,synthetic://generator-v2
demo-00325,Egmore,2141.0,4,3,17,1,Furnished,47637043.0,synthetic,2026-06-30,synthetic_listed_area,Multistorey Apartment,synthetic,synthetic://generator-v2
demo-00326,Karapakkam,546.0,1,2,20,0,Semi-Furnished,4548403.0,synthetic,2026-06-30,synthetic_listed_area,Multistorey Apartment,synthetic,synthetic://generator-v2
demo-00327,Adyar,384.0,1,2,8,1,Furnished,7328154.0,synthetic,2026-06-30,synthetic_listed_area,Multistorey Apartment,synthetic,synthetic://generator-v2
demo-00328,Chromepet,1345.0,3,2,7,0,Semi-Furnished,11594100.0,synthetic,2026-06-30,synthetic_listed_area,Multistorey Apartment,synthetic,synthetic://generator-v2
demo-00329,Kundrathur,1720.0,3,3,8,2,Unfurnished,9404131.0,synthetic,2026-06-30,synthetic_listed_area,Multistorey Apartment,synthetic,synthetic://generator-v2
demo-00330,Kundrathur,1753.0,5,6,12,2,Unfurnished,10275605.0,synthetic,2026-06-30,synthetic_listed_area,Multistorey Apartment,synthetic,synthetic://generator-v2
demo-00331,Kodambakkam,1274.0,3,3,0,1,Unfurnished,19255077.0,synthetic,2026-06-30,synthetic_listed_area,Multistorey Apartment,synthetic,synthetic://generator-v2
demo-00332,Kilpauk,2444.0,5,6,0,1,Furnished,46531018.0,synthetic,2026-06-30,synthetic_listed_area,Multistorey Apartment,synthetic,synthetic://generator-v2
demo-00333,Thiruporur,867.0,2,2,13,1,Unfurnished,3652951.0,synthetic,2026-06-30,synthetic_listed_area,Multistorey Apartment,synthetic,synthetic://generator-v2
demo-00334,Kovur,1254.0,3,2,0,2,Furnished,10002472.0,synthetic,2026-06-30,synthetic_listed_area,Multistorey Apartment,synthetic,synthetic://generator-v2
demo-00335,Teynampet,465.0,1,1,11,1,Furnished,13617237.0,synthetic,2026-06-30,synthetic_listed_area,Multistorey Apartment,synthetic,synthetic://generator-v2
demo-00336,Velachery,1186.0,3,4,20,2,Semi-Furnished,10403366.0,synthetic,2026-06-30,synthetic_listed_area,Multistorey Apartment,synthetic,synthetic://generator-v2
demo-00337,Kilpauk,482.0,1,2,1,1,Furnished,8644361.0,synthetic,2026-06-30,synthetic_listed_area,Multistorey Apartment,synthetic,synthetic://generator-v2
demo-00338,Egmore,1580.0,3,3,22,0,Furnished,35475673.0,synthetic,2026-06-30,synthetic_listed_area,Multistorey Apartment,synthetic,synthetic://generator-v2
demo-00339,Velachery,988.0,2,2,22,2,Furnished,11164492.0,synthetic,2026-06-30,synthetic_listed_area,Multistorey Apartment,synthetic,synthetic://generator-v2
demo-00340,Navalur,373.0,1,1,20,1,Semi-Furnished,2826442.0,synthetic,2026-06-30,synthetic_listed_area,Multistorey Apartment,synthetic,synthetic://generator-v2
demo-00341,Karapakkam,561.0,1,2,22,2,Unfurnished,5431882.0,synthetic,2026-06-30,synthetic_listed_area,Multistorey Apartment,synthetic,synthetic://generator-v2
demo-00342,Navalur,1181.0,3,4,29,1,Unfurnished,7036106.0,synthetic,2026-06-30,synthetic_listed_area,Multistorey Apartment,synthetic,synthetic://generator-v2
demo-00343,Koyambedu,2706.0,5,6,2,1,Furnished,36744992.0,synthetic,2026-06-30,synthetic_listed_area,Multistorey Apartment,synthetic,synthetic://generator-v2
demo-00344,Thoraipakkam,440.0,1,2,6,1,Furnished,5566503.0,synthetic,2026-06-30,synthetic_listed_area,Multistorey Apartment,synthetic,synthetic://generator-v2
demo-00345,Karapakkam,1637.0,3,4,11,1,Semi-Furnished,18713762.0,synthetic,2026-06-30,synthetic_listed_area,Multistorey Apartment,synthetic,synthetic://generator-v2
demo-00346,Velachery,803.0,2,2,24,2,Unfurnished,6513058.0,synthetic,2026-06-30,synthetic_listed_area,Multistorey Apartment,synthetic,synthetic://generator-v2
demo-00347,Thoraipakkam,1983.0,5,4,31,1,Furnished,17483743.0,synthetic,2026-06-30,synthetic_listed_area,Multistorey Apartment,synthetic,synthetic://generator-v2
demo-00348,Egmore,1423.0,3,3,33,2,Unfurnished,29460328.0,synthetic,2026-06-30,synthetic_listed_area,Multistorey Apartment,synthetic,synthetic://generator-v2
demo-00349,Chromepet,1791.0,5,6,20,1,Semi-Furnished,10533768.0,synthetic,2026-06-30,synthetic_listed_area,Multistorey Apartment,synthetic,synthetic://generator-v2
demo-00350,Kundrathur,813.0,2,2,14,0,Semi-Furnished,5480282.0,synthetic,2026-06-30,synthetic_listed_area,Multistorey Apartment,synthetic,synthetic://generator-v2
demo-00351,Adyar,531.0,1,1,14,2,Unfurnished,9637374.0,synthetic,2026-06-30,synthetic_listed_area,Multistorey Apartment,synthetic,synthetic://generator-v2
demo-00352,Kilpauk,1678.0,3,4,2,1,Unfurnished,27854846.0,synthetic,2026-06-30,synthetic_listed_area,Multistorey Apartment,synthetic,synthetic://generator-v2
demo-00353,Kovur,1481.0,4,5,16,2,Unfurnished,9321264.0,synthetic,2026-06-30,synthetic_listed_area,Multistorey Apartment,synthetic,synthetic://generator-v2
demo-00354,Velachery,2853.0,5,5,18,1,Furnished,31447691.0,synthetic,2026-06-30,synthetic_listed_area,Multistorey Apartment,synthetic,synthetic://generator-v2
demo-00355,Velachery,2747.0,5,5,7,1,Furnished,34516684.0,synthetic,2026-06-30,synthetic_listed_area,Multistorey Apartment,synthetic,synthetic://generator-v2
demo-00356,Chromepet,2837.0,5,4,27,2,Semi-Furnished,13964171.0,synthetic,2026-06-30,synthetic_listed_area,Multistorey Apartment,synthetic,synthetic://generator-v2
demo-00357,Thoraipakkam,2098.0,4,5,29,1,Semi-Furnished,18424716.0,synthetic,2026-06-30,synthetic_listed_area,Multistorey Apartment,synthetic,synthetic://generator-v2
demo-00358,Anna Nagar,1037.0,2,1,10,2,Semi-Furnished,18838871.0,synthetic,2026-06-30,synthetic_listed_area,Multistorey Apartment,synthetic,synthetic://generator-v2
demo-00359,Ramapuram,1444.0,3,3,32,1,Semi-Furnished,13711714.0,synthetic,2026-06-30,synthetic_listed_area,Multistorey Apartment,synthetic,synthetic://generator-v2
demo-00360,Thiruporur,513.0,1,1,3,0,Semi-Furnished,2108546.0,synthetic,2026-06-30,synthetic_listed_area,Multistorey Apartment,synthetic,synthetic://generator-v2
demo-00361,Thoraipakkam,1739.0,3,2,32,0,Semi-Furnished,17532877.0,synthetic,2026-06-30,synthetic_listed_area,Multistorey Apartment,synthetic,synthetic://generator-v2
demo-00362,Egmore,750.0,2,2,27,2,Semi-Furnished,14432249.0,synthetic,2026-06-30,synthetic_listed_area,Multistorey Apartment,synthetic,synthetic://generator-v2
demo-00363,Thoraipakkam,429.0,1,2,8,1,Semi-Furnished,4309299.0,synthetic,2026-06-30,synthetic_listed_area,Multistorey Apartment,synthetic,synthetic://generator-v2
demo-00364,Anna Nagar,736.0,2,3,23,1,Semi-Furnished,10943139.0,synthetic,2026-06-30,synthetic_listed_area,Multistorey Apartment,synthetic,synthetic://generator-v2
demo-00365,Koyambedu,1759.0,3,3,11,2,Furnished,20187038.0,synthetic,2026-06-30,synthetic_listed_area,Multistorey Apartment,synthetic,synthetic://generator-v2
demo-00366,Kovur,923.0,2,1,28,1,Unfurnished,4858627.0,synthetic,2026-06-30,synthetic_listed_area,Multistorey Apartment,synthetic,synthetic://generator-v2
demo-00367,Kilpauk,2594.0,5,6,5,1,Unfurnished,41502076.0,synthetic,2026-06-30,synthetic_listed_area,Multistorey Apartment,synthetic,synthetic://generator-v2
demo-00368,Adyar,1681.0,3,2,8,2,Semi-Furnished,31887759.0,synthetic,2026-06-30,synthetic_listed_area,Multistorey Apartment,synthetic,synthetic://generator-v2
demo-00369,Teynampet,2989.0,5,6,11,0,Unfurnished,70474842.0,synthetic,2026-06-30,synthetic_listed_area,Multistorey Apartment,synthetic,synthetic://generator-v2
demo-00370,Kilpauk,1562.0,4,4,7,0,Unfurnished,21699546.0,synthetic,2026-06-30,synthetic_listed_area,Multistorey Apartment,synthetic,synthetic://generator-v2
demo-00371,Porur,550.0,1,1,11,2,Furnished,3899694.0,synthetic,2026-06-30,synthetic_listed_area,Multistorey Apartment,synthetic,synthetic://generator-v2
demo-00372,Kodambakkam,1144.0,2,2,21,0,Semi-Furnished,14662331.0,synthetic,2026-06-30,synthetic_listed_area,Multistorey Apartment,synthetic,synthetic://generator-v2
demo-00373,Kodambakkam,1449.0,4,4,22,2,Semi-Furnished,13952707.0,synthetic,2026-06-30,synthetic_listed_area,Multistorey Apartment,synthetic,synthetic://generator-v2
demo-00374,Thoraipakkam,1616.0,3,2,19,0,Furnished,14210427.0,synthetic,2026-06-30,synthetic_listed_area,Multistorey Apartment,synthetic,synthetic://generator-v2
demo-00375,Anna Nagar,877.0,2,2,6,0,Unfurnished,10742410.0,synthetic,2026-06-30,synthetic_listed_area,Multistorey Apartment,synthetic,synthetic://generator-v2
demo-00376,Ramapuram,1536.0,3,3,7,2,Semi-Furnished,18997913.0,synthetic,2026-06-30,synthetic_listed_area,Multistorey Apartment,synthetic,synthetic://generator-v2
demo-00377,Ramapuram,2393.0,5,6,33,1,Unfurnished,17705357.0,synthetic,2026-06-30,synthetic_listed_area,Multistorey Apartment,synthetic,synthetic://generator-v2
demo-00378,Kodambakkam,830.0,2,2,9,2,Semi-Furnished,11351935.0,synthetic,2026-06-30,synthetic_listed_area,Multistorey Apartment,synthetic,synthetic://generator-v2
demo-00379,Karapakkam,384.0,1,2,3,1,Unfurnished,4618581.0,synthetic,2026-06-30,synthetic_listed_area,Multistorey Apartment,synthetic,synthetic://generator-v2
demo-00380,Adyar,758.0,2,1,16,0,Furnished,16814221.0,synthetic,2026-06-30,synthetic_listed_area,Multistorey Apartment,synthetic,synthetic://generator-v2
demo-00381,Thoraipakkam,1879.0,5,4,0,2,Unfurnished,16618206.0,synthetic,2026-06-30,synthetic_listed_area,Multistorey Apartment,synthetic,synthetic://generator-v2
demo-00382,Velachery,2038.0,4,3,12,0,Unfurnished,19929170.0,synthetic,2026-06-30,synthetic_listed_area,Multistorey Apartment,synthetic,synthetic://generator-v2
demo-00383,Karapakkam,2189.0,5,6,30,0,Unfurnished,15209811.0,synthetic,2026-06-30,synthetic_listed_area,Multistorey Apartment,synthetic,synthetic://generator-v2
demo-00384,Adyar,2021.0,5,4,9,2,Unfurnished,31665737.0,synthetic,2026-06-30,synthetic_listed_area,Multistorey Apartment,synthetic,synthetic://generator-v2
demo-00385,Chromepet,523.0,1,1,25,0,Unfurnished,2768687.0,synthetic,2026-06-30,synthetic_listed_area,Multistorey Apartment,synthetic,synthetic://generator-v2
demo-00386,Anna Nagar,1043.0,2,3,17,1,Unfurnished,18000674.0,synthetic,2026-06-30,synthetic_listed_area,Multistorey Apartment,synthetic,synthetic://generator-v2
demo-00387,Thiruporur,485.0,1,1,12,1,Furnished,2274971.0,synthetic,2026-06-30,synthetic_listed_area,Multistorey Apartment,synthetic,synthetic://generator-v2
demo-00388,Thoraipakkam,584.0,1,1,23,2,Furnished,5380087.0,synthetic,2026-06-30,synthetic_listed_area,Multistorey Apartment,synthetic,synthetic://generator-v2
demo-00389,Chromepet,2232.0,5,6,21,0,Furnished,14351442.0,synthetic,2026-06-30,synthetic_listed_area,Multistorey Apartment,synthetic,synthetic://generator-v2
demo-00390,Ramapuram,2795.0,5,6,11,0,Furnished,23755755.0,synthetic,2026-06-30,synthetic_listed_area,Multistorey Apartment,synthetic,synthetic://generator-v2
demo-00391,Egmore,369.0,1,2,8,1,Furnished,6480883.0,synthetic,2026-06-30,synthetic_listed_area,Multistorey Apartment,synthetic,synthetic://generator-v2
demo-00392,Kodambakkam,2140.0,4,4,33,1,Semi-Furnished,21743023.0,synthetic,2026-06-30,synthetic_listed_area,Multistorey Apartment,synthetic,synthetic://generator-v2
demo-00393,Navalur,1791.0,3,3,6,2,Semi-Furnished,14800221.0,synthetic,2026-06-30,synthetic_listed_area,Multistorey Apartment,synthetic,synthetic://generator-v2
demo-00394,Ramapuram,562.0,1,1,34,1,Semi-Furnished,5212469.0,synthetic,2026-06-30,synthetic_listed_area,Multistorey Apartment,synthetic,synthetic://generator-v2
demo-00395,Thiruporur,2475.0,5,5,16,0,Unfurnished,9482683.0,synthetic,2026-06-30,synthetic_listed_area,Multistorey Apartment,synthetic,synthetic://generator-v2
demo-00396,Adyar,2533.0,5,6,35,2,Semi-Furnished,38723293.0,synthetic,2026-06-30,synthetic_listed_area,Multistorey Apartment,synthetic,synthetic://generator-v2
demo-00397,Egmore,1315.0,3,2,12,1,Furnished,24839820.0,synthetic,2026-06-30,synthetic_listed_area,Multistorey Apartment,synthetic,synthetic://generator-v2
demo-00398,Karapakkam,2079.0,4,5,20,2,Unfurnished,19592879.0,synthetic,2026-06-30,synthetic_listed_area,Multistorey Apartment,synthetic,synthetic://generator-v2
demo-00399,Kilpauk,1085.0,2,1,22,2,Furnished,16716461.0,synthetic,2026-06-30,synthetic_listed_area,Multistorey Apartment,synthetic,synthetic://generator-v2
demo-00400,Velachery,2398.0,4,3,12,0,Furnished,23082890.0,synthetic,2026-06-30,synthetic_listed_area,Multistorey Apartment,synthetic,synthetic://generator-v2
demo-00401,Teynampet,1419.0,3,3,7,1,Semi-Furnished,42913672.0,synthetic,2026-06-30,synthetic_listed_area,Multistorey Apartment,synthetic,synthetic://generator-v2
demo-00402,Kilpauk,1827.0,5,4,18,1,Semi-Furnished,29978253.0,synthetic,2026-06-30,synthetic_listed_area,Multistorey Apartment,synthetic,synthetic://generator-v2
demo-00403,Velachery,499.0,1,2,23,1,Unfurnished,4116444.0,synthetic,2026-06-30,synthetic_listed_area,Multistorey Apartment,synthetic,synthetic://generator-v2
demo-00404,Koyambedu,380.0,1,1,9,0,Unfurnished,4665013.0,synthetic,2026-06-30,synthetic_listed_area,Multistorey Apartment,synthetic,synthetic://generator-v2
demo-00405,Koyambedu,2056.0,5,5,27,1,Unfurnished,26554712.0,synthetic,2026-06-30,synthetic_listed_area,Multistorey Apartment,synthetic,synthetic://generator-v2
demo-00406,Kovur,864.0,2,2,22,1,Furnished,4902539.0,synthetic,2026-06-30,synthetic_listed_area,Multistorey Apartment,synthetic,synthetic://generator-v2
demo-00407,Chromepet,1066.0,2,1,5,0,Semi-Furnished,8540526.0,synthetic,2026-06-30,synthetic_listed_area,Multistorey Apartment,synthetic,synthetic://generator-v2
demo-00408,Thoraipakkam,1584.0,4,5,33,0,Unfurnished,11397457.0,synthetic,2026-06-30,synthetic_listed_area,Multistorey Apartment,synthetic,synthetic://generator-v2
demo-00409,Adyar,391.0,1,2,1,0,Semi-Furnished,7154957.0,synthetic,2026-06-30,synthetic_listed_area,Multistorey Apartment,synthetic,synthetic://generator-v2
demo-00410,Chromepet,1084.0,3,2,23,2,Furnished,5745582.0,synthetic,2026-06-30,synthetic_listed_area,Multistorey Apartment,synthetic,synthetic://generator-v2
demo-00411,Egmore,1137.0,2,1,15,2,Unfurnished,26722933.0,synthetic,2026-06-30,synthetic_listed_area,Multistorey Apartment,synthetic,synthetic://generator-v2
demo-00412,Karapakkam,523.0,1,1,23,1,Unfurnished,4138994.0,synthetic,2026-06-30,synthetic_listed_area,Multistorey Apartment,synthetic,synthetic://generator-v2
demo-00413,Chromepet,1800.0,5,4,27,1,Furnished,9659823.0,synthetic,2026-06-30,synthetic_listed_area,Multistorey Apartment,synthetic,synthetic://generator-v2
demo-00414,Adyar,357.0,1,1,24,0,Furnished,5740427.0,synthetic,2026-06-30,synthetic_listed_area,Multistorey Apartment,synthetic,synthetic://generator-v2
demo-00415,Porur,490.0,1,2,23,0,Semi-Furnished,3460002.0,synthetic,2026-06-30,synthetic_listed_area,Multistorey Apartment,synthetic,synthetic://generator-v2
demo-00416,Velachery,1683.0,4,4,30,2,Furnished,14721409.0,synthetic,2026-06-30,synthetic_listed_area,Multistorey Apartment,synthetic,synthetic://generator-v2
demo-00417,Chromepet,2496.0,5,4,25,0,Semi-Furnished,13513810.0,synthetic,2026-06-30,synthetic_listed_area,Multistorey Apartment,synthetic,synthetic://generator-v2
demo-00418,Kilpauk,459.0,1,1,29,0,Semi-Furnished,3888014.0,synthetic,2026-06-30,synthetic_listed_area,Multistorey Apartment,synthetic,synthetic://generator-v2
demo-00419,Koyambedu,2323.0,4,4,14,2,Unfurnished,28982356.0,synthetic,2026-06-30,synthetic_listed_area,Multistorey Apartment,synthetic,synthetic://generator-v2
demo-00420,Thoraipakkam,1266.0,3,2,7,1,Furnished,14093367.0,synthetic,2026-06-30,synthetic_listed_area,Multistorey Apartment,synthetic,synthetic://generator-v2
demo-00421,Porur,2599.0,5,5,8,0,Furnished,23863055.0,synthetic,2026-06-30,synthetic_listed_area,Multistorey Apartment,synthetic,synthetic://generator-v2
demo-00422,Teynampet,364.0,1,1,22,1,Unfurnished,10876313.0,synthetic,2026-06-30,synthetic_listed_area,Multistorey Apartment,synthetic,synthetic://generator-v2
demo-00423,Kundrathur,2945.0,5,4,19,2,Furnished,15844943.0,synthetic,2026-06-30,synthetic_listed_area,Multistorey Apartment,synthetic,synthetic://generator-v2
demo-00424,Kovur,2381.0,4,4,2,1,Furnished,19943931.0,synthetic,2026-06-30,synthetic_listed_area,Multistorey Apartment,synthetic,synthetic://generator-v2
demo-00425,Egmore,2674.0,5,4,7,1,Unfurnished,42566601.0,synthetic,2026-06-30,synthetic_listed_area,Multistorey Apartment,synthetic,synthetic://generator-v2
demo-00426,Thiruporur,933.0,2,2,34,1,Unfurnished,3611137.0,synthetic,2026-06-30,synthetic_listed_area,Multistorey Apartment,synthetic,synthetic://generator-v2
demo-00427,Teynampet,2025.0,5,4,26,1,Semi-Furnished,47236110.0,synthetic,2026-06-30,synthetic_listed_area,Multistorey Apartment,synthetic,synthetic://generator-v2
demo-00428,Adyar,2213.0,4,3,27,2,Semi-Furnished,31377431.0,synthetic,2026-06-30,synthetic_listed_area,Multistorey Apartment,synthetic,synthetic://generator-v2
demo-00429,Ramapuram,534.0,1,1,7,0,Semi-Furnished,5889604.0,synthetic,2026-06-30,synthetic_listed_area,Multistorey Apartment,synthetic,synthetic://generator-v2
demo-00430,Anna Nagar,2027.0,5,4,2,0,Semi-Furnished,40014764.0,synthetic,2026-06-30,synthetic_listed_area,Multistorey Apartment,synthetic,synthetic://generator-v2
demo-00431,Ramapuram,1851.0,4,5,10,0,Furnished,21713443.0,synthetic,2026-06-30,synthetic_listed_area,Multistorey Apartment,synthetic,synthetic://generator-v2
demo-00432,Thiruporur,931.0,2,3,30,1,Semi-Furnished,4177302.0,synthetic,2026-06-30,synthetic_listed_area,Multistorey Apartment,synthetic,synthetic://generator-v2
demo-00433,Chromepet,1670.0,3,3,18,1,Unfurnished,8704032.0,synthetic,2026-06-30,synthetic_listed_area,Multistorey Apartment,synthetic,synthetic://generator-v2
demo-00434,Kovur,1042.0,2,1,28,1,Unfurnished,7061497.0,synthetic,2026-06-30,synthetic_listed_area,Multistorey Apartment,synthetic,synthetic://generator-v2
demo-00435,Chromepet,1532.0,3,3,17,2,Furnished,8802988.0,synthetic,2026-06-30,synthetic_listed_area,Multistorey Apartment,synthetic,synthetic://generator-v2
demo-00436,Kundrathur,2562.0,5,5,17,1,Furnished,14486607.0,synthetic,2026-06-30,synthetic_listed_area,Multistorey Apartment,synthetic,synthetic://generator-v2
demo-00437,Thoraipakkam,2088.0,5,5,21,0,Semi-Furnished,20509794.0,synthetic,2026-06-30,synthetic_listed_area,Multistorey Apartment,synthetic,synthetic://generator-v2
demo-00438,Anna Nagar,886.0,2,3,34,1,Unfurnished,12611206.0,synthetic,2026-06-30,synthetic_listed_area,Multistorey Apartment,synthetic,synthetic://generator-v2
demo-00439,Kodambakkam,1807.0,5,6,15,1,Unfurnished,23356079.0,synthetic,2026-06-30,synthetic_listed_area,Multistorey Apartment,synthetic,synthetic://generator-v2
demo-00440,Velachery,1640.0,3,3,21,1,Unfurnished,13396917.0,synthetic,2026-06-30,synthetic_listed_area,Multistorey Apartment,synthetic,synthetic://generator-v2
demo-00441,Kilpauk,1833.0,4,3,33,1,Unfurnished,26596903.0,synthetic,2026-06-30,synthetic_listed_area,Multistorey Apartment,synthetic,synthetic://generator-v2
demo-00442,Chromepet,1838.0,4,3,13,2,Semi-Furnished,14297595.0,synthetic,2026-06-30,synthetic_listed_area,Multistorey Apartment,synthetic,synthetic://generator-v2
demo-00443,Koyambedu,1234.0,3,4,30,0,Unfurnished,12216207.0,synthetic,2026-06-30,synthetic_listed_area,Multistorey Apartment,synthetic,synthetic://generator-v2
demo-00444,Koyambedu,1207.0,3,3,19,0,Unfurnished,10967702.0,synthetic,2026-06-30,synthetic_listed_area,Multistorey Apartment,synthetic,synthetic://generator-v2
demo-00445,Porur,1491.0,3,2,31,1,Unfurnished,10418149.0,synthetic,2026-06-30,synthetic_listed_area,Multistorey Apartment,synthetic,synthetic://generator-v2
demo-00446,Kilpauk,2041.0,5,5,16,0,Furnished,29719022.0,synthetic,2026-06-30,synthetic_listed_area,Multistorey Apartment,synthetic,synthetic://generator-v2
demo-00447,Velachery,732.0,2,3,22,0,Semi-Furnished,6471476.0,synthetic,2026-06-30,synthetic_listed_area,Multistorey Apartment,synthetic,synthetic://generator-v2
demo-00448,Koyambedu,1084.0,2,2,11,1,Unfurnished,14474059.0,synthetic,2026-06-30,synthetic_listed_area,Multistorey Apartment,synthetic,synthetic://generator-v2
demo-00449,Karapakkam,888.0,2,1,22,1,Furnished,7560578.0,synthetic,2026-06-30,synthetic_listed_area,Multistorey Apartment,synthetic,synthetic://generator-v2
demo-00450,Velachery,445.0,1,2,11,1,Semi-Furnished,4249454.0,synthetic,2026-06-30,synthetic_listed_area,Multistorey Apartment,synthetic,synthetic://generator-v2
demo-00451,Thoraipakkam,916.0,2,1,21,0,Unfurnished,8421371.0,synthetic,2026-06-30,synthetic_listed_area,Multistorey Apartment,synthetic,synthetic://generator-v2
demo-00452,Koyambedu,554.0,1,2,28,2,Furnished,7995464.0,synthetic,2026-06-30,synthetic_listed_area,Multistorey Apartment,synthetic,synthetic://generator-v2
demo-00453,Adyar,430.0,1,1,15,1,Furnished,7898631.0,synthetic,2026-06-30,synthetic_listed_area,Multistorey Apartment,synthetic,synthetic://generator-v2
demo-00454,Navalur,2158.0,4,3,15,0,Semi-Furnished,13615796.0,synthetic,2026-06-30,synthetic_listed_area,Multistorey Apartment,synthetic,synthetic://generator-v2
demo-00455,Kundrathur,585.0,1,1,11,0,Unfurnished,2652589.0,synthetic,2026-06-30,synthetic_listed_area,Multistorey Apartment,synthetic,synthetic://generator-v2
demo-00456,Chromepet,1546.0,3,4,26,0,Unfurnished,8398632.0,synthetic,2026-06-30,synthetic_listed_area,Multistorey Apartment,synthetic,synthetic://generator-v2
demo-00457,Navalur,1832.0,4,5,21,1,Semi-Furnished,11441749.0,synthetic,2026-06-30,synthetic_listed_area,Multistorey Apartment,synthetic,synthetic://generator-v2
demo-00458,Thiruporur,2148.0,4,3,18,1,Furnished,7294028.0,synthetic,2026-06-30,synthetic_listed_area,Multistorey Apartment,synthetic,synthetic://generator-v2
demo-00459,Anna Nagar,1393.0,3,3,0,1,Furnished,26621244.0,synthetic,2026-06-30,synthetic_listed_area,Multistorey Apartment,synthetic,synthetic://generator-v2
demo-00460,Ramapuram,454.0,1,2,3,1,Furnished,6079981.0,synthetic,2026-06-30,synthetic_listed_area,Multistorey Apartment,synthetic,synthetic://generator-v2
demo-00461,Chromepet,2407.0,5,6,0,2,Furnished,16164563.0,synthetic,2026-06-30,synthetic_listed_area,Multistorey Apartment,synthetic,synthetic://generator-v2
demo-00462,Ramapuram,2147.0,5,6,30,2,Semi-Furnished,22240657.0,synthetic,2026-06-30,synthetic_listed_area,Multistorey Apartment,synthetic,synthetic://generator-v2
demo-00463,Kovur,1504.0,4,3,30,1,Semi-Furnished,9215424.0,synthetic,2026-06-30,synthetic_listed_area,Multistorey Apartment,synthetic,synthetic://generator-v2
demo-00464,Adyar,454.0,1,1,2,2,Furnished,10018235.0,synthetic,2026-06-30,synthetic_listed_area,Multistorey Apartment,synthetic,synthetic://generator-v2
demo-00465,Velachery,381.0,1,2,1,2,Furnished,4609336.0,synthetic,2026-06-30,synthetic_listed_area,Multistorey Apartment,synthetic,synthetic://generator-v2
demo-00466,Chromepet,905.0,2,1,28,2,Semi-Furnished,3606454.0,synthetic,2026-06-30,synthetic_listed_area,Multistorey Apartment,synthetic,synthetic://generator-v2
demo-00467,Navalur,489.0,1,1,18,0,Unfurnished,3353581.0,synthetic,2026-06-30,synthetic_listed_area,Multistorey Apartment,synthetic,synthetic://generator-v2
demo-00468,Egmore,2913.0,5,6,11,1,Furnished,59098728.0,synthetic,2026-06-30,synthetic_listed_area,Multistorey Apartment,synthetic,synthetic://generator-v2
demo-00469,Thoraipakkam,718.0,2,3,22,1,Unfurnished,6410146.0,synthetic,2026-06-30,synthetic_listed_area,Multistorey Apartment,synthetic,synthetic://generator-v2
demo-00470,Ramapuram,1011.0,2,1,8,0,Semi-Furnished,11396669.0,synthetic,2026-06-30,synthetic_listed_area,Multistorey Apartment,synthetic,synthetic://generator-v2
demo-00471,Teynampet,2322.0,5,6,7,0,Semi-Furnished,72170450.0,synthetic,2026-06-30,synthetic_listed_area,Multistorey Apartment,synthetic,synthetic://generator-v2
demo-00472,Kovur,1775.0,5,5,13,1,Furnished,12511088.0,synthetic,2026-06-30,synthetic_listed_area,Multistorey Apartment,synthetic,synthetic://generator-v2
demo-00473,Kovur,825.0,2,2,32,1,Unfurnished,5771616.0,synthetic,2026-06-30,synthetic_listed_area,Multistorey Apartment,synthetic,synthetic://generator-v2
demo-00474,Navalur,759.0,2,2,27,2,Semi-Furnished,6205531.0,synthetic,2026-06-30,synthetic_listed_area,Multistorey Apartment,synthetic,synthetic://generator-v2
demo-00475,Teynampet,1213.0,3,4,6,2,Semi-Furnished,35152442.0,synthetic,2026-06-30,synthetic_listed_area,Multistorey Apartment,synthetic,synthetic://generator-v2
demo-00476,Thiruporur,1675.0,4,4,20,0,Unfurnished,6194646.0,synthetic,2026-06-30,synthetic_listed_area,Multistorey Apartment,synthetic,synthetic://generator-v2
demo-00477,Adyar,2252.0,5,5,31,2,Unfurnished,24386436.0,synthetic,2026-06-30,synthetic_listed_area,Multistorey Apartment,synthetic,synthetic://generator-v2
demo-00478,Porur,2411.0,5,6,34,1,Semi-Furnished,15192275.0,synthetic,2026-06-30,synthetic_listed_area,Multistorey Apartment,synthetic,synthetic://generator-v2
demo-00479,Anna Nagar,1751.0,5,5,27,1,Furnished,21389332.0,synthetic,2026-06-30,synthetic_listed_area,Multistorey Apartment,synthetic,synthetic://generator-v2
demo-00480,Karapakkam,390.0,1,2,4,2,Semi-Furnished,4043916.0,synthetic,2026-06-30,synthetic_listed_area,Multistorey Apartment,synthetic,synthetic://generator-v2
demo-00481,Thiruporur,747.0,2,1,8,1,Furnished,3400088.0,synthetic,2026-06-30,synthetic_listed_area,Multistorey Apartment,synthetic,synthetic://generator-v2
demo-00482,Karapakkam,1462.0,3,4,7,0,Furnished,15773459.0,synthetic,2026-06-30,synthetic_listed_area,Multistorey Apartment,synthetic,synthetic://generator-v2
demo-00483,Teynampet,432.0,1,2,5,0,Furnished,15336694.0,synthetic,2026-06-30,synthetic_listed_area,Multistorey Apartment,synthetic,synthetic://generator-v2
demo-00484,Kovur,974.0,2,3,6,1,Furnished,7110237.0,synthetic,2026-06-30,synthetic_listed_area,Multistorey Apartment,synthetic,synthetic://generator-v2
demo-00485,Egmore,405.0,1,1,11,0,Furnished,10148078.0,synthetic,2026-06-30,synthetic_listed_area,Multistorey Apartment,synthetic,synthetic://generator-v2
demo-00486,Kilpauk,1780.0,5,5,19,0,Furnished,27309454.0,synthetic,2026-06-30,synthetic_listed_area,Multistorey Apartment,synthetic,synthetic://generator-v2
demo-00487,Kundrathur,585.0,1,1,14,2,Unfurnished,2652950.0,synthetic,2026-06-30,synthetic_listed_area,Multistorey Apartment,synthetic,synthetic://generator-v2
demo-00488,Teynampet,377.0,1,2,15,0,Furnished,9673898.0,synthetic,2026-06-30,synthetic_listed_area,Multistorey Apartment,synthetic,synthetic://generator-v2
demo-00489,Navalur,382.0,1,2,8,0,Unfurnished,2761833.0,synthetic,2026-06-30,synthetic_listed_area,Multistorey Apartment,synthetic,synthetic://generator-v2
demo-00490,Thoraipakkam,387.0,1,1,5,1,Furnished,4707576.0,synthetic,2026-06-30,synthetic_listed_area,Multistorey Apartment,synthetic,synthetic://generator-v2
demo-00491,Thiruporur,1786.0,3,2,35,0,Semi-Furnished,5531473.0,synthetic,2026-06-30,synthetic_listed_area,Multistorey Apartment,synthetic,synthetic://generator-v2
demo-00492,Ramapuram,1009.0,2,3,21,0,Furnished,10297464.0,synthetic,2026-06-30,synthetic_listed_area,Multistorey Apartment,synthetic,synthetic://generator-v2
demo-00493,Navalur,2513.0,5,6,8,2,Semi-Furnished,19850482.0,synthetic,2026-06-30,synthetic_listed_area,Multistorey Apartment,synthetic,synthetic://generator-v2
demo-00494,Karapakkam,1193.0,2,2,29,1,Semi-Furnished,9349077.0,synthetic,2026-06-30,synthetic_listed_area,Multistorey Apartment,synthetic,synthetic://generator-v2
demo-00495,Kovur,1116.0,3,2,29,2,Semi-Furnished,7602897.0,synthetic,2026-06-30,synthetic_listed_area,Multistorey Apartment,synthetic,synthetic://generator-v2
demo-00496,Chromepet,2375.0,4,5,34,1,Semi-Furnished,13594526.0,synthetic,2026-06-30,synthetic_listed_area,Multistorey Apartment,synthetic,synthetic://generator-v2
demo-00497,Kodambakkam,1604.0,4,4,5,1,Semi-Furnished,25680892.0,synthetic,2026-06-30,synthetic_listed_area,Multistorey Apartment,synthetic,synthetic://generator-v2
demo-00498,Thoraipakkam,2023.0,4,5,23,0,Semi-Furnished,18248363.0,synthetic,2026-06-30,synthetic_listed_area,Multistorey Apartment,synthetic,synthetic://generator-v2
demo-00499,Kovur,910.0,2,3,35,1,Semi-Furnished,6142995.0,synthetic,2026-06-30,synthetic_listed_area,Multistorey Apartment,synthetic,synthetic://generator-v2
demo-00500,Anna Nagar,1338.0,3,3,29,0,Semi-Furnished,15263838.0,synthetic,2026-06-30,synthetic_listed_area,Multistorey Apartment,synthetic,synthetic://generator-v2
demo-00501,Porur,2914.0,5,4,8,2,Unfurnished,19053056.0,synthetic,2026-06-30,synthetic_listed_area,Multistorey Apartment,synthetic,synthetic://generator-v2
demo-00502,Velachery,1937.0,5,6,32,0,Semi-Furnished,13870558.0,synthetic,2026-06-30,synthetic_listed_area,Multistorey Apartment,synthetic,synthetic://generator-v2
demo-00503,Thiruporur,2397.0,4,5,15,0,Unfurnished,9431297.0,synthetic,2026-06-30,synthetic_listed_area,Multistorey Apartment,synthetic,synthetic://generator-v2
demo-00504,Karapakkam,1779.0,4,5,17,1,Unfurnished,18327867.0,synthetic,2026-06-30,synthetic_listed_area,Multistorey Apartment,synthetic,synthetic://generator-v2
demo-00505,Kovur,2561.0,5,5,20,1,Semi-Furnished,15186606.0,synthetic,2026-06-30,synthetic_listed_area,Multistorey Apartment,synthetic,synthetic://generator-v2
demo-00506,Kundrathur,2368.0,4,5,27,0,Unfurnished,10540439.0,synthetic,2026-06-30,synthetic_listed_area,Multistorey Apartment,synthetic,synthetic://generator-v2
demo-00507,Karapakkam,1822.0,5,6,4,1,Semi-Furnished,17530016.0,synthetic,2026-06-30,synthetic_listed_area,Multistorey Apartment,synthetic,synthetic://generator-v2
demo-00508,Karapakkam,581.0,1,1,19,0,Furnished,5671906.0,synthetic,2026-06-30,synthetic_listed_area,Multistorey Apartment,synthetic,synthetic://generator-v2
demo-00509,Karapakkam,984.0,2,1,29,2,Furnished,8099817.0,synthetic,2026-06-30,synthetic_listed_area,Multistorey Apartment,synthetic,synthetic://generator-v2
demo-00510,Velachery,526.0,1,1,19,1,Unfurnished,4475527.0,synthetic,2026-06-30,synthetic_listed_area,Multistorey Apartment,synthetic,synthetic://generator-v2
demo-00511,Ramapuram,387.0,1,2,9,2,Semi-Furnished,3752577.0,synthetic,2026-06-30,synthetic_listed_area,Multistorey Apartment,synthetic,synthetic://generator-v2
demo-00512,Thiruporur,1450.0,3,2,2,2,Semi-Furnished,6158652.0,synthetic,2026-06-30,synthetic_listed_area,Multistorey Apartment,synthetic,synthetic://generator-v2
demo-00513,Teynampet,1037.0,2,2,19,1,Furnished,33029885.0,synthetic,2026-06-30,synthetic_listed_area,Multistorey Apartment,synthetic,synthetic://generator-v2
demo-00514,Velachery,1392.0,3,4,25,2,Semi-Furnished,12858233.0,synthetic,2026-06-30,synthetic_listed_area,Multistorey Apartment,synthetic,synthetic://generator-v2
demo-00515,Anna Nagar,1166.0,3,3,19,0,Furnished,16023048.0,synthetic,2026-06-30,synthetic_listed_area,Multistorey Apartment,synthetic,synthetic://generator-v2
demo-00516,Thiruporur,1644.0,4,3,35,2,Furnished,7260504.0,synthetic,2026-06-30,synthetic_listed_area,Multistorey Apartment,synthetic,synthetic://generator-v2
demo-00517,Anna Nagar,2818.0,5,5,21,1,Unfurnished,37359224.0,synthetic,2026-06-30,synthetic_listed_area,Multistorey Apartment,synthetic,synthetic://generator-v2
demo-00518,Koyambedu,1793.0,5,4,18,2,Semi-Furnished,26625820.0,synthetic,2026-06-30,synthetic_listed_area,Multistorey Apartment,synthetic,synthetic://generator-v2
demo-00519,Navalur,1054.0,2,2,1,0,Semi-Furnished,10337185.0,synthetic,2026-06-30,synthetic_listed_area,Multistorey Apartment,synthetic,synthetic://generator-v2
demo-00520,Kodambakkam,1200.0,2,3,20,0,Semi-Furnished,14705125.0,synthetic,2026-06-30,synthetic_listed_area,Multistorey Apartment,synthetic,synthetic://generator-v2
demo-00521,Chromepet,1407.0,4,4,6,2,Semi-Furnished,7553011.0,synthetic,2026-06-30,synthetic_listed_area,Multistorey Apartment,synthetic,synthetic://generator-v2
demo-00522,Egmore,390.0,1,2,26,1,Unfurnished,8446270.0,synthetic,2026-06-30,synthetic_listed_area,Multistorey Apartment,synthetic,synthetic://generator-v2
demo-00523,Thiruporur,1556.0,3,2,5,0,Semi-Furnished,7071570.0,synthetic,2026-06-30,synthetic_listed_area,Multistorey Apartment,synthetic,synthetic://generator-v2
demo-00524,Kilpauk,1095.0,3,4,32,1,Furnished,14527595.0,synthetic,2026-06-30,synthetic_listed_area,Multistorey Apartment,synthetic,synthetic://generator-v2
demo-00525,Kilpauk,497.0,1,1,10,0,Unfurnished,8402525.0,synthetic,2026-06-30,synthetic_listed_area,Multistorey Apartment,synthetic,synthetic://generator-v2
demo-00526,Thoraipakkam,2084.0,4,3,15,1,Semi-Furnished,23152797.0,synthetic,2026-06-30,synthetic_listed_area,Multistorey Apartment,synthetic,synthetic://generator-v2
demo-00527,Chromepet,994.0,2,2,5,2,Furnished,8018103.0,synthetic,2026-06-30,synthetic_listed_area,Multistorey Apartment,synthetic,synthetic://generator-v2
demo-00528,Thoraipakkam,441.0,1,1,7,2,Semi-Furnished,4418108.0,synthetic,2026-06-30,synthetic_listed_area,Multistorey Apartment,synthetic,synthetic://generator-v2
demo-00529,Thoraipakkam,2097.0,4,4,33,1,Furnished,20235458.0,synthetic,2026-06-30,synthetic_listed_area,Multistorey Apartment,synthetic,synthetic://generator-v2
demo-00530,Navalur,499.0,1,1,10,1,Semi-Furnished,3341347.0,synthetic,2026-06-30,synthetic_listed_area,Multistorey Apartment,synthetic,synthetic://generator-v2
demo-00531,Chromepet,1608.0,4,3,18,2,Unfurnished,10256510.0,synthetic,2026-06-30,synthetic_listed_area,Multistorey Apartment,synthetic,synthetic://generator-v2
demo-00532,Chromepet,491.0,1,2,35,0,Furnished,2603883.0,synthetic,2026-06-30,synthetic_listed_area,Multistorey Apartment,synthetic,synthetic://generator-v2
demo-00533,Karapakkam,1711.0,3,3,22,0,Unfurnished,14830284.0,synthetic,2026-06-30,synthetic_listed_area,Multistorey Apartment,synthetic,synthetic://generator-v2
demo-00534,Kundrathur,2584.0,5,4,1,0,Unfurnished,14403291.0,synthetic,2026-06-30,synthetic_listed_area,Multistorey Apartment,synthetic,synthetic://generator-v2
demo-00535,Chromepet,936.0,2,2,12,2,Unfurnished,5526361.0,synthetic,2026-06-30,synthetic_listed_area,Multistorey Apartment,synthetic,synthetic://generator-v2
demo-00536,Kovur,1722.0,4,5,13,1,Furnished,10728577.0,synthetic,2026-06-30,synthetic_listed_area,Multistorey Apartment,synthetic,synthetic://generator-v2
demo-00537,Anna Nagar,1486.0,4,5,9,0,Furnished,26721649.0,synthetic,2026-06-30,synthetic_listed_area,Multistorey Apartment,synthetic,synthetic://generator-v2
demo-00538,Kundrathur,2056.0,5,5,8,0,Unfurnished,13498350.0,synthetic,2026-06-30,synthetic_listed_area,Multistorey Apartment,synthetic,synthetic://generator-v2
demo-00539,Adyar,353.0,1,2,18,0,Semi-Furnished,5579484.0,synthetic,2026-06-30,synthetic_listed_area,Multistorey Apartment,synthetic,synthetic://generator-v2
demo-00540,Ramapuram,2387.0,4,3,13,2,Semi-Furnished,28808556.0,synthetic,2026-06-30,synthetic_listed_area,Multistorey Apartment,synthetic,synthetic://generator-v2
demo-00541,Adyar,2028.0,5,5,10,1,Unfurnished,38282177.0,synthetic,2026-06-30,synthetic_listed_area,Multistorey Apartment,synthetic,synthetic://generator-v2
demo-00542,Egmore,2215.0,4,3,14,0,Furnished,40447446.0,synthetic,2026-06-30,synthetic_listed_area,Multistorey Apartment,synthetic,synthetic://generator-v2
demo-00543,Chromepet,392.0,1,2,12,0,Furnished,2008418.0,synthetic,2026-06-30,synthetic_listed_area,Multistorey Apartment,synthetic,synthetic://generator-v2
demo-00544,Thiruporur,2105.0,5,6,8,1,Semi-Furnished,7657810.0,synthetic,2026-06-30,synthetic_listed_area,Multistorey Apartment,synthetic,synthetic://generator-v2
demo-00545,Adyar,455.0,1,1,16,1,Semi-Furnished,7212135.0,synthetic,2026-06-30,synthetic_listed_area,Multistorey Apartment,synthetic,synthetic://generator-v2
demo-00546,Kovur,1293.0,3,2,33,2,Furnished,6044743.0,synthetic,2026-06-30,synthetic_listed_area,Multistorey Apartment,synthetic,synthetic://generator-v2
demo-00547,Navalur,1649.0,3,4,18,0,Semi-Furnished,14366503.0,synthetic,2026-06-30,synthetic_listed_area,Multistorey Apartment,synthetic,synthetic://generator-v2
demo-00548,Koyambedu,1768.0,3,3,21,0,Semi-Furnished,21629268.0,synthetic,2026-06-30,synthetic_listed_area,Multistorey Apartment,synthetic,synthetic://generator-v2
demo-00549,Porur,1706.0,3,2,35,0,Semi-Furnished,10896561.0,synthetic,2026-06-30,synthetic_listed_area,Multistorey Apartment,synthetic,synthetic://generator-v2
demo-00550,Teynampet,388.0,1,1,22,1,Semi-Furnished,7542323.0,synthetic,2026-06-30,synthetic_listed_area,Multistorey Apartment,synthetic,synthetic://generator-v2
demo-00551,Kodambakkam,1633.0,3,3,8,2,Semi-Furnished,17670712.0,synthetic,2026-06-30,synthetic_listed_area,Multistorey Apartment,synthetic,synthetic://generator-v2
demo-00552,Thiruporur,1935.0,5,4,14,1,Unfurnished,7794522.0,synthetic,2026-06-30,synthetic_listed_area,Multistorey Apartment,synthetic,synthetic://generator-v2
demo-00553,Kilpauk,1735.0,3,2,17,0,Semi-Furnished,32673750.0,synthetic,2026-06-30,synthetic_listed_area,Multistorey Apartment,synthetic,synthetic://generator-v2
demo-00554,Velachery,959.0,2,1,17,1,Semi-Furnished,8303976.0,synthetic,2026-06-30,synthetic_listed_area,Multistorey Apartment,synthetic,synthetic://generator-v2
demo-00555,Koyambedu,2170.0,5,4,5,1,Unfurnished,31450595.0,synthetic,2026-06-30,synthetic_listed_area,Multistorey Apartment,synthetic,synthetic://generator-v2
demo-00556,Ramapuram,389.0,1,2,3,0,Semi-Furnished,4246570.0,synthetic,2026-06-30,synthetic_listed_area,Multistorey Apartment,synthetic,synthetic://generator-v2
demo-00557,Thiruporur,1059.0,3,4,12,2,Semi-Furnished,4549987.0,synthetic,2026-06-30,synthetic_listed_area,Multistorey Apartment,synthetic,synthetic://generator-v2
demo-00558,Teynampet,1236.0,3,4,32,1,Semi-Furnished,34876040.0,synthetic,2026-06-30,synthetic_listed_area,Multistorey Apartment,synthetic,synthetic://generator-v2
demo-00559,Thiruporur,1736.0,3,2,25,0,Furnished,6457409.0,synthetic,2026-06-30,synthetic_listed_area,Multistorey Apartment,synthetic,synthetic://generator-v2
demo-00560,Kundrathur,2747.0,5,4,30,1,Semi-Furnished,12157416.0,synthetic,2026-06-30,synthetic_listed_area,Multistorey Apartment,synthetic,synthetic://generator-v2
demo-00561,Adyar,1777.0,3,2,6,2,Semi-Furnished,40936669.0,synthetic,2026-06-30,synthetic_listed_area,Multistorey Apartment,synthetic,synthetic://generator-v2
demo-00562,Koyambedu,1876.0,5,5,14,2,Unfurnished,23370192.0,synthetic,2026-06-30,synthetic_listed_area,Multistorey Apartment,synthetic,synthetic://generator-v2
demo-00563,Egmore,498.0,1,1,20,0,Furnished,10038220.0,synthetic,2026-06-30,synthetic_listed_area,Multistorey Apartment,synthetic,synthetic://generator-v2
demo-00564,Thoraipakkam,1657.0,4,3,15,2,Unfurnished,15263334.0,synthetic,2026-06-30,synthetic_listed_area,Multistorey Apartment,synthetic,synthetic://generator-v2
demo-00565,Karapakkam,1457.0,3,4,15,1,Semi-Furnished,16027553.0,synthetic,2026-06-30,synthetic_listed_area,Multistorey Apartment,synthetic,synthetic://generator-v2
demo-00566,Egmore,860.0,2,2,12,1,Unfurnished,15806908.0,synthetic,2026-06-30,synthetic_listed_area,Multistorey Apartment,synthetic,synthetic://generator-v2
demo-00567,Karapakkam,842.0,2,3,1,0,Furnished,9157830.0,synthetic,2026-06-30,synthetic_listed_area,Multistorey Apartment,synthetic,synthetic://generator-v2
demo-00568,Navalur,1974.0,4,3,30,2,Semi-Furnished,13885707.0,synthetic,2026-06-30,synthetic_listed_area,Multistorey Apartment,synthetic,synthetic://generator-v2
demo-00569,Kundrathur,1583.0,4,5,33,2,Unfurnished,6977939.0,synthetic,2026-06-30,synthetic_listed_area,Multistorey Apartment,synthetic,synthetic://generator-v2
demo-00570,Velachery,1869.0,4,5,2,0,Unfurnished,18851775.0,synthetic,2026-06-30,synthetic_listed_area,Multistorey Apartment,synthetic,synthetic://generator-v2
demo-00571,Kovur,513.0,1,2,14,1,Furnished,3354418.0,synthetic,2026-06-30,synthetic_listed_area,Multistorey Apartment,synthetic,synthetic://generator-v2
demo-00572,Karapakkam,1146.0,3,3,18,2,Semi-Furnished,11858925.0,synthetic,2026-06-30,synthetic_listed_area,Multistorey Apartment,synthetic,synthetic://generator-v2
demo-00573,Adyar,2913.0,5,6,28,1,Unfurnished,44635813.0,synthetic,2026-06-30,synthetic_listed_area,Multistorey Apartment,synthetic,synthetic://generator-v2
demo-00574,Adyar,476.0,1,1,35,0,Furnished,6121867.0,synthetic,2026-06-30,synthetic_listed_area,Multistorey Apartment,synthetic,synthetic://generator-v2
demo-00575,Kodambakkam,1665.0,3,3,14,2,Unfurnished,17168787.0,synthetic,2026-06-30,synthetic_listed_area,Multistorey Apartment,synthetic,synthetic://generator-v2
demo-00576,Thoraipakkam,1540.0,3,2,26,0,Semi-Furnished,11345670.0,synthetic,2026-06-30,synthetic_listed_area,Multistorey Apartment,synthetic,synthetic://generator-v2
demo-00577,Koyambedu,2638.0,5,4,33,1,Unfurnished,30439900.0,synthetic,2026-06-30,synthetic_listed_area,Multistorey Apartment,synthetic,synthetic://generator-v2
demo-00578,Thoraipakkam,1058.0,2,3,29,1,Unfurnished,8167900.0,synthetic,2026-06-30,synthetic_listed_area,Multistorey Apartment,synthetic,synthetic://generator-v2
demo-00579,Anna Nagar,1706.0,3,2,10,2,Unfurnished,27904635.0,synthetic,2026-06-30,synthetic_listed_area,Multistorey Apartment,synthetic,synthetic://generator-v2
demo-00580,Anna Nagar,2014.0,4,3,29,1,Unfurnished,27729801.0,synthetic,2026-06-30,synthetic_listed_area,Multistorey Apartment,synthetic,synthetic://generator-v2
demo-00581,Thiruporur,420.0,1,1,14,2,Furnished,1814310.0,synthetic,2026-06-30,synthetic_listed_area,Multistorey Apartment,synthetic,synthetic://generator-v2
demo-00582,Anna Nagar,1874.0,5,5,0,2,Semi-Furnished,34318963.0,synthetic,2026-06-30,synthetic_listed_area,Multistorey Apartment,synthetic,synthetic://generator-v2
demo-00583,Adyar,2508.0,5,6,27,2,Furnished,43851791.0,synthetic,2026-06-30,synthetic_listed_area,Multistorey Apartment,synthetic,synthetic://generator-v2
demo-00584,Kodambakkam,1466.0,4,3,30,2,Unfurnished,11820860.0,synthetic,2026-06-30,synthetic_listed_area,Multistorey Apartment,synthetic,synthetic://generator-v2
demo-00585,Thoraipakkam,1641.0,4,3,12,2,Furnished,17180270.0,synthetic,2026-06-30,synthetic_listed_area,Multistorey Apartment,synthetic,synthetic://generator-v2
demo-00586,Porur,1461.0,4,5,16,2,Unfurnished,11433816.0,synthetic,2026-06-30,synthetic_listed_area,Multistorey Apartment,synthetic,synthetic://generator-v2
demo-00587,Anna Nagar,1949.0,4,3,13,2,Unfurnished,37158159.0,synthetic,2026-06-30,synthetic_listed_area,Multistorey Apartment,synthetic,synthetic://generator-v2
demo-00588,Thiruporur,1950.0,5,5,4,1,Unfurnished,10492776.0,synthetic,2026-06-30,synthetic_listed_area,Multistorey Apartment,synthetic,synthetic://generator-v2
demo-00589,Thiruporur,1508.0,3,4,35,0,Furnished,4582263.0,synthetic,2026-06-30,synthetic_listed_area,Multistorey Apartment,synthetic,synthetic://generator-v2
demo-00590,Teynampet,1643.0,3,3,0,0,Furnished,48137926.0,synthetic,2026-06-30,synthetic_listed_area,Multistorey Apartment,synthetic,synthetic://generator-v2
demo-00591,Thoraipakkam,2222.0,4,3,20,2,Furnished,18715272.0,synthetic,2026-06-30,synthetic_listed_area,Multistorey Apartment,synthetic,synthetic://generator-v2
demo-00592,Karapakkam,427.0,1,2,0,0,Furnished,5385316.0,synthetic,2026-06-30,synthetic_listed_area,Multistorey Apartment,synthetic,synthetic://generator-v2
demo-00593,Velachery,2436.0,5,4,24,2,Unfurnished,24914525.0,synthetic,2026-06-30,synthetic_listed_area,Multistorey Apartment,synthetic,synthetic://generator-v2
demo-00594,Kilpauk,1963.0,4,3,32,2,Furnished,28946556.0,synthetic,2026-06-30,synthetic_listed_area,Multistorey Apartment,synthetic,synthetic://generator-v2
demo-00595,Teynampet,1873.0,4,3,23,1,Semi-Furnished,49114021.0,synthetic,2026-06-30,synthetic_listed_area,Multistorey Apartment,synthetic,synthetic://generator-v2
demo-00596,Kundrathur,1028.0,2,2,21,2,Semi-Furnished,6457491.0,synthetic,2026-06-30,synthetic_listed_area,Multistorey Apartment,synthetic,synthetic://generator-v2
demo-00597,Teynampet,805.0,2,3,29,0,Semi-Furnished,22772874.0,synthetic,2026-06-30,synthetic_listed_area,Multistorey Apartment,synthetic,synthetic://generator-v2
demo-00598,Navalur,1784.0,3,3,35,1,Semi-Furnished,13600276.0,synthetic,2026-06-30,synthetic_listed_area,Multistorey Apartment,synthetic,synthetic://generator-v2
demo-00599,Navalur,1498.0,4,3,31,2,Unfurnished,10646014.0,synthetic,2026-06-30,synthetic_listed_area,Multistorey Apartment,synthetic,synthetic://generator-v2
demo-00600,Navalur,2229.0,4,4,8,2,Unfurnished,16757395.0,synthetic,2026-06-30,synthetic_listed_area,Multistorey Apartment,synthetic,synthetic://generator-v2
demo-00601,Teynampet,1994.0,4,3,20,0,Semi-Furnished,56705982.0,synthetic,2026-06-30,synthetic_listed_area,Multistorey Apartment,synthetic,synthetic://generator-v2
demo-00602,Ramapuram,2056.0,5,5,29,2,Semi-Furnished,22954697.0,synthetic,2026-06-30,synthetic_listed_area,Multistorey Apartment,synthetic,synthetic://generator-v2
demo-00603,Chromepet,2682.0,5,4,10,1,Furnished,16879129.0,synthetic,2026-06-30,synthetic_listed_area,Multistorey Apartment,synthetic,synthetic://generator-v2
demo-00604,Thiruporur,1484.0,4,5,24,2,Semi-Furnished,5560550.0,synthetic,2026-06-30,synthetic_listed_area,Multistorey Apartment,synthetic,synthetic://generator-v2
demo-00605,Kundrathur,1087.0,2,3,0,1,Unfurnished,7336750.0,synthetic,2026-06-30,synthetic_listed_area,Multistorey Apartment,synthetic,synthetic://generator-v2
demo-00606,Kilpauk,1492.0,3,4,31,1,Semi-Furnished,24924556.0,synthetic,2026-06-30,synthetic_listed_area,Multistorey Apartment,synthetic,synthetic://generator-v2
demo-00607,Koyambedu,1133.0,3,2,22,0,Semi-Furnished,11903643.0,synthetic,2026-06-30,synthetic_listed_area,Multistorey Apartment,synthetic,synthetic://generator-v2
demo-00608,Velachery,1480.0,4,3,26,1,Furnished,13186920.0,synthetic,2026-06-30,synthetic_listed_area,Multistorey Apartment,synthetic,synthetic://generator-v2
demo-00609,Thiruporur,2689.0,5,4,29,2,Semi-Furnished,10659045.0,synthetic,2026-06-30,synthetic_listed_area,Multistorey Apartment,synthetic,synthetic://generator-v2
demo-00610,Thiruporur,846.0,2,3,7,2,Semi-Furnished,3981426.0,synthetic,2026-06-30,synthetic_listed_area,Multistorey Apartment,synthetic,synthetic://generator-v2
demo-00611,Kovur,1717.0,3,4,16,0,Furnished,10761398.0,synthetic,2026-06-30,synthetic_listed_area,Multistorey Apartment,synthetic,synthetic://generator-v2
demo-00612,Teynampet,541.0,1,1,30,0,Semi-Furnished,16585561.0,synthetic,2026-06-30,synthetic_listed_area,Multistorey Apartment,synthetic,synthetic://generator-v2
demo-00613,Kodambakkam,2098.0,4,5,5,2,Furnished,32151204.0,synthetic,2026-06-30,synthetic_listed_area,Multistorey Apartment,synthetic,synthetic://generator-v2
demo-00614,Porur,1259.0,3,3,29,1,Furnished,9512325.0,synthetic,2026-06-30,synthetic_listed_area,Multistorey Apartment,synthetic,synthetic://generator-v2
demo-00615,Navalur,1582.0,3,2,10,2,Furnished,16379508.0,synthetic,2026-06-30,synthetic_listed_area,Multistorey Apartment,synthetic,synthetic://generator-v2
demo-00616,Karapakkam,1761.0,3,2,20,0,Furnished,14947827.0,synthetic,2026-06-30,synthetic_listed_area,Multistorey Apartment,synthetic,synthetic://generator-v2
demo-00617,Karapakkam,746.0,2,1,18,1,Semi-Furnished,6616300.0,synthetic,2026-06-30,synthetic_listed_area,Multistorey Apartment,synthetic,synthetic://generator-v2
demo-00618,Anna Nagar,1295.0,3,4,24,0,Unfurnished,15138013.0,synthetic,2026-06-30,synthetic_listed_area,Multistorey Apartment,synthetic,synthetic://generator-v2
demo-00619,Chromepet,1635.0,4,3,30,2,Semi-Furnished,8815709.0,synthetic,2026-06-30,synthetic_listed_area,Multistorey Apartment,synthetic,synthetic://generator-v2
demo-00620,Kovur,897.0,2,1,12,2,Unfurnished,4978032.0,synthetic,2026-06-30,synthetic_listed_area,Multistorey Apartment,synthetic,synthetic://generator-v2
demo-00621,Koyambedu,536.0,1,2,6,0,Semi-Furnished,7652224.0,synthetic,2026-06-30,synthetic_listed_area,Multistorey Apartment,synthetic,synthetic://generator-v2
demo-00622,Chromepet,937.0,2,1,15,0,Furnished,6054644.0,synthetic,2026-06-30,synthetic_listed_area,Multistorey Apartment,synthetic,synthetic://generator-v2
demo-00623,Kovur,493.0,1,1,22,2,Semi-Furnished,3061881.0,synthetic,2026-06-30,synthetic_listed_area,Multistorey Apartment,synthetic,synthetic://generator-v2
demo-00624,Navalur,857.0,2,3,27,0,Unfurnished,5619900.0,synthetic,2026-06-30,synthetic_listed_area,Multistorey Apartment,synthetic,synthetic://generator-v2
demo-00625,Egmore,1541.0,4,5,27,2,Unfurnished,27663686.0,synthetic,2026-06-30,synthetic_listed_area,Multistorey Apartment,synthetic,synthetic://generator-v2
demo-00626,Kilpauk,417.0,1,1,12,2,Furnished,5830358.0,synthetic,2026-06-30,synthetic_listed_area,Multistorey Apartment,synthetic,synthetic://generator-v2
demo-00627,Kodambakkam,2260.0,4,5,33,0,Furnished,26695623.0,synthetic,2026-06-30,synthetic_listed_area,Multistorey Apartment,synthetic,synthetic://generator-v2
demo-00628,Koyambedu,1001.0,2,3,2,0,Semi-Furnished,14604545.0,synthetic,2026-06-30,synthetic_listed_area,Multistorey Apartment,synthetic,synthetic://generator-v2
demo-00629,Kodambakkam,2222.0,5,5,4,2,Furnished,25746664.0,synthetic,2026-06-30,synthetic_listed_area,Multistorey Apartment,synthetic,synthetic://generator-v2
demo-00630,Ramapuram,2190.0,4,5,0,0,Furnished,29418340.0,synthetic,2026-06-30,synthetic_listed_area,Multistorey Apartment,synthetic,synthetic://generator-v2
demo-00631,Kilpauk,732.0,2,1,33,1,Semi-Furnished,7813070.0,synthetic,2026-06-30,synthetic_listed_area,Multistorey Apartment,synthetic,synthetic://generator-v2
demo-00632,Kovur,1240.0,3,2,6,0,Unfurnished,8274005.0,synthetic,2026-06-30,synthetic_listed_area,Multistorey Apartment,synthetic,synthetic://generator-v2
demo-00633,Kodambakkam,408.0,1,2,21,1,Furnished,4467657.0,synthetic,2026-06-30,synthetic_listed_area,Multistorey Apartment,synthetic,synthetic://generator-v2
demo-00634,Egmore,596.0,1,1,29,1,Semi-Furnished,11591196.0,synthetic,2026-06-30,synthetic_listed_area,Multistorey Apartment,synthetic,synthetic://generator-v2
demo-00635,Porur,2633.0,5,6,27,2,Furnished,16492222.0,synthetic,2026-06-30,synthetic_listed_area,Multistorey Apartment,synthetic,synthetic://generator-v2
demo-00636,Karapakkam,2522.0,5,5,34,2,Furnished,17211705.0,synthetic,2026-06-30,synthetic_listed_area,Multistorey Apartment,synthetic,synthetic://generator-v2
demo-00637,Kilpauk,351.0,1,2,1,1,Semi-Furnished,5928479.0,synthetic,2026-06-30,synthetic_listed_area,Multistorey Apartment,synthetic,synthetic://generator-v2
demo-00638,Teynampet,792.0,2,2,14,1,Semi-Furnished,20512522.0,synthetic,2026-06-30,synthetic_listed_area,Multistorey Apartment,synthetic,synthetic://generator-v2
demo-00639,Velachery,509.0,1,1,18,1,Unfurnished,3844011.0,synthetic,2026-06-30,synthetic_listed_area,Multistorey Apartment,synthetic,synthetic://generator-v2
demo-00640,Porur,890.0,2,2,25,2,Furnished,7035811.0,synthetic,2026-06-30,synthetic_listed_area,Multistorey Apartment,synthetic,synthetic://generator-v2
demo-00641,Thoraipakkam,1162.0,2,3,22,0,Unfurnished,8296012.0,synthetic,2026-06-30,synthetic_listed_area,Multistorey Apartment,synthetic,synthetic://generator-v2
demo-00642,Thiruporur,1082.0,2,3,20,0,Semi-Furnished,3679284.0,synthetic,2026-06-30,synthetic_listed_area,Multistorey Apartment,synthetic,synthetic://generator-v2
demo-00643,Koyambedu,1386.0,3,4,11,1,Semi-Furnished,16379663.0,synthetic,2026-06-30,synthetic_listed_area,Multistorey Apartment,synthetic,synthetic://generator-v2
demo-00644,Teynampet,537.0,1,2,3,2,Unfurnished,17471003.0,synthetic,2026-06-30,synthetic_listed_area,Multistorey Apartment,synthetic,synthetic://generator-v2
demo-00645,Kilpauk,2969.0,5,6,15,2,Semi-Furnished,53841092.0,synthetic,2026-06-30,synthetic_listed_area,Multistorey Apartment,synthetic,synthetic://generator-v2
demo-00646,Kovur,1861.0,4,5,9,0,Furnished,15131372.0,synthetic,2026-06-30,synthetic_listed_area,Multistorey Apartment,synthetic,synthetic://generator-v2
demo-00647,Kundrathur,2043.0,4,4,19,0,Unfurnished,10030569.0,synthetic,2026-06-30,synthetic_listed_area,Multistorey Apartment,synthetic,synthetic://generator-v2
demo-00648,Velachery,580.0,1,1,28,1,Unfurnished,3622430.0,synthetic,2026-06-30,synthetic_listed_area,Multistorey Apartment,synthetic,synthetic://generator-v2
demo-00649,Thiruporur,1649.0,4,4,19,1,Unfurnished,6750375.0,synthetic,2026-06-30,synthetic_listed_area,Multistorey Apartment,synthetic,synthetic://generator-v2
demo-00650,Koyambedu,2858.0,5,6,20,1,Unfurnished,40354127.0,synthetic,2026-06-30,synthetic_listed_area,Multistorey Apartment,synthetic,synthetic://generator-v2
demo-00651,Porur,374.0,1,1,1,0,Unfurnished,3483662.0,synthetic,2026-06-30,synthetic_listed_area,Multistorey Apartment,synthetic,synthetic://generator-v2
demo-00652,Egmore,2048.0,4,5,23,2,Semi-Furnished,37290756.0,synthetic,2026-06-30,synthetic_listed_area,Multistorey Apartment,synthetic,synthetic://generator-v2
demo-00653,Teynampet,1091.0,2,3,15,2,Furnished,26748279.0,synthetic,2026-06-30,synthetic_listed_area,Multistorey Apartment,synthetic,synthetic://generator-v2
demo-00654,Kundrathur,2015.0,4,3,4,2,Furnished,11524473.0,synthetic,2026-06-30,synthetic_listed_area,Multistorey Apartment,synthetic,synthetic://generator-v2
demo-00655,Kundrathur,1422.0,3,4,7,1,Furnished,10768270.0,synthetic,2026-06-30,synthetic_listed_area,Multistorey Apartment,synthetic,synthetic://generator-v2
demo-00656,Teynampet,2522.0,5,6,28,0,Furnished,52872756.0,synthetic,2026-06-30,synthetic_listed_area,Multistorey Apartment,synthetic,synthetic://generator-v2
demo-00657,Navalur,388.0,1,1,33,1,Semi-Furnished,2222687.0,synthetic,2026-06-30,synthetic_listed_area,Multistorey Apartment,synthetic,synthetic://generator-v2
demo-00658,Anna Nagar,808.0,2,1,18,0,Furnished,13915018.0,synthetic,2026-06-30,synthetic_listed_area,Multistorey Apartment,synthetic,synthetic://generator-v2
demo-00659,Karapakkam,835.0,2,1,35,0,Unfurnished,6023617.0,synthetic,2026-06-30,synthetic_listed_area,Multistorey Apartment,synthetic,synthetic://generator-v2
demo-00660,Egmore,999.0,2,3,6,1,Furnished,16828430.0,synthetic,2026-06-30,synthetic_listed_area,Multistorey Apartment,synthetic,synthetic://generator-v2
demo-00661,Ramapuram,921.0,2,1,10,1,Unfurnished,12342095.0,synthetic,2026-06-30,synthetic_listed_area,Multistorey Apartment,synthetic,synthetic://generator-v2
demo-00662,Adyar,822.0,2,2,33,0,Furnished,13827687.0,synthetic,2026-06-30,synthetic_listed_area,Multistorey Apartment,synthetic,synthetic://generator-v2
demo-00663,Egmore,571.0,1,1,6,2,Unfurnished,10233822.0,synthetic,2026-06-30,synthetic_listed_area,Multistorey Apartment,synthetic,synthetic://generator-v2
demo-00664,Navalur,1774.0,4,3,23,0,Unfurnished,10443423.0,synthetic,2026-06-30,synthetic_listed_area,Multistorey Apartment,synthetic,synthetic://generator-v2
demo-00665,Porur,1385.0,3,4,7,1,Semi-Furnished,14354360.0,synthetic,2026-06-30,synthetic_listed_area,Multistorey Apartment,synthetic,synthetic://generator-v2
demo-00666,Koyambedu,2262.0,5,5,11,1,Furnished,29739247.0,synthetic,2026-06-30,synthetic_listed_area,Multistorey Apartment,synthetic,synthetic://generator-v2
demo-00667,Thiruporur,1582.0,4,3,17,1,Unfurnished,7485447.0,synthetic,2026-06-30,synthetic_listed_area,Multistorey Apartment,synthetic,synthetic://generator-v2
demo-00668,Thoraipakkam,533.0,1,1,12,2,Unfurnished,6156236.0,synthetic,2026-06-30,synthetic_listed_area,Multistorey Apartment,synthetic,synthetic://generator-v2
demo-00669,Chromepet,462.0,1,1,31,2,Semi-Furnished,2364083.0,synthetic,2026-06-30,synthetic_listed_area,Multistorey Apartment,synthetic,synthetic://generator-v2
demo-00670,Velachery,1062.0,3,2,35,2,Furnished,8757355.0,synthetic,2026-06-30,synthetic_listed_area,Multistorey Apartment,synthetic,synthetic://generator-v2
demo-00671,Navalur,1773.0,3,4,18,1,Furnished,16368852.0,synthetic,2026-06-30,synthetic_listed_area,Multistorey Apartment,synthetic,synthetic://generator-v2
demo-00672,Navalur,1108.0,2,2,18,0,Semi-Furnished,9721793.0,synthetic,2026-06-30,synthetic_listed_area,Multistorey Apartment,synthetic,synthetic://generator-v2
demo-00673,Anna Nagar,2124.0,4,4,1,1,Semi-Furnished,28076480.0,synthetic,2026-06-30,synthetic_listed_area,Multistorey Apartment,synthetic,synthetic://generator-v2
demo-00674,Navalur,1702.0,3,3,8,1,Semi-Furnished,14482800.0,synthetic,2026-06-30,synthetic_listed_area,Multistorey Apartment,synthetic,synthetic://generator-v2
demo-00675,Ramapuram,2307.0,4,3,1,1,Furnished,28215313.0,synthetic,2026-06-30,synthetic_listed_area,Multistorey Apartment,synthetic,synthetic://generator-v2
demo-00676,Kundrathur,434.0,1,1,30,1,Unfurnished,1791585.0,synthetic,2026-06-30,synthetic_listed_area,Multistorey Apartment,synthetic,synthetic://generator-v2
demo-00677,Anna Nagar,2514.0,5,5,8,0,Unfurnished,40026122.0,synthetic,2026-06-30,synthetic_listed_area,Multistorey Apartment,synthetic,synthetic://generator-v2
demo-00678,Koyambedu,1004.0,2,1,12,1,Unfurnished,10391014.0,synthetic,2026-06-30,synthetic_listed_area,Multistorey Apartment,synthetic,synthetic://generator-v2
demo-00679,Thoraipakkam,1250.0,3,3,30,2,Unfurnished,10665684.0,synthetic,2026-06-30,synthetic_listed_area,Multistorey Apartment,synthetic,synthetic://generator-v2
demo-00680,Ramapuram,1216.0,3,3,25,1,Semi-Furnished,11116606.0,synthetic,2026-06-30,synthetic_listed_area,Multistorey Apartment,synthetic,synthetic://generator-v2
demo-00681,Chromepet,1892.0,5,4,22,2,Furnished,10707662.0,synthetic,2026-06-30,synthetic_listed_area,Multistorey Apartment,synthetic,synthetic://generator-v2
demo-00682,Velachery,1030.0,2,3,1,2,Semi-Furnished,11019748.0,synthetic,2026-06-30,synthetic_listed_area,Multistorey Apartment,synthetic,synthetic://generator-v2
demo-00683,Velachery,1090.0,2,2,20,2,Semi-Furnished,9030217.0,synthetic,2026-06-30,synthetic_listed_area,Multistorey Apartment,synthetic,synthetic://generator-v2
demo-00684,Chromepet,1080.0,2,1,20,0,Unfurnished,7372614.0,synthetic,2026-06-30,synthetic_listed_area,Multistorey Apartment,synthetic,synthetic://generator-v2
demo-00685,Teynampet,858.0,2,2,11,2,Semi-Furnished,25997138.0,synthetic,2026-06-30,synthetic_listed_area,Multistorey Apartment,synthetic,synthetic://generator-v2
demo-00686,Kodambakkam,401.0,1,1,26,1,Unfurnished,5865527.0,synthetic,2026-06-30,synthetic_listed_area,Multistorey Apartment,synthetic,synthetic://generator-v2
demo-00687,Navalur,463.0,1,1,33,1,Furnished,3123167.0,synthetic,2026-06-30,synthetic_listed_area,Multistorey Apartment,synthetic,synthetic://generator-v2
demo-00688,Kovur,973.0,2,1,9,1,Semi-Furnished,6275045.0,synthetic,2026-06-30,synthetic_listed_area,Multistorey Apartment,synthetic,synthetic://generator-v2
demo-00689,Teynampet,1739.0,3,3,11,0,Semi-Furnished,59914291.0,synthetic,2026-06-30,synthetic_listed_area,Multistorey Apartment,synthetic,synthetic://generator-v2
demo-00690,Velachery,1137.0,2,1,11,2,Furnished,10997498.0,synthetic,2026-06-30,synthetic_listed_area,Multistorey Apartment,synthetic,synthetic://generator-v2
demo-00691,Teynampet,1158.0,2,1,30,1,Unfurnished,26964663.0,synthetic,2026-06-30,synthetic_listed_area,Multistorey Apartment,synthetic,synthetic://generator-v2
demo-00692,Thoraipakkam,2250.0,4,3,2,2,Semi-Furnished,27940115.0,synthetic,2026-06-30,synthetic_listed_area,Multistorey Apartment,synthetic,synthetic://generator-v2
demo-00693,Velachery,1182.0,2,1,32,2,Semi-Furnished,8747132.0,synthetic,2026-06-30,synthetic_listed_area,Multistorey Apartment,synthetic,synthetic://generator-v2
demo-00694,Anna Nagar,2332.0,5,5,27,1,Unfurnished,35086792.0,synthetic,2026-06-30,synthetic_listed_area,Multistorey Apartment,synthetic,synthetic://generator-v2
demo-00695,Karapakkam,1447.0,4,3,17,2,Unfurnished,14004654.0,synthetic,2026-06-30,synthetic_listed_area,Multistorey Apartment,synthetic,synthetic://generator-v2
demo-00696,Ramapuram,371.0,1,1,21,1,Unfurnished,4451023.0,synthetic,2026-06-30,synthetic_listed_area,Multistorey Apartment,synthetic,synthetic://generator-v2
demo-00697,Navalur,895.0,2,1,32,1,Unfurnished,6563083.0,synthetic,2026-06-30,synthetic_listed_area,Multistorey Apartment,synthetic,synthetic://generator-v2
demo-00698,Adyar,414.0,1,2,27,2,Furnished,8396864.0,synthetic,2026-06-30,synthetic_listed_area,Multistorey Apartment,synthetic,synthetic://generator-v2
demo-00699,Anna Nagar,785.0,2,3,9,2,Unfurnished,12258306.0,synthetic,2026-06-30,synthetic_listed_area,Multistorey Apartment,synthetic,synthetic://generator-v2
demo-00700,Koyambedu,1177.0,2,1,1,2,Unfurnished,14270845.0,synthetic,2026-06-30,synthetic_listed_area,Multistorey Apartment,synthetic,synthetic://generator-v2
demo-00701,Navalur,399.0,1,1,23,2,Furnished,3947927.0,synthetic,2026-06-30,synthetic_listed_area,Multistorey Apartment,synthetic,synthetic://generator-v2
demo-00702,Chromepet,590.0,1,2,5,1,Semi-Furnished,3121129.0,synthetic,2026-06-30,synthetic_listed_area,Multistorey Apartment,synthetic,synthetic://generator-v2
demo-00703,Chromepet,1621.0,3,4,3,2,Furnished,9289591.0,synthetic,2026-06-30,synthetic_listed_area,Multistorey Apartment,synthetic,synthetic://generator-v2
demo-00704,Chromepet,2041.0,4,5,35,0,Furnished,11683815.0,synthetic,2026-06-30,synthetic_listed_area,Multistorey Apartment,synthetic,synthetic://generator-v2
demo-00705,Kundrathur,1038.0,2,1,17,2,Unfurnished,6750979.0,synthetic,2026-06-30,synthetic_listed_area,Multistorey Apartment,synthetic,synthetic://generator-v2
demo-00706,Adyar,2164.0,5,5,23,1,Semi-Furnished,37053042.0,synthetic,2026-06-30,synthetic_listed_area,Multistorey Apartment,synthetic,synthetic://generator-v2
demo-00707,Kundrathur,1023.0,2,1,7,1,Unfurnished,6461055.0,synthetic,2026-06-30,synthetic_listed_area,Multistorey Apartment,synthetic,synthetic://generator-v2
demo-00708,Koyambedu,1983.0,5,5,3,2,Semi-Furnished,20979662.0,synthetic,2026-06-30,synthetic_listed_area,Multistorey Apartment,synthetic,synthetic://generator-v2
demo-00709,Kovur,1169.0,2,1,2,0,Furnished,8105172.0,synthetic,2026-06-30,synthetic_listed_area,Multistorey Apartment,synthetic,synthetic://generator-v2
demo-00710,Porur,1276.0,3,2,12,2,Furnished,8087404.0,synthetic,2026-06-30,synthetic_listed_area,Multistorey Apartment,synthetic,synthetic://generator-v2
demo-00711,Koyambedu,1655.0,4,4,0,1,Furnished,26092592.0,synthetic,2026-06-30,synthetic_listed_area,Multistorey Apartment,synthetic,synthetic://generator-v2
demo-00712,Ramapuram,528.0,1,2,15,1,Unfurnished,4580810.0,synthetic,2026-06-30,synthetic_listed_area,Multistorey Apartment,synthetic,synthetic://generator-v2
demo-00713,Ramapuram,2571.0,5,5,11,0,Unfurnished,23332641.0,synthetic,2026-06-30,synthetic_listed_area,Multistorey Apartment,synthetic,synthetic://generator-v2
demo-00714,Thoraipakkam,926.0,2,3,18,1,Semi-Furnished,9830299.0,synthetic,2026-06-30,synthetic_listed_area,Multistorey Apartment,synthetic,synthetic://generator-v2
demo-00715,Teynampet,1524.0,3,4,21,2,Unfurnished,45213080.0,synthetic,2026-06-30,synthetic_listed_area,Multistorey Apartment,synthetic,synthetic://generator-v2
demo-00716,Koyambedu,1559.0,4,5,11,0,Semi-Furnished,19101669.0,synthetic,2026-06-30,synthetic_listed_area,Multistorey Apartment,synthetic,synthetic://generator-v2
demo-00717,Koyambedu,2073.0,4,3,16,1,Furnished,28432028.0,synthetic,2026-06-30,synthetic_listed_area,Multistorey Apartment,synthetic,synthetic://generator-v2
demo-00718,Karapakkam,418.0,1,1,2,2,Unfurnished,4466927.0,synthetic,2026-06-30,synthetic_listed_area,Multistorey Apartment,synthetic,synthetic://generator-v2
demo-00719,Navalur,2091.0,5,5,10,1,Furnished,16449963.0,synthetic,2026-06-30,synthetic_listed_area,Multistorey Apartment,synthetic,synthetic://generator-v2
demo-00720,Chromepet,1562.0,4,5,35,1,Furnished,7337171.0,synthetic,2026-06-30,synthetic_listed_area,Multistorey Apartment,synthetic,synthetic://generator-v2
demo-00721,Thoraipakkam,2165.0,5,6,35,1,Furnished,21271823.0,synthetic,2026-06-30,synthetic_listed_area,Multistorey Apartment,synthetic,synthetic://generator-v2
demo-00722,Thiruporur,1298.0,3,4,17,0,Unfurnished,5447437.0,synthetic,2026-06-30,synthetic_listed_area,Multistorey Apartment,synthetic,synthetic://generator-v2
demo-00723,Chromepet,1854.0,4,3,33,1,Unfurnished,10771100.0,synthetic,2026-06-30,synthetic_listed_area,Multistorey Apartment,synthetic,synthetic://generator-v2
demo-00724,Teynampet,1193.0,3,3,18,2,Unfurnished,32787606.0,synthetic,2026-06-30,synthetic_listed_area,Multistorey Apartment,synthetic,synthetic://generator-v2
demo-00725,Anna Nagar,1991.0,5,4,4,1,Unfurnished,27559911.0,synthetic,2026-06-30,synthetic_listed_area,Multistorey Apartment,synthetic,synthetic://generator-v2
demo-00726,Ramapuram,2427.0,5,4,31,1,Unfurnished,25180627.0,synthetic,2026-06-30,synthetic_listed_area,Multistorey Apartment,synthetic,synthetic://generator-v2
demo-00727,Anna Nagar,1911.0,5,4,14,0,Semi-Furnished,28906813.0,synthetic,2026-06-30,synthetic_listed_area,Multistorey Apartment,synthetic,synthetic://generator-v2
demo-00728,Koyambedu,1567.0,3,4,22,2,Unfurnished,17232620.0,synthetic,2026-06-30,synthetic_listed_area,Multistorey Apartment,synthetic,synthetic://generator-v2
demo-00729,Porur,2344.0,4,3,23,2,Unfurnished,15906804.0,synthetic,2026-06-30,synthetic_listed_area,Multistorey Apartment,synthetic,synthetic://generator-v2
demo-00730,Ramapuram,913.0,2,2,11,2,Furnished,9844589.0,synthetic,2026-06-30,synthetic_listed_area,Multistorey Apartment,synthetic,synthetic://generator-v2
demo-00731,Kovur,1726.0,3,4,26,1,Furnished,12337592.0,synthetic,2026-06-30,synthetic_listed_area,Multistorey Apartment,synthetic,synthetic://generator-v2
demo-00732,Thoraipakkam,1498.0,4,5,18,1,Furnished,12810986.0,synthetic,2026-06-30,synthetic_listed_area,Multistorey Apartment,synthetic,synthetic://generator-v2
demo-00733,Teynampet,361.0,1,1,13,1,Unfurnished,8516286.0,synthetic,2026-06-30,synthetic_listed_area,Multistorey Apartment,synthetic,synthetic://generator-v2
demo-00734,Egmore,2121.0,4,4,10,0,Semi-Furnished,36812799.0,synthetic,2026-06-30,synthetic_listed_area,Multistorey Apartment,synthetic,synthetic://generator-v2
demo-00735,Porur,540.0,1,1,26,0,Semi-Furnished,4548476.0,synthetic,2026-06-30,synthetic_listed_area,Multistorey Apartment,synthetic,synthetic://generator-v2
demo-00736,Ramapuram,1682.0,3,4,8,1,Unfurnished,21492732.0,synthetic,2026-06-30,synthetic_listed_area,Multistorey Apartment,synthetic,synthetic://generator-v2
demo-00737,Kilpauk,1093.0,3,4,4,1,Furnished,14865124.0,synthetic,2026-06-30,synthetic_listed_area,Multistorey Apartment,synthetic,synthetic://generator-v2
demo-00738,Ramapuram,1633.0,3,3,31,0,Semi-Furnished,18592694.0,synthetic,2026-06-30,synthetic_listed_area,Multistorey Apartment,synthetic,synthetic://generator-v2
demo-00739,Thoraipakkam,1332.0,3,3,11,2,Furnished,17455125.0,synthetic,2026-06-30,synthetic_listed_area,Multistorey Apartment,synthetic,synthetic://generator-v2
demo-00740,Teynampet,1278.0,3,3,23,1,Unfurnished,27458783.0,synthetic,2026-06-30,synthetic_listed_area,Multistorey Apartment,synthetic,synthetic://generator-v2
demo-00741,Ramapuram,1180.0,3,3,25,2,Semi-Furnished,8779326.0,synthetic,2026-06-30,synthetic_listed_area,Multistorey Apartment,synthetic,synthetic://generator-v2
demo-00742,Navalur,1797.0,3,4,30,0,Unfurnished,11581582.0,synthetic,2026-06-30,synthetic_listed_area,Multistorey Apartment,synthetic,synthetic://generator-v2
demo-00743,Karapakkam,1098.0,3,2,22,0,Furnished,11273644.0,synthetic,2026-06-30,synthetic_listed_area,Multistorey Apartment,synthetic,synthetic://generator-v2
demo-00744,Teynampet,2227.0,4,5,25,0,Semi-Furnished,68069568.0,synthetic,2026-06-30,synthetic_listed_area,Multistorey Apartment,synthetic,synthetic://generator-v2
demo-00745,Kodambakkam,1530.0,3,3,30,2,Unfurnished,15668513.0,synthetic,2026-06-30,synthetic_listed_area,Multistorey Apartment,synthetic,synthetic://generator-v2
demo-00746,Kundrathur,2135.0,4,3,33,0,Unfurnished,12174792.0,synthetic,2026-06-30,synthetic_listed_area,Multistorey Apartment,synthetic,synthetic://generator-v2
demo-00747,Kilpauk,2640.0,5,4,1,2,Semi-Furnished,33399756.0,synthetic,2026-06-30,synthetic_listed_area,Multistorey Apartment,synthetic,synthetic://generator-v2
demo-00748,Kilpauk,2823.0,5,5,26,2,Unfurnished,37238920.0,synthetic,2026-06-30,synthetic_listed_area,Multistorey Apartment,synthetic,synthetic://generator-v2
demo-00749,Chromepet,396.0,1,1,6,0,Unfurnished,2301865.0,synthetic,2026-06-30,synthetic_listed_area,Multistorey Apartment,synthetic,synthetic://generator-v2
demo-00750,Velachery,1401.0,4,3,32,1,Furnished,14388257.0,synthetic,2026-06-30,synthetic_listed_area,Multistorey Apartment,synthetic,synthetic://generator-v2
demo-00751,Chromepet,999.0,2,1,1,0,Furnished,7981105.0,synthetic,2026-06-30,synthetic_listed_area,Multistorey Apartment,synthetic,synthetic://generator-v2
demo-00752,Anna Nagar,438.0,1,2,8,1,Semi-Furnished,7965685.0,synthetic,2026-06-30,synthetic_listed_area,Multistorey Apartment,synthetic,synthetic://generator-v2
demo-00753,Thoraipakkam,1524.0,4,5,6,0,Furnished,14045387.0,synthetic,2026-06-30,synthetic_listed_area,Multistorey Apartment,synthetic,synthetic://generator-v2
demo-00754,Kundrathur,397.0,1,1,21,2,Semi-Furnished,2331391.0,synthetic,2026-06-30,synthetic_listed_area,Multistorey Apartment,synthetic,synthetic://generator-v2
demo-00755,Kovur,2165.0,5,6,0,2,Unfurnished,16943603.0,synthetic,2026-06-30,synthetic_listed_area,Multistorey Apartment,synthetic,synthetic://generator-v2
demo-00756,Ramapuram,1470.0,4,4,0,0,Furnished,14536704.0,synthetic,2026-06-30,synthetic_listed_area,Multistorey Apartment,synthetic,synthetic://generator-v2
demo-00757,Kodambakkam,1821.0,5,6,18,0,Unfurnished,16747801.0,synthetic,2026-06-30,synthetic_listed_area,Multistorey Apartment,synthetic,synthetic://generator-v2
demo-00758,Chromepet,2316.0,4,3,34,2,Furnished,14718102.0,synthetic,2026-06-30,synthetic_listed_area,Multistorey Apartment,synthetic,synthetic://generator-v2
demo-00759,Ramapuram,2140.0,5,4,19,1,Semi-Furnished,22110834.0,synthetic,2026-06-30,synthetic_listed_area,Multistorey Apartment,synthetic,synthetic://generator-v2
demo-00760,Chromepet,596.0,1,1,16,1,Unfurnished,2937943.0,synthetic,2026-06-30,synthetic_listed_area,Multistorey Apartment,synthetic,synthetic://generator-v2
demo-00761,Kundrathur,2955.0,5,6,23,2,Unfurnished,14520768.0,synthetic,2026-06-30,synthetic_listed_area,Multistorey Apartment,synthetic,synthetic://generator-v2
demo-00762,Velachery,386.0,1,1,19,0,Furnished,3849063.0,synthetic,2026-06-30,synthetic_listed_area,Multistorey Apartment,synthetic,synthetic://generator-v2
demo-00763,Thoraipakkam,1057.0,2,1,13,2,Furnished,11338354.0,synthetic,2026-06-30,synthetic_listed_area,Multistorey Apartment,synthetic,synthetic://generator-v2
demo-00764,Kodambakkam,500.0,1,2,21,1,Semi-Furnished,5026318.0,synthetic,2026-06-30,synthetic_listed_area,Multistorey Apartment,synthetic,synthetic://generator-v2
demo-00765,Teynampet,1568.0,3,4,0,1,Unfurnished,58905480.0,synthetic,2026-06-30,synthetic_listed_area,Multistorey Apartment,synthetic,synthetic://generator-v2
demo-00766,Navalur,1496.0,4,4,8,1,Furnished,13985618.0,synthetic,2026-06-30,synthetic_listed_area,Multistorey Apartment,synthetic,synthetic://generator-v2
demo-00767,Koyambedu,794.0,2,3,24,2,Furnished,9319660.0,synthetic,2026-06-30,synthetic_listed_area,Multistorey Apartment,synthetic,synthetic://generator-v2
demo-00768,Chromepet,1846.0,5,4,12,1,Semi-Furnished,10913023.0,synthetic,2026-06-30,synthetic_listed_area,Multistorey Apartment,synthetic,synthetic://generator-v2
demo-00769,Kodambakkam,2004.0,4,4,1,0,Semi-Furnished,29179650.0,synthetic,2026-06-30,synthetic_listed_area,Multistorey Apartment,synthetic,synthetic://generator-v2
demo-00770,Porur,2387.0,4,5,4,0,Furnished,17002788.0,synthetic,2026-06-30,synthetic_listed_area,Multistorey Apartment,synthetic,synthetic://generator-v2
demo-00771,Velachery,2590.0,5,5,31,2,Semi-Furnished,23642079.0,synthetic,2026-06-30,synthetic_listed_area,Multistorey Apartment,synthetic,synthetic://generator-v2
demo-00772,Adyar,1583.0,3,2,11,1,Unfurnished,23595996.0,synthetic,2026-06-30,synthetic_listed_area,Multistorey Apartment,synthetic,synthetic://generator-v2
demo-00773,Ramapuram,1192.0,2,3,0,0,Unfurnished,13669101.0,synthetic,2026-06-30,synthetic_listed_area,Multistorey Apartment,synthetic,synthetic://generator-v2
demo-00774,Thiruporur,2598.0,5,6,26,0,Semi-Furnished,8326522.0,synthetic,2026-06-30,synthetic_listed_area,Multistorey Apartment,synthetic,synthetic://generator-v2
demo-00775,Velachery,1080.0,3,4,19,0,Furnished,8882051.0,synthetic,2026-06-30,synthetic_listed_area,Multistorey Apartment,synthetic,synthetic://generator-v2
demo-00776,Kovur,2267.0,4,4,16,2,Furnished,19525003.0,synthetic,2026-06-30,synthetic_listed_area,Multistorey Apartment,synthetic,synthetic://generator-v2
demo-00777,Chromepet,882.0,2,1,32,2,Semi-Furnished,4832839.0,synthetic,2026-06-30,synthetic_listed_area,Multistorey Apartment,synthetic,synthetic://generator-v2
demo-00778,Karapakkam,702.0,2,1,11,1,Unfurnished,6627337.0,synthetic,2026-06-30,synthetic_listed_area,Multistorey Apartment,synthetic,synthetic://generator-v2
demo-00779,Thiruporur,477.0,1,2,20,0,Semi-Furnished,1428893.0,synthetic,2026-06-30,synthetic_listed_area,Multistorey Apartment,synthetic,synthetic://generator-v2
demo-00780,Thiruporur,1169.0,2,3,26,1,Unfurnished,4007456.0,synthetic,2026-06-30,synthetic_listed_area,Multistorey Apartment,synthetic,synthetic://generator-v2
demo-00781,Navalur,414.0,1,1,21,0,Semi-Furnished,3122877.0,synthetic,2026-06-30,synthetic_listed_area,Multistorey Apartment,synthetic,synthetic://generator-v2
demo-00782,Chromepet,1892.0,4,4,7,1,Semi-Furnished,12344001.0,synthetic,2026-06-30,synthetic_listed_area,Multistorey Apartment,synthetic,synthetic://generator-v2
demo-00783,Chromepet,393.0,1,1,24,1,Furnished,1737294.0,synthetic,2026-06-30,synthetic_listed_area,Multistorey Apartment,synthetic,synthetic://generator-v2
demo-00784,Koyambedu,1458.0,4,4,26,2,Furnished,18108665.0,synthetic,2026-06-30,synthetic_listed_area,Multistorey Apartment,synthetic,synthetic://generator-v2
demo-00785,Navalur,1851.0,5,5,4,0,Furnished,16087860.0,synthetic,2026-06-30,synthetic_listed_area,Multistorey Apartment,synthetic,synthetic://generator-v2
demo-00786,Adyar,2127.0,4,5,5,0,Unfurnished,45620267.0,synthetic,2026-06-30,synthetic_listed_area,Multistorey Apartment,synthetic,synthetic://generator-v2
demo-00787,Porur,1698.0,3,4,24,0,Furnished,11183750.0,synthetic,2026-06-30,synthetic_listed_area,Multistorey Apartment,synthetic,synthetic://generator-v2
demo-00788,Kundrathur,386.0,1,1,4,1,Unfurnished,1633552.0,synthetic,2026-06-30,synthetic_listed_area,Multistorey Apartment,synthetic,synthetic://generator-v2
demo-00789,Adyar,2110.0,5,5,31,1,Semi-Furnished,29278640.0,synthetic,2026-06-30,synthetic_listed_area,Multistorey Apartment,synthetic,synthetic://generator-v2
demo-00790,Anna Nagar,399.0,1,2,3,0,Furnished,5854543.0,synthetic,2026-06-30,synthetic_listed_area,Multistorey Apartment,synthetic,synthetic://generator-v2
demo-00791,Kovur,1427.0,4,3,35,2,Furnished,9560510.0,synthetic,2026-06-30,synthetic_listed_area,Multistorey Apartment,synthetic,synthetic://generator-v2
demo-00792,Ramapuram,1953.0,4,5,24,1,Semi-Furnished,14011322.0,synthetic,2026-06-30,synthetic_listed_area,Multistorey Apartment,synthetic,synthetic://generator-v2
demo-00793,Thiruporur,525.0,1,1,15,2,Unfurnished,2017733.0,synthetic,2026-06-30,synthetic_listed_area,Multistorey Apartment,synthetic,synthetic://generator-v2
demo-00794,Kovur,2048.0,4,4,9,1,Semi-Furnished,17073229.0,synthetic,2026-06-30,synthetic_listed_area,Multistorey Apartment,synthetic,synthetic://generator-v2
demo-00795,Kilpauk,447.0,1,1,12,0,Furnished,6994624.0,synthetic,2026-06-30,synthetic_listed_area,Multistorey Apartment,synthetic,synthetic://generator-v2
demo-00796,Velachery,978.0,2,3,26,0,Semi-Furnished,9608978.0,synthetic,2026-06-30,synthetic_listed_area,Multistorey Apartment,synthetic,synthetic://generator-v2
demo-00797,Kovur,1868.0,5,5,27,1,Semi-Furnished,9214046.0,synthetic,2026-06-30,synthetic_listed_area,Multistorey Apartment,synthetic,synthetic://generator-v2
demo-00798,Kilpauk,1943.0,5,5,7,1,Semi-Furnished,25112743.0,synthetic,2026-06-30,synthetic_listed_area,Multistorey Apartment,synthetic,synthetic://generator-v2
demo-00799,Kovur,1166.0,2,2,19,2,Semi-Furnished,9241601.0,synthetic,2026-06-30,synthetic_listed_area,Multistorey Apartment,synthetic,synthetic://generator-v2
demo-00800,Adyar,2702.0,5,4,35,2,Unfurnished,41758404.0,synthetic,2026-06-30,synthetic_listed_area,Multistorey Apartment,synthetic,synthetic://generator-v2
demo-00801,Kilpauk,2903.0,5,6,9,0,Furnished,46972919.0,synthetic,2026-06-30,synthetic_listed_area,Multistorey Apartment,synthetic,synthetic://generator-v2
demo-00802,Koyambedu,2317.0,4,3,24,0,Unfurnished,22316144.0,synthetic,2026-06-30,synthetic_listed_area,Multistorey Apartment,synthetic,synthetic://generator-v2
demo-00803,Thoraipakkam,512.0,1,1,6,0,Furnished,5698472.0,synthetic,2026-06-30,synthetic_listed_area,Multistorey Apartment,synthetic,synthetic://generator-v2
demo-00804,Ramapuram,1164.0,2,3,30,0,Unfurnished,9408046.0,synthetic,2026-06-30,synthetic_listed_area,Multistorey Apartment,synthetic,synthetic://generator-v2
demo-00805,Teynampet,1817.0,4,3,6,0,Semi-Furnished,60189068.0,synthetic,2026-06-30,synthetic_listed_area,Multistorey Apartment,synthetic,synthetic://generator-v2
demo-00806,Kundrathur,1755.0,5,6,10,0,Semi-Furnished,13684044.0,synthetic,2026-06-30,synthetic_listed_area,Multistorey Apartment,synthetic,synthetic://generator-v2
demo-00807,Anna Nagar,1828.0,5,5,16,1,Semi-Furnished,29570138.0,synthetic,2026-06-30,synthetic_listed_area,Multistorey Apartment,synthetic,synthetic://generator-v2
demo-00808,Kodambakkam,1132.0,3,4,13,0,Semi-Furnished,13316927.0,synthetic,2026-06-30,synthetic_listed_area,Multistorey Apartment,synthetic,synthetic://generator-v2
demo-00809,Velachery,748.0,2,1,6,0,Furnished,5605198.0,synthetic,2026-06-30,synthetic_listed_area,Multistorey Apartment,synthetic,synthetic://generator-v2
demo-00810,Adyar,2190.0,5,6,23,0,Unfurnished,28153500.0,synthetic,2026-06-30,synthetic_listed_area,Multistorey Apartment,synthetic,synthetic://generator-v2
demo-00811,Thiruporur,1051.0,2,1,0,2,Furnished,6181076.0,synthetic,2026-06-30,synthetic_listed_area,Multistorey Apartment,synthetic,synthetic://generator-v2
demo-00812,Porur,1095.0,2,3,35,1,Furnished,6476305.0,synthetic,2026-06-30,synthetic_listed_area,Multistorey Apartment,synthetic,synthetic://generator-v2
demo-00813,Karapakkam,2488.0,5,5,1,2,Furnished,25262795.0,synthetic,2026-06-30,synthetic_listed_area,Multistorey Apartment,synthetic,synthetic://generator-v2
demo-00814,Teynampet,1160.0,3,2,12,0,Unfurnished,33536124.0,synthetic,2026-06-30,synthetic_listed_area,Multistorey Apartment,synthetic,synthetic://generator-v2
demo-00815,Thiruporur,1074.0,2,2,33,0,Unfurnished,4511844.0,synthetic,2026-06-30,synthetic_listed_area,Multistorey Apartment,synthetic,synthetic://generator-v2
demo-00816,Adyar,439.0,1,1,5,1,Semi-Furnished,8105544.0,synthetic,2026-06-30,synthetic_listed_area,Multistorey Apartment,synthetic,synthetic://generator-v2
demo-00817,Anna Nagar,1060.0,3,2,2,1,Unfurnished,16433015.0,synthetic,2026-06-30,synthetic_listed_area,Multistorey Apartment,synthetic,synthetic://generator-v2
demo-00818,Porur,2101.0,5,6,26,0,Furnished,14997971.0,synthetic,2026-06-30,synthetic_listed_area,Multistorey Apartment,synthetic,synthetic://generator-v2
demo-00819,Velachery,1298.0,3,3,2,0,Furnished,12815483.0,synthetic,2026-06-30,synthetic_listed_area,Multistorey Apartment,synthetic,synthetic://generator-v2
demo-00820,Adyar,1674.0,4,5,32,1,Semi-Furnished,24370416.0,synthetic,2026-06-30,synthetic_listed_area,Multistorey Apartment,synthetic,synthetic://generator-v2
demo-00821,Porur,1106.0,2,3,16,0,Furnished,8850598.0,synthetic,2026-06-30,synthetic_listed_area,Multistorey Apartment,synthetic,synthetic://generator-v2
demo-00822,Chromepet,2160.0,4,4,31,1,Unfurnished,11605674.0,synthetic,2026-06-30,synthetic_listed_area,Multistorey Apartment,synthetic,synthetic://generator-v2
demo-00823,Porur,2096.0,4,4,8,2,Furnished,22996228.0,synthetic,2026-06-30,synthetic_listed_area,Multistorey Apartment,synthetic,synthetic://generator-v2
demo-00824,Navalur,1539.0,4,3,5,1,Unfurnished,12856757.0,synthetic,2026-06-30,synthetic_listed_area,Multistorey Apartment,synthetic,synthetic://generator-v2
demo-00825,Anna Nagar,2208.0,4,3,34,1,Furnished,35565150.0,synthetic,2026-06-30,synthetic_listed_area,Multistorey Apartment,synthetic,synthetic://generator-v2
demo-00826,Porur,1558.0,3,4,27,1,Semi-Furnished,9358889.0,synthetic,2026-06-30,synthetic_listed_area,Multistorey Apartment,synthetic,synthetic://generator-v2
demo-00827,Thoraipakkam,797.0,2,1,32,2,Semi-Furnished,7821661.0,synthetic,2026-06-30,synthetic_listed_area,Multistorey Apartment,synthetic,synthetic://generator-v2
demo-00828,Thiruporur,2048.0,4,4,11,1,Unfurnished,7671363.0,synthetic,2026-06-30,synthetic_listed_area,Multistorey Apartment,synthetic,synthetic://generator-v2
demo-00829,Adyar,2354.0,5,4,14,1,Semi-Furnished,44091870.0,synthetic,2026-06-30,synthetic_listed_area,Multistorey Apartment,synthetic,synthetic://generator-v2
demo-00830,Karapakkam,2299.0,5,6,20,2,Furnished,23454052.0,synthetic,2026-06-30,synthetic_listed_area,Multistorey Apartment,synthetic,synthetic://generator-v2
demo-00831,Karapakkam,756.0,2,2,16,0,Furnished,7041570.0,synthetic,2026-06-30,synthetic_listed_area,Multistorey Apartment,synthetic,synthetic://generator-v2
demo-00832,Kovur,1918.0,4,4,8,0,Semi-Furnished,17966877.0,synthetic,2026-06-30,synthetic_listed_area,Multistorey Apartment,synthetic,synthetic://generator-v2
demo-00833,Chromepet,375.0,1,2,13,1,Unfurnished,2686142.0,synthetic,2026-06-30,synthetic_listed_area,Multistorey Apartment,synthetic,synthetic://generator-v2
demo-00834,Thiruporur,1173.0,3,2,21,0,Semi-Furnished,5281577.0,synthetic,2026-06-30,synthetic_listed_area,Multistorey Apartment,synthetic,synthetic://generator-v2
demo-00835,Teynampet,1149.0,3,2,1,0,Furnished,38638918.0,synthetic,2026-06-30,synthetic_listed_area,Multistorey Apartment,synthetic,synthetic://generator-v2
demo-00836,Teynampet,1177.0,2,2,12,0,Unfurnished,39299686.0,synthetic,2026-06-30,synthetic_listed_area,Multistorey Apartment,synthetic,synthetic://generator-v2
demo-00837,Egmore,2106.0,5,4,10,2,Furnished,33976965.0,synthetic,2026-06-30,synthetic_listed_area,Multistorey Apartment,synthetic,synthetic://generator-v2
demo-00838,Adyar,2194.0,5,4,2,1,Furnished,52542042.0,synthetic,2026-06-30,synthetic_listed_area,Multistorey Apartment,synthetic,synthetic://generator-v2
demo-00839,Thoraipakkam,431.0,1,1,4,2,Furnished,4375488.0,synthetic,2026-06-30,synthetic_listed_area,Multistorey Apartment,synthetic,synthetic://generator-v2
demo-00840,Karapakkam,1149.0,2,3,17,0,Semi-Furnished,9474368.0,synthetic,2026-06-30,synthetic_listed_area,Multistorey Apartment,synthetic,synthetic://generator-v2
demo-00841,Porur,981.0,2,1,3,1,Unfurnished,8406363.0,synthetic,2026-06-30,synthetic_listed_area,Multistorey Apartment,synthetic,synthetic://generator-v2
demo-00842,Thoraipakkam,2899.0,5,4,12,1,Unfurnished,34370944.0,synthetic,2026-06-30,synthetic_listed_area,Multistorey Apartment,synthetic,synthetic://generator-v2
demo-00843,Adyar,1275.0,3,4,20,1,Furnished,19389500.0,synthetic,2026-06-30,synthetic_listed_area,Multistorey Apartment,synthetic,synthetic://generator-v2
demo-00844,Adyar,1515.0,4,3,31,2,Semi-Furnished,22794860.0,synthetic,2026-06-30,synthetic_listed_area,Multistorey Apartment,synthetic,synthetic://generator-v2
demo-00845,Adyar,2445.0,5,4,3,2,Unfurnished,47251045.0,synthetic,2026-06-30,synthetic_listed_area,Multistorey Apartment,synthetic,synthetic://generator-v2
demo-00846,Chromepet,1746.0,4,4,15,1,Furnished,10616378.0,synthetic,2026-06-30,synthetic_listed_area,Multistorey Apartment,synthetic,synthetic://generator-v2
demo-00847,Adyar,550.0,1,1,3,2,Unfurnished,11727513.0,synthetic,2026-06-30,synthetic_listed_area,Multistorey Apartment,synthetic,synthetic://generator-v2
demo-00848,Teynampet,570.0,1,2,15,0,Furnished,24595475.0,synthetic,2026-06-30,synthetic_listed_area,Multistorey Apartment,synthetic,synthetic://generator-v2
demo-00849,Navalur,936.0,2,2,17,0,Semi-Furnished,7221467.0,synthetic,2026-06-30,synthetic_listed_area,Multistorey Apartment,synthetic,synthetic://generator-v2
demo-00850,Velachery,1186.0,2,3,28,2,Semi-Furnished,9635297.0,synthetic,2026-06-30,synthetic_listed_area,Multistorey Apartment,synthetic,synthetic://generator-v2
demo-00851,Teynampet,1953.0,4,3,15,0,Unfurnished,42898264.0,synthetic,2026-06-30,synthetic_listed_area,Multistorey Apartment,synthetic,synthetic://generator-v2
demo-00852,Velachery,418.0,1,1,33,0,Unfurnished,3253936.0,synthetic,2026-06-30,synthetic_listed_area,Multistorey Apartment,synthetic,synthetic://generator-v2
demo-00853,Karapakkam,944.0,2,1,4,0,Furnished,8408142.0,synthetic,2026-06-30,synthetic_listed_area,Multistorey Apartment,synthetic,synthetic://generator-v2
demo-00854,Karapakkam,719.0,2,1,1,0,Semi-Furnished,7583309.0,synthetic,2026-06-30,synthetic_listed_area,Multistorey Apartment,synthetic,synthetic://generator-v2
demo-00855,Thiruporur,551.0,1,1,0,1,Furnished,2757599.0,synthetic,2026-06-30,synthetic_listed_area,Multistorey Apartment,synthetic,synthetic://generator-v2
demo-00856,Karapakkam,375.0,1,2,12,0,Furnished,3360269.0,synthetic,2026-06-30,synthetic_listed_area,Multistorey Apartment,synthetic,synthetic://generator-v2
demo-00857,Adyar,427.0,1,1,6,1,Unfurnished,10143401.0,synthetic,2026-06-30,synthetic_listed_area,Multistorey Apartment,synthetic,synthetic://generator-v2
demo-00858,Porur,1474.0,3,4,3,2,Semi-Furnished,11140225.0,synthetic,2026-06-30,synthetic_listed_area,Multistorey Apartment,synthetic,synthetic://generator-v2
demo-00859,Teynampet,1082.0,3,2,8,0,Furnished,30885782.0,synthetic,2026-06-30,synthetic_listed_area,Multistorey Apartment,synthetic,synthetic://generator-v2
demo-00860,Velachery,1109.0,3,2,35,2,Semi-Furnished,10257121.0,synthetic,2026-06-30,synthetic_listed_area,Multistorey Apartment,synthetic,synthetic://generator-v2
demo-00861,Thoraipakkam,1572.0,3,3,28,1,Semi-Furnished,16343707.0,synthetic,2026-06-30,synthetic_listed_area,Multistorey Apartment,synthetic,synthetic://generator-v2
demo-00862,Chromepet,1472.0,4,4,0,1,Semi-Furnished,11611604.0,synthetic,2026-06-30,synthetic_listed_area,Multistorey Apartment,synthetic,synthetic://generator-v2
demo-00863,Teynampet,2346.0,5,5,32,1,Furnished,61894238.0,synthetic,2026-06-30,synthetic_listed_area,Multistorey Apartment,synthetic,synthetic://generator-v2
demo-00864,Thiruporur,1304.0,3,4,7,0,Furnished,6597385.0,synthetic,2026-06-30,synthetic_listed_area,Multistorey Apartment,synthetic,synthetic://generator-v2
demo-00865,Porur,1628.0,4,3,14,0,Furnished,11485426.0,synthetic,2026-06-30,synthetic_listed_area,Multistorey Apartment,synthetic,synthetic://generator-v2
demo-00866,Teynampet,1589.0,4,5,11,1,Semi-Furnished,49972175.0,synthetic,2026-06-30,synthetic_listed_area,Multistorey Apartment,synthetic,synthetic://generator-v2
demo-00867,Thiruporur,2163.0,4,5,14,2,Semi-Furnished,10234139.0,synthetic,2026-06-30,synthetic_listed_area,Multistorey Apartment,synthetic,synthetic://generator-v2
demo-00868,Kovur,588.0,1,2,27,1,Semi-Furnished,4370780.0,synthetic,2026-06-30,synthetic_listed_area,Multistorey Apartment,synthetic,synthetic://generator-v2
demo-00869,Adyar,1925.0,5,4,25,1,Unfurnished,24897808.0,synthetic,2026-06-30,synthetic_listed_area,Multistorey Apartment,synthetic,synthetic://generator-v2
demo-00870,Kovur,590.0,1,1,21,1,Furnished,3458130.0,synthetic,2026-06-30,synthetic_listed_area,Multistorey Apartment,synthetic,synthetic://generator-v2
demo-00871,Egmore,1496.0,3,4,22,1,Unfurnished,27536202.0,synthetic,2026-06-30,synthetic_listed_area,Multistorey Apartment,synthetic,synthetic://generator-v2
demo-00872,Anna Nagar,2042.0,4,5,26,0,Furnished,20840173.0,synthetic,2026-06-30,synthetic_listed_area,Multistorey Apartment,synthetic,synthetic://generator-v2
demo-00873,Chromepet,1582.0,3,4,6,1,Semi-Furnished,10804348.0,synthetic,2026-06-30,synthetic_listed_area,Multistorey Apartment,synthetic,synthetic://generator-v2
demo-00874,Porur,1052.0,2,3,14,2,Furnished,9627836.0,synthetic,2026-06-30,synthetic_listed_area,Multistorey Apartment,synthetic,synthetic://generator-v2
demo-00875,Koyambedu,2775.0,5,5,3,0,Furnished,35273041.0,synthetic,2026-06-30,synthetic_listed_area,Multistorey Apartment,synthetic,synthetic://generator-v2
demo-00876,Kundrathur,471.0,1,1,25,2,Semi-Furnished,2273503.0,synthetic,2026-06-30,synthetic_listed_area,Multistorey Apartment,synthetic,synthetic://generator-v2
demo-00877,Ramapuram,967.0,2,1,15,2,Semi-Furnished,9313642.0,synthetic,2026-06-30,synthetic_listed_area,Multistorey Apartment,synthetic,synthetic://generator-v2
demo-00878,Kundrathur,2155.0,5,4,22,0,Semi-Furnished,10126272.0,synthetic,2026-06-30,synthetic_listed_area,Multistorey Apartment,synthetic,synthetic://generator-v2
demo-00879,Navalur,1505.0,4,5,20,1,Semi-Furnished,10282519.0,synthetic,2026-06-30,synthetic_listed_area,Multistorey Apartment,synthetic,synthetic://generator-v2
demo-00880,Anna Nagar,516.0,1,1,9,2,Unfurnished,7479847.0,synthetic,2026-06-30,synthetic_listed_area,Multistorey Apartment,synthetic,synthetic://generator-v2
demo-00881,Thiruporur,1434.0,4,4,4,1,Unfurnished,5630441.0,synthetic,2026-06-30,synthetic_listed_area,Multistorey Apartment,synthetic,synthetic://generator-v2
demo-00882,Kovur,2095.0,5,6,35,2,Furnished,12312530.0,synthetic,2026-06-30,synthetic_listed_area,Multistorey Apartment,synthetic,synthetic://generator-v2
demo-00883,Chromepet,374.0,1,1,10,2,Furnished,2367880.0,synthetic,2026-06-30,synthetic_listed_area,Multistorey Apartment,synthetic,synthetic://generator-v2
demo-00884,Teynampet,1193.0,3,3,3,1,Unfurnished,43821260.0,synthetic,2026-06-30,synthetic_listed_area,Multistorey Apartment,synthetic,synthetic://generator-v2
demo-00885,Ramapuram,1529.0,3,3,11,2,Unfurnished,16135869.0,synthetic,2026-06-30,synthetic_listed_area,Multistorey Apartment,synthetic,synthetic://generator-v2
demo-00886,Adyar,507.0,1,2,32,2,Semi-Furnished,8467588.0,synthetic,2026-06-30,synthetic_listed_area,Multistorey Apartment,synthetic,synthetic://generator-v2
demo-00887,Egmore,911.0,2,2,9,2,Furnished,16551740.0,synthetic,2026-06-30,synthetic_listed_area,Multistorey Apartment,synthetic,synthetic://generator-v2
demo-00888,Adyar,373.0,1,1,35,2,Furnished,5595296.0,synthetic,2026-06-30,synthetic_listed_area,Multistorey Apartment,synthetic,synthetic://generator-v2
demo-00889,Karapakkam,458.0,1,2,16,0,Furnished,3396033.0,synthetic,2026-06-30,synthetic_listed_area,Multistorey Apartment,synthetic,synthetic://generator-v2
demo-00890,Anna Nagar,1315.0,3,4,31,0,Unfurnished,14043916.0,synthetic,2026-06-30,synthetic_listed_area,Multistorey Apartment,synthetic,synthetic://generator-v2
demo-00891,Ramapuram,1590.0,3,4,23,0,Unfurnished,13389878.0,synthetic,2026-06-30,synthetic_listed_area,Multistorey Apartment,synthetic,synthetic://generator-v2
demo-00892,Koyambedu,990.0,2,3,1,0,Semi-Furnished,13602142.0,synthetic,2026-06-30,synthetic_listed_area,Multistorey Apartment,synthetic,synthetic://generator-v2
demo-00893,Velachery,946.0,2,3,18,2,Unfurnished,10173763.0,synthetic,2026-06-30,synthetic_listed_area,Multistorey Apartment,synthetic,synthetic://generator-v2
demo-00894,Ramapuram,472.0,1,2,15,1,Semi-Furnished,4069956.0,synthetic,2026-06-30,synthetic_listed_area,Multistorey Apartment,synthetic,synthetic://generator-v2
demo-00895,Navalur,2366.0,4,5,7,1,Semi-Furnished,17575521.0,synthetic,2026-06-30,synthetic_listed_area,Multistorey Apartment,synthetic,synthetic://generator-v2
demo-00896,Koyambedu,1078.0,2,1,19,0,Furnished,11054180.0,synthetic,2026-06-30,synthetic_listed_area,Multistorey Apartment,synthetic,synthetic://generator-v2
demo-00897,Adyar,2371.0,5,5,3,2,Unfurnished,43715655.0,synthetic,2026-06-30,synthetic_listed_area,Multistorey Apartment,synthetic,synthetic://generator-v2
demo-00898,Anna Nagar,1409.0,3,2,25,1,Furnished,23935446.0,synthetic,2026-06-30,synthetic_listed_area,Multistorey Apartment,synthetic,synthetic://generator-v2
demo-00899,Navalur,1783.0,5,5,29,2,Furnished,12132513.0,synthetic,2026-06-30,synthetic_listed_area,Multistorey Apartment,synthetic,synthetic://generator-v2
demo-00900,Adyar,2343.0,4,4,3,0,Furnished,45513338.0,synthetic,2026-06-30,synthetic_listed_area,Multistorey Apartment,synthetic,synthetic://generator-v2
demo-00901,Adyar,860.0,2,3,17,0,Furnished,18413927.0,synthetic,2026-06-30,synthetic_listed_area,Multistorey Apartment,synthetic,synthetic://generator-v2
demo-00902,Egmore,1656.0,4,4,23,0,Furnished,30103172.0,synthetic,2026-06-30,synthetic_listed_area,Multistorey Apartment,synthetic,synthetic://generator-v2
demo-00903,Thoraipakkam,1200.0,2,3,2,0,Unfurnished,11565618.0,synthetic,2026-06-30,synthetic_listed_area,Multistorey Apartment,synthetic,synthetic://generator-v2
demo-00904,Kovur,530.0,1,2,14,2,Semi-Furnished,3684281.0,synthetic,2026-06-30,synthetic_listed_area,Multistorey Apartment,synthetic,synthetic://generator-v2
demo-00905,Ramapuram,724.0,2,3,9,1,Semi-Furnished,7375248.0,synthetic,2026-06-30,synthetic_listed_area,Multistorey Apartment,synthetic,synthetic://generator-v2
demo-00906,Kodambakkam,731.0,2,1,1,1,Furnished,11312562.0,synthetic,2026-06-30,synthetic_listed_area,Multistorey Apartment,synthetic,synthetic://generator-v2
demo-00907,Chromepet,356.0,1,2,28,0,Unfurnished,2002643.0,synthetic,2026-06-30,synthetic_listed_area,Multistorey Apartment,synthetic,synthetic://generator-v2
demo-00908,Kodambakkam,500.0,1,1,16,0,Semi-Furnished,5236823.0,synthetic,2026-06-30,synthetic_listed_area,Multistorey Apartment,synthetic,synthetic://generator-v2
demo-00909,Anna Nagar,1839.0,5,5,27,2,Unfurnished,26275096.0,synthetic,2026-06-30,synthetic_listed_area,Multistorey Apartment,synthetic,synthetic://generator-v2
demo-00910,Teynampet,1750.0,3,3,21,2,Unfurnished,44537969.0,synthetic,2026-06-30,synthetic_listed_area,Multistorey Apartment,synthetic,synthetic://generator-v2
demo-00911,Egmore,1753.0,3,2,31,2,Furnished,31589824.0,synthetic,2026-06-30,synthetic_listed_area,Multistorey Apartment,synthetic,synthetic://generator-v2
demo-00912,Kodambakkam,2433.0,5,6,35,2,Unfurnished,30017879.0,synthetic,2026-06-30,synthetic_listed_area,Multistorey Apartment,synthetic,synthetic://generator-v2
demo-00913,Velachery,1008.0,2,3,21,1,Furnished,10241611.0,synthetic,2026-06-30,synthetic_listed_area,Multistorey Apartment,synthetic,synthetic://generator-v2
demo-00914,Navalur,1269.0,3,3,12,0,Furnished,9559164.0,synthetic,2026-06-30,synthetic_listed_area,Multistorey Apartment,synthetic,synthetic://generator-v2
demo-00915,Kovur,1830.0,5,4,15,2,Furnished,14468059.0,synthetic,2026-06-30,synthetic_listed_area,Multistorey Apartment,synthetic,synthetic://generator-v2
demo-00916,Kundrathur,2137.0,4,3,29,2,Unfurnished,9235442.0,synthetic,2026-06-30,synthetic_listed_area,Multistorey Apartment,synthetic,synthetic://generator-v2
demo-00917,Teynampet,751.0,2,1,15,1,Unfurnished,16743219.0,synthetic,2026-06-30,synthetic_listed_area,Multistorey Apartment,synthetic,synthetic://generator-v2
demo-00918,Karapakkam,743.0,2,3,18,0,Semi-Furnished,4321556.0,synthetic,2026-06-30,synthetic_listed_area,Multistorey Apartment,synthetic,synthetic://generator-v2
demo-00919,Navalur,428.0,1,1,6,2,Semi-Furnished,3469241.0,synthetic,2026-06-30,synthetic_listed_area,Multistorey Apartment,synthetic,synthetic://generator-v2
demo-00920,Thiruporur,353.0,1,1,35,2,Furnished,1193070.0,synthetic,2026-06-30,synthetic_listed_area,Multistorey Apartment,synthetic,synthetic://generator-v2
demo-00921,Kundrathur,459.0,1,1,23,0,Semi-Furnished,2413666.0,synthetic,2026-06-30,synthetic_listed_area,Multistorey Apartment,synthetic,synthetic://generator-v2
demo-00922,Kovur,2108.0,4,5,11,0,Unfurnished,10673613.0,synthetic,2026-06-30,synthetic_listed_area,Multistorey Apartment,synthetic,synthetic://generator-v2
demo-00923,Chromepet,2201.0,4,4,21,2,Furnished,12305872.0,synthetic,2026-06-30,synthetic_listed_area,Multistorey Apartment,synthetic,synthetic://generator-v2
demo-00924,Karapakkam,1503.0,3,3,14,0,Furnished,14994153.0,synthetic,2026-06-30,synthetic_listed_area,Multistorey Apartment,synthetic,synthetic://generator-v2
demo-00925,Velachery,2247.0,4,3,5,2,Semi-Furnished,20638115.0,synthetic,2026-06-30,synthetic_listed_area,Multistorey Apartment,synthetic,synthetic://generator-v2
demo-00926,Kundrathur,452.0,1,2,31,2,Furnished,2416388.0,synthetic,2026-06-30,synthetic_listed_area,Multistorey Apartment,synthetic,synthetic://generator-v2
demo-00927,Kilpauk,1124.0,2,1,31,0,Furnished,14308900.0,synthetic,2026-06-30,synthetic_listed_area,Multistorey Apartment,synthetic,synthetic://generator-v2
demo-00928,Kovur,953.0,2,3,30,0,Semi-Furnished,5572752.0,synthetic,2026-06-30,synthetic_listed_area,Multistorey Apartment,synthetic,synthetic://generator-v2
demo-00929,Kundrathur,2029.0,5,4,13,1,Unfurnished,11658753.0,synthetic,2026-06-30,synthetic_listed_area,Multistorey Apartment,synthetic,synthetic://generator-v2
demo-00930,Kundrathur,2344.0,4,3,9,1,Semi-Furnished,14877739.0,synthetic,2026-06-30,synthetic_listed_area,Multistorey Apartment,synthetic,synthetic://generator-v2
demo-00931,Porur,2094.0,5,5,1,2,Semi-Furnished,17872994.0,synthetic,2026-06-30,synthetic_listed_area,Multistorey Apartment,synthetic,synthetic://generator-v2
demo-00932,Karapakkam,713.0,2,1,26,1,Furnished,5634830.0,synthetic,2026-06-30,synthetic_listed_area,Multistorey Apartment,synthetic,synthetic://generator-v2
demo-00933,Porur,2053.0,5,4,11,0,Furnished,15194718.0,synthetic,2026-06-30,synthetic_listed_area,Multistorey Apartment,synthetic,synthetic://generator-v2
demo-00934,Kovur,442.0,1,1,32,2,Semi-Furnished,2882487.0,synthetic,2026-06-30,synthetic_listed_area,Multistorey Apartment,synthetic,synthetic://generator-v2
demo-00935,Thoraipakkam,876.0,2,3,31,2,Semi-Furnished,7080715.0,synthetic,2026-06-30,synthetic_listed_area,Multistorey Apartment,synthetic,synthetic://generator-v2
demo-00936,Chromepet,1444.0,3,4,4,1,Semi-Furnished,9166599.0,synthetic,2026-06-30,synthetic_listed_area,Multistorey Apartment,synthetic,synthetic://generator-v2
demo-00937,Chromepet,571.0,1,1,33,2,Semi-Furnished,2932241.0,synthetic,2026-06-30,synthetic_listed_area,Multistorey Apartment,synthetic,synthetic://generator-v2
demo-00938,Kovur,2115.0,5,5,5,2,Semi-Furnished,15133523.0,synthetic,2026-06-30,synthetic_listed_area,Multistorey Apartment,synthetic,synthetic://generator-v2
demo-00939,Koyambedu,2401.0,5,5,17,2,Semi-Furnished,26182090.0,synthetic,2026-06-30,synthetic_listed_area,Multistorey Apartment,synthetic,synthetic://generator-v2
demo-00940,Porur,1305.0,3,3,17,2,Semi-Furnished,7734115.0,synthetic,2026-06-30,synthetic_listed_area,Multistorey Apartment,synthetic,synthetic://generator-v2
demo-00941,Kodambakkam,1111.0,2,2,34,1,Furnished,13825988.0,synthetic,2026-06-30,synthetic_listed_area,Multistorey Apartment,synthetic,synthetic://generator-v2
demo-00942,Thoraipakkam,389.0,1,2,23,0,Unfurnished,4049884.0,synthetic,2026-06-30,synthetic_listed_area,Multistorey Apartment,synthetic,synthetic://generator-v2
demo-00943,Koyambedu,1504.0,4,4,31,1,Unfurnished,12865412.0,synthetic,2026-06-30,synthetic_listed_area,Multistorey Apartment,synthetic,synthetic://generator-v2
demo-00944,Chromepet,1427.0,3,3,21,2,Furnished,9105082.0,synthetic,2026-06-30,synthetic_listed_area,Multistorey Apartment,synthetic,synthetic://generator-v2
demo-00945,Chromepet,2072.0,4,5,29,2,Furnished,13716865.0,synthetic,2026-06-30,synthetic_listed_area,Multistorey Apartment,synthetic,synthetic://generator-v2
demo-00946,Velachery,2196.0,4,4,30,2,Semi-Furnished,20916290.0,synthetic,2026-06-30,synthetic_listed_area,Multistorey Apartment,synthetic,synthetic://generator-v2
demo-00947,Chromepet,497.0,1,1,30,1,Semi-Furnished,2549674.0,synthetic,2026-06-30,synthetic_listed_area,Multistorey Apartment,synthetic,synthetic://generator-v2
demo-00948,Velachery,543.0,1,1,14,1,Semi-Furnished,4651184.0,synthetic,2026-06-30,synthetic_listed_area,Multistorey Apartment,synthetic,synthetic://generator-v2
demo-00949,Karapakkam,1793.0,4,4,13,0,Semi-Furnished,16535002.0,synthetic,2026-06-30,synthetic_listed_area,Multistorey Apartment,synthetic,synthetic://generator-v2
demo-00950,Anna Nagar,358.0,1,1,35,0,Unfurnished,4709680.0,synthetic,2026-06-30,synthetic_listed_area,Multistorey Apartment,synthetic,synthetic://generator-v2
demo-00951,Kilpauk,1895.0,5,6,27,0,Semi-Furnished,26077548.0,synthetic,2026-06-30,synthetic_listed_area,Multistorey Apartment,synthetic,synthetic://generator-v2
demo-00952,Navalur,360.0,1,1,33,2,Unfurnished,2322438.0,synthetic,2026-06-30,synthetic_listed_area,Multistorey Apartment,synthetic,synthetic://generator-v2
demo-00953,Kovur,1729.0,4,3,20,2,Unfurnished,9564832.0,synthetic,2026-06-30,synthetic_listed_area,Multistorey Apartment,synthetic,synthetic://generator-v2
demo-00954,Teynampet,2369.0,5,5,33,0,Semi-Furnished,58816840.0,synthetic,2026-06-30,synthetic_listed_area,Multistorey Apartment,synthetic,synthetic://generator-v2
demo-00955,Navalur,1317.0,3,4,25,1,Furnished,10198634.0,synthetic,2026-06-30,synthetic_listed_area,Multistorey Apartment,synthetic,synthetic://generator-v2
demo-00956,Kodambakkam,490.0,1,2,26,1,Unfurnished,5826113.0,synthetic,2026-06-30,synthetic_listed_area,Multistorey Apartment,synthetic,synthetic://generator-v2
demo-00957,Navalur,2351.0,5,6,6,0,Furnished,19491066.0,synthetic,2026-06-30,synthetic_listed_area,Multistorey Apartment,synthetic,synthetic://generator-v2
demo-00958,Velachery,519.0,1,2,20,1,Semi-Furnished,5994686.0,synthetic,2026-06-30,synthetic_listed_area,Multistorey Apartment,synthetic,synthetic://generator-v2
demo-00959,Kovur,1550.0,3,3,26,1,Furnished,9100963.0,synthetic,2026-06-30,synthetic_listed_area,Multistorey Apartment,synthetic,synthetic://generator-v2
demo-00960,Chromepet,2148.0,5,6,27,2,Semi-Furnished,14288024.0,synthetic,2026-06-30,synthetic_listed_area,Multistorey Apartment,synthetic,synthetic://generator-v2
demo-00961,Kodambakkam,1746.0,4,5,34,2,Furnished,18793241.0,synthetic,2026-06-30,synthetic_listed_area,Multistorey Apartment,synthetic,synthetic://generator-v2
demo-00962,Thiruporur,496.0,1,1,11,0,Semi-Furnished,2374062.0,synthetic,2026-06-30,synthetic_listed_area,Multistorey Apartment,synthetic,synthetic://generator-v2
demo-00963,Egmore,2496.0,5,5,10,1,Furnished,55964951.0,synthetic,2026-06-30,synthetic_listed_area,Multistorey Apartment,synthetic,synthetic://generator-v2
demo-00964,Velachery,429.0,1,2,34,2,Semi-Furnished,3539648.0,synthetic,2026-06-30,synthetic_listed_area,Multistorey Apartment,synthetic,synthetic://generator-v2
demo-00965,Navalur,1730.0,4,4,35,2,Semi-Furnished,14335413.0,synthetic,2026-06-30,synthetic_listed_area,Multistorey Apartment,synthetic,synthetic://generator-v2
demo-00966,Navalur,2094.0,4,3,6,2,Semi-Furnished,18205742.0,synthetic,2026-06-30,synthetic_listed_area,Multistorey Apartment,synthetic,synthetic://generator-v2
demo-00967,Kilpauk,1024.0,2,1,13,2,Furnished,14703301.0,synthetic,2026-06-30,synthetic_listed_area,Multistorey Apartment,synthetic,synthetic://generator-v2
demo-00968,Thoraipakkam,1151.0,3,3,34,0,Furnished,9899833.0,synthetic,2026-06-30,synthetic_listed_area,Multistorey Apartment,synthetic,synthetic://generator-v2
demo-00969,Adyar,460.0,1,1,7,2,Unfurnished,9889571.0,synthetic,2026-06-30,synthetic_listed_area,Multistorey Apartment,synthetic,synthetic://generator-v2
demo-00970,Kilpauk,2866.0,5,4,28,2,Furnished,46820289.0,synthetic,2026-06-30,synthetic_listed_area,Multistorey Apartment,synthetic,synthetic://generator-v2
demo-00971,Kovur,718.0,2,1,4,2,Furnished,4732547.0,synthetic,2026-06-30,synthetic_listed_area,Multistorey Apartment,synthetic,synthetic://generator-v2
demo-00972,Koyambedu,1128.0,2,2,6,2,Furnished,15405733.0,synthetic,2026-06-30,synthetic_listed_area,Multistorey Apartment,synthetic,synthetic://generator-v2
demo-00973,Koyambedu,1172.0,3,3,28,0,Semi-Furnished,13364029.0,synthetic,2026-06-30,synthetic_listed_area,Multistorey Apartment,synthetic,synthetic://generator-v2
demo-00974,Chromepet,1907.0,4,4,21,0,Semi-Furnished,10113192.0,synthetic,2026-06-30,synthetic_listed_area,Multistorey Apartment,synthetic,synthetic://generator-v2
demo-00975,Egmore,1368.0,3,3,19,1,Furnished,33333476.0,synthetic,2026-06-30,synthetic_listed_area,Multistorey Apartment,synthetic,synthetic://generator-v2
demo-00976,Anna Nagar,1058.0,3,4,30,1,Semi-Furnished,15020063.0,synthetic,2026-06-30,synthetic_listed_area,Multistorey Apartment,synthetic,synthetic://generator-v2
demo-00977,Kundrathur,1737.0,3,2,11,0,Semi-Furnished,9358336.0,synthetic,2026-06-30,synthetic_listed_area,Multistorey Apartment,synthetic,synthetic://generator-v2
demo-00978,Kilpauk,2319.0,5,5,18,0,Semi-Furnished,39187099.0,synthetic,2026-06-30,synthetic_listed_area,Multistorey Apartment,synthetic,synthetic://generator-v2
demo-00979,Kundrathur,1177.0,2,2,21,2,Semi-Furnished,5892231.0,synthetic,2026-06-30,synthetic_listed_area,Multistorey Apartment,synthetic,synthetic://generator-v2
demo-00980,Navalur,2108.0,5,4,26,1,Unfurnished,16369036.0,synthetic,2026-06-30,synthetic_listed_area,Multistorey Apartment,synthetic,synthetic://generator-v2
demo-00981,Porur,2266.0,4,3,11,0,Unfurnished,13496113.0,synthetic,2026-06-30,synthetic_listed_area,Multistorey Apartment,synthetic,synthetic://generator-v2
demo-00982,Kundrathur,2903.0,5,4,22,1,Unfurnished,13666031.0,synthetic,2026-06-30,synthetic_listed_area,Multistorey Apartment,synthetic,synthetic://generator-v2
demo-00983,Porur,2446.0,5,4,16,1,Semi-Furnished,20905744.0,synthetic,2026-06-30,synthetic_listed_area,Multistorey Apartment,synthetic,synthetic://generator-v2
demo-00984,Kundrathur,1603.0,4,3,19,0,Semi-Furnished,10096070.0,synthetic,2026-06-30,synthetic_listed_area,Multistorey Apartment,synthetic,synthetic://generator-v2
demo-00985,Porur,1043.0,2,1,31,2,Semi-Furnished,6447958.0,synthetic,2026-06-30,synthetic_listed_area,Multistorey Apartment,synthetic,synthetic://generator-v2
demo-00986,Navalur,1949.0,4,3,14,1,Furnished,13658006.0,synthetic,2026-06-30,synthetic_listed_area,Multistorey Apartment,synthetic,synthetic://generator-v2
demo-00987,Kilpauk,2345.0,4,5,24,0,Unfurnished,34173631.0,synthetic,2026-06-30,synthetic_listed_area,Multistorey Apartment,synthetic,synthetic://generator-v2
demo-00988,Karapakkam,920.0,2,3,33,0,Semi-Furnished,6730747.0,synthetic,2026-06-30,synthetic_listed_area,Multistorey Apartment,synthetic,synthetic://generator-v2
demo-00989,Teynampet,1669.0,4,4,27,2,Unfurnished,39937683.0,synthetic,2026-06-30,synthetic_listed_area,Multistorey Apartment,synthetic,synthetic://generator-v2
demo-00990,Kilpauk,769.0,2,1,35,0,Unfurnished,10801330.0,synthetic,2026-06-30,synthetic_listed_area,Multistorey Apartment,synthetic,synthetic://generator-v2
demo-00991,Kundrathur,1574.0,3,4,21,0,Semi-Furnished,7426320.0,synthetic,2026-06-30,synthetic_listed_area,Multistorey Apartment,synthetic,synthetic://generator-v2
demo-00992,Egmore,2374.0,4,3,10,1,Unfurnished,33074723.0,synthetic,2026-06-30,synthetic_listed_area,Multistorey Apartment,synthetic,synthetic://generator-v2
demo-00993,Kovur,357.0,1,1,35,1,Unfurnished,1697462.0,synthetic,2026-06-30,synthetic_listed_area,Multistorey Apartment,synthetic,synthetic://generator-v2
demo-00994,Kundrathur,1070.0,2,2,23,0,Furnished,5540565.0,synthetic,2026-06-30,synthetic_listed_area,Multistorey Apartment,synthetic,synthetic://generator-v2
demo-00995,Navalur,2327.0,4,4,8,1,Furnished,14984572.0,synthetic,2026-06-30,synthetic_listed_area,Multistorey Apartment,synthetic,synthetic://generator-v2
demo-00996,Koyambedu,1106.0,3,2,11,0,Unfurnished,12981380.0,synthetic,2026-06-30,synthetic_listed_area,Multistorey Apartment,synthetic,synthetic://generator-v2
demo-00997,Kodambakkam,1888.0,5,6,9,1,Unfurnished,20555705.0,synthetic,2026-06-30,synthetic_listed_area,Multistorey Apartment,synthetic,synthetic://generator-v2
demo-00998,Velachery,523.0,1,1,30,0,Unfurnished,5367920.0,synthetic,2026-06-30,synthetic_listed_area,Multistorey Apartment,synthetic,synthetic://generator-v2
demo-00999,Koyambedu,2048.0,4,3,3,1,Semi-Furnished,36551756.0,synthetic,2026-06-30,synthetic_listed_area,Multistorey Apartment,synthetic,synthetic://generator-v2
demo-01000,Teynampet,1836.0,5,5,26,2,Furnished,42395171.0,synthetic,2026-06-30,synthetic_listed_area,Multistorey Apartment,synthetic,synthetic://generator-v2
demo-01001,Ramapuram,2793.0,5,5,19,2,Unfurnished,30330982.0,synthetic,2026-06-30,synthetic_listed_area,Multistorey Apartment,synthetic,synthetic://generator-v2
demo-01002,Kundrathur,481.0,1,2,2,0,Unfurnished,2395048.0,synthetic,2026-06-30,synthetic_listed_area,Multistorey Apartment,synthetic,synthetic://generator-v2
demo-01003,Thoraipakkam,2884.0,5,4,22,0,Semi-Furnished,26271752.0,synthetic,2026-06-30,synthetic_listed_area,Multistorey Apartment,synthetic,synthetic://generator-v2
demo-01004,Chromepet,1139.0,2,2,27,0,Furnished,8100289.0,synthetic,2026-06-30,synthetic_listed_area,Multistorey Apartment,synthetic,synthetic://generator-v2
demo-01005,Thoraipakkam,1106.0,2,1,26,1,Semi-Furnished,9772844.0,synthetic,2026-06-30,synthetic_listed_area,Multistorey Apartment,synthetic,synthetic://generator-v2
demo-01006,Thiruporur,958.0,2,1,19,1,Furnished,3813418.0,synthetic,2026-06-30,synthetic_listed_area,Multistorey Apartment,synthetic,synthetic://generator-v2
demo-01007,Koyambedu,1652.0,4,4,12,2,Semi-Furnished,18818772.0,synthetic,2026-06-30,synthetic_listed_area,Multistorey Apartment,synthetic,synthetic://generator-v2
demo-01008,Ramapuram,1906.0,4,5,5,2,Unfurnished,25628018.0,synthetic,2026-06-30,synthetic_listed_area,Multistorey Apartment,synthetic,synthetic://generator-v2
demo-01009,Koyambedu,1126.0,3,2,0,2,Semi-Furnished,10317524.0,synthetic,2026-06-30,synthetic_listed_area,Multistorey Apartment,synthetic,synthetic://generator-v2
demo-01010,Karapakkam,515.0,1,2,12,0,Furnished,4627006.0,synthetic,2026-06-30,synthetic_listed_area,Multistorey Apartment,synthetic,synthetic://generator-v2
demo-01011,Teynampet,1917.0,5,5,22,0,Semi-Furnished,48366483.0,synthetic,2026-06-30,synthetic_listed_area,Multistorey Apartment,synthetic,synthetic://generator-v2
demo-01012,Karapakkam,956.0,2,2,1,2,Unfurnished,8803283.0,synthetic,2026-06-30,synthetic_listed_area,Multistorey Apartment,synthetic,synthetic://generator-v2
demo-01013,Kilpauk,364.0,1,2,35,2,Unfurnished,5291281.0,synthetic,2026-06-30,synthetic_listed_area,Multistorey Apartment,synthetic,synthetic://generator-v2
demo-01014,Koyambedu,1275.0,3,2,21,0,Semi-Furnished,17384982.0,synthetic,2026-06-30,synthetic_listed_area,Multistorey Apartment,synthetic,synthetic://generator-v2
demo-01015,Thiruporur,1224.0,3,2,10,0,Semi-Furnished,4251098.0,synthetic,2026-06-30,synthetic_listed_area,Multistorey Apartment,synthetic,synthetic://generator-v2
demo-01016,Kodambakkam,2020.0,4,5,34,2,Semi-Furnished,30321098.0,synthetic,2026-06-30,synthetic_listed_area,Multistorey Apartment,synthetic,synthetic://generator-v2
demo-01017,Koyambedu,2733.0,5,4,6,1,Semi-Furnished,29957307.0,synthetic,2026-06-30,synthetic_listed_area,Multistorey Apartment,synthetic,synthetic://generator-v2
demo-01018,Adyar,364.0,1,2,34,2,Semi-Furnished,6777925.0,synthetic,2026-06-30,synthetic_listed_area,Multistorey Apartment,synthetic,synthetic://generator-v2
demo-01019,Anna Nagar,1125.0,2,3,10,1,Semi-Furnished,18172161.0,synthetic,2026-06-30,synthetic_listed_area,Multistorey Apartment,synthetic,synthetic://generator-v2
demo-01020,Adyar,1696.0,3,4,13,2,Unfurnished,28262671.0,synthetic,2026-06-30,synthetic_listed_area,Multistorey Apartment,synthetic,synthetic://generator-v2
demo-01021,Anna Nagar,1742.0,4,4,15,2,Semi-Furnished,25724565.0,synthetic,2026-06-30,synthetic_listed_area,Multistorey Apartment,synthetic,synthetic://generator-v2
demo-01022,Thiruporur,2059.0,4,4,35,0,Semi-Furnished,7181311.0,synthetic,2026-06-30,synthetic_listed_area,Multistorey Apartment,synthetic,synthetic://generator-v2
demo-01023,Thiruporur,901.0,2,3,9,0,Furnished,4028776.0,synthetic,2026-06-30,synthetic_listed_area,Multistorey Apartment,synthetic,synthetic://generator-v2
demo-01024,Teynampet,1554.0,4,3,35,2,Furnished,34302663.0,synthetic,2026-06-30,synthetic_listed_area,Multistorey Apartment,synthetic,synthetic://generator-v2
demo-01025,Adyar,2411.0,5,4,12,0,Semi-Furnished,41445524.0,synthetic,2026-06-30,synthetic_listed_area,Multistorey Apartment,synthetic,synthetic://generator-v2
demo-01026,Anna Nagar,1115.0,3,3,10,0,Unfurnished,15306799.0,synthetic,2026-06-30,synthetic_listed_area,Multistorey Apartment,synthetic,synthetic://generator-v2
demo-01027,Karapakkam,2848.0,5,5,22,2,Unfurnished,21067313.0,synthetic,2026-06-30,synthetic_listed_area,Multistorey Apartment,synthetic,synthetic://generator-v2
demo-01028,Kundrathur,2324.0,4,5,24,0,Unfurnished,10106542.0,synthetic,2026-06-30,synthetic_listed_area,Multistorey Apartment,synthetic,synthetic://generator-v2
demo-01029,Kilpauk,1111.0,2,3,12,0,Unfurnished,14085765.0,synthetic,2026-06-30,synthetic_listed_area,Multistorey Apartment,synthetic,synthetic://generator-v2
demo-01030,Koyambedu,981.0,2,2,4,0,Furnished,12636558.0,synthetic,2026-06-30,synthetic_listed_area,Multistorey Apartment,synthetic,synthetic://generator-v2
demo-01031,Chromepet,1958.0,4,3,14,1,Unfurnished,12236745.0,synthetic,2026-06-30,synthetic_listed_area,Multistorey Apartment,synthetic,synthetic://generator-v2
demo-01032,Ramapuram,1192.0,2,1,19,1,Unfurnished,12490892.0,synthetic,2026-06-30,synthetic_listed_area,Multistorey Apartment,synthetic,synthetic://generator-v2
demo-01033,Kilpauk,824.0,2,3,1,2,Semi-Furnished,18001966.0,synthetic,2026-06-30,synthetic_listed_area,Multistorey Apartment,synthetic,synthetic://generator-v2
demo-01034,Anna Nagar,738.0,2,2,2,2,Unfurnished,9211566.0,synthetic,2026-06-30,synthetic_listed_area,Multistorey Apartment,synthetic,synthetic://generator-v2
demo-01035,Ramapuram,1962.0,4,4,33,1,Furnished,20710762.0,synthetic,2026-06-30,synthetic_listed_area,Multistorey Apartment,synthetic,synthetic://generator-v2
demo-01036,Thoraipakkam,864.0,2,2,1,2,Furnished,10197873.0,synthetic,2026-06-30,synthetic_listed_area,Multistorey Apartment,synthetic,synthetic://generator-v2
demo-01037,Adyar,1722.0,4,5,14,0,Furnished,34649179.0,synthetic,2026-06-30,synthetic_listed_area,Multistorey Apartment,synthetic,synthetic://generator-v2
demo-01038,Kovur,1759.0,5,4,27,1,Semi-Furnished,11789160.0,synthetic,2026-06-30,synthetic_listed_area,Multistorey Apartment,synthetic,synthetic://generator-v2
demo-01039,Thiruporur,2495.0,5,4,11,0,Semi-Furnished,10119437.0,synthetic,2026-06-30,synthetic_listed_area,Multistorey Apartment,synthetic,synthetic://generator-v2
demo-01040,Ramapuram,2080.0,5,6,17,0,Semi-Furnished,22409553.0,synthetic,2026-06-30,synthetic_listed_area,Multistorey Apartment,synthetic,synthetic://generator-v2
demo-01041,Thiruporur,397.0,1,1,3,2,Unfurnished,1596909.0,synthetic,2026-06-30,synthetic_listed_area,Multistorey Apartment,synthetic,synthetic://generator-v2
demo-01042,Kovur,1080.0,3,4,28,0,Semi-Furnished,6965950.0,synthetic,2026-06-30,synthetic_listed_area,Multistorey Apartment,synthetic,synthetic://generator-v2
demo-01043,Kodambakkam,882.0,2,1,22,1,Furnished,8738826.0,synthetic,2026-06-30,synthetic_listed_area,Multistorey Apartment,synthetic,synthetic://generator-v2
demo-01044,Ramapuram,2849.0,5,4,30,1,Unfurnished,30103164.0,synthetic,2026-06-30,synthetic_listed_area,Multistorey Apartment,synthetic,synthetic://generator-v2
demo-01045,Chromepet,1737.0,4,5,31,0,Unfurnished,8921329.0,synthetic,2026-06-30,synthetic_listed_area,Multistorey Apartment,synthetic,synthetic://generator-v2
demo-01046,Karapakkam,1040.0,2,3,12,2,Semi-Furnished,9299539.0,synthetic,2026-06-30,synthetic_listed_area,Multistorey Apartment,synthetic,synthetic://generator-v2
demo-01047,Navalur,1617.0,3,2,1,0,Semi-Furnished,12820296.0,synthetic,2026-06-30,synthetic_listed_area,Multistorey Apartment,synthetic,synthetic://generator-v2
demo-01048,Porur,1728.0,4,5,12,0,Furnished,13203209.0,synthetic,2026-06-30,synthetic_listed_area,Multistorey Apartment,synthetic,synthetic://generator-v2
demo-01049,Chromepet,1666.0,3,2,5,1,Furnished,13175684.0,synthetic,2026-06-30,synthetic_listed_area,Multistorey Apartment,synthetic,synthetic://generator-v2
demo-01050,Koyambedu,1569.0,3,2,19,0,Furnished,29259071.0,synthetic,2026-06-30,synthetic_listed_area,Multistorey Apartment,synthetic,synthetic://generator-v2
demo-01051,Kodambakkam,490.0,1,2,5,2,Semi-Furnished,8043194.0,synthetic,2026-06-30,synthetic_listed_area,Multistorey Apartment,synthetic,synthetic://generator-v2
demo-01052,Koyambedu,1051.0,3,2,33,0,Furnished,10844377.0,synthetic,2026-06-30,synthetic_listed_area,Multistorey Apartment,synthetic,synthetic://generator-v2
demo-01053,Velachery,718.0,2,1,21,0,Unfurnished,6882681.0,synthetic,2026-06-30,synthetic_listed_area,Multistorey Apartment,synthetic,synthetic://generator-v2
demo-01054,Anna Nagar,2989.0,5,4,9,0,Semi-Furnished,51116220.0,synthetic,2026-06-30,synthetic_listed_area,Multistorey Apartment,synthetic,synthetic://generator-v2
demo-01055,Velachery,2728.0,5,5,33,0,Unfurnished,19642983.0,synthetic,2026-06-30,synthetic_listed_area,Multistorey Apartment,synthetic,synthetic://generator-v2
demo-01056,Kovur,2338.0,4,3,27,0,Furnished,12325700.0,synthetic,2026-06-30,synthetic_listed_area,Multistorey Apartment,synthetic,synthetic://generator-v2
demo-01057,Teynampet,576.0,1,1,15,1,Semi-Furnished,15504599.0,synthetic,2026-06-30,synthetic_listed_area,Multistorey Apartment,synthetic,synthetic://generator-v2
demo-01058,Kovur,1776.0,5,4,5,0,Semi-Furnished,13799884.0,synthetic,2026-06-30,synthetic_listed_area,Multistorey Apartment,synthetic,synthetic://generator-v2
demo-01059,Kilpauk,1096.0,2,2,12,0,Unfurnished,13085870.0,synthetic,2026-06-30,synthetic_listed_area,Multistorey Apartment,synthetic,synthetic://generator-v2
demo-01060,Teynampet,1388.0,3,3,21,0,Furnished,33453551.0,synthetic,2026-06-30,synthetic_listed_area,Multistorey Apartment,synthetic,synthetic://generator-v2
demo-01061,Porur,2737.0,5,4,27,0,Semi-Furnished,19995313.0,synthetic,2026-06-30,synthetic_listed_area,Multistorey Apartment,synthetic,synthetic://generator-v2
demo-01062,Chromepet,1758.0,5,5,9,1,Furnished,11483358.0,synthetic,2026-06-30,synthetic_listed_area,Multistorey Apartment,synthetic,synthetic://generator-v2
demo-01063,Porur,422.0,1,1,26,2,Semi-Furnished,3591451.0,synthetic,2026-06-30,synthetic_listed_area,Multistorey Apartment,synthetic,synthetic://generator-v2
demo-01064,Ramapuram,1076.0,2,2,10,0,Unfurnished,9664385.0,synthetic,2026-06-30,synthetic_listed_area,Multistorey Apartment,synthetic,synthetic://generator-v2
demo-01065,Kodambakkam,2193.0,4,4,8,2,Semi-Furnished,40839302.0,synthetic,2026-06-30,synthetic_listed_area,Multistorey Apartment,synthetic,synthetic://generator-v2
demo-01066,Thoraipakkam,1515.0,3,2,16,2,Semi-Furnished,12717812.0,synthetic,2026-06-30,synthetic_listed_area,Multistorey Apartment,synthetic,synthetic://generator-v2
demo-01067,Navalur,851.0,2,2,5,0,Unfurnished,5066001.0,synthetic,2026-06-30,synthetic_listed_area,Multistorey Apartment,synthetic,synthetic://generator-v2
demo-01068,Kilpauk,1283.0,3,4,14,1,Unfurnished,18820436.0,synthetic,2026-06-30,synthetic_listed_area,Multistorey Apartment,synthetic,synthetic://generator-v2
demo-01069,Adyar,2958.0,5,4,12,1,Furnished,47692978.0,synthetic,2026-06-30,synthetic_listed_area,Multistorey Apartment,synthetic,synthetic://generator-v2
demo-01070,Porur,920.0,2,1,10,1,Semi-Furnished,7119026.0,synthetic,2026-06-30,synthetic_listed_area,Multistorey Apartment,synthetic,synthetic://generator-v2
demo-01071,Egmore,1847.0,4,3,27,0,Semi-Furnished,29420055.0,synthetic,2026-06-30,synthetic_listed_area,Multistorey Apartment,synthetic,synthetic://generator-v2
demo-01072,Ramapuram,1952.0,4,5,11,1,Semi-Furnished,21286619.0,synthetic,2026-06-30,synthetic_listed_area,Multistorey Apartment,synthetic,synthetic://generator-v2
demo-01073,Koyambedu,2262.0,5,6,25,0,Furnished,23810649.0,synthetic,2026-06-30,synthetic_listed_area,Multistorey Apartment,synthetic,synthetic://generator-v2
demo-01074,Kovur,976.0,2,3,25,2,Unfurnished,6348682.0,synthetic,2026-06-30,synthetic_listed_area,Multistorey Apartment,synthetic,synthetic://generator-v2
demo-01075,Chromepet,916.0,2,1,23,1,Semi-Furnished,4999337.0,synthetic,2026-06-30,synthetic_listed_area,Multistorey Apartment,synthetic,synthetic://generator-v2
demo-01076,Ramapuram,1670.0,3,3,9,0,Unfurnished,20946569.0,synthetic,2026-06-30,synthetic_listed_area,Multistorey Apartment,synthetic,synthetic://generator-v2
demo-01077,Chromepet,1732.0,3,2,29,1,Unfurnished,8999117.0,synthetic,2026-06-30,synthetic_listed_area,Multistorey Apartment,synthetic,synthetic://generator-v2
demo-01078,Kovur,1749.0,3,4,8,2,Unfurnished,10686001.0,synthetic,2026-06-30,synthetic_listed_area,Multistorey Apartment,synthetic,synthetic://generator-v2
demo-01079,Thiruporur,1964.0,4,4,9,2,Semi-Furnished,6870240.0,synthetic,2026-06-30,synthetic_listed_area,Multistorey Apartment,synthetic,synthetic://generator-v2
demo-01080,Thoraipakkam,1842.0,4,4,31,0,Semi-Furnished,16038704.0,synthetic,2026-06-30,synthetic_listed_area,Multistorey Apartment,synthetic,synthetic://generator-v2
demo-01081,Velachery,1053.0,2,2,12,2,Semi-Furnished,8926898.0,synthetic,2026-06-30,synthetic_listed_area,Multistorey Apartment,synthetic,synthetic://generator-v2
demo-01082,Velachery,2238.0,4,5,25,0,Furnished,17124495.0,synthetic,2026-06-30,synthetic_listed_area,Multistorey Apartment,synthetic,synthetic://generator-v2
demo-01083,Kundrathur,981.0,2,3,1,0,Semi-Furnished,6119805.0,synthetic,2026-06-30,synthetic_listed_area,Multistorey Apartment,synthetic,synthetic://generator-v2
demo-01084,Egmore,1575.0,3,4,22,0,Semi-Furnished,20818803.0,synthetic,2026-06-30,synthetic_listed_area,Multistorey Apartment,synthetic,synthetic://generator-v2
demo-01085,Thiruporur,537.0,1,1,31,2,Furnished,2495393.0,synthetic,2026-06-30,synthetic_listed_area,Multistorey Apartment,synthetic,synthetic://generator-v2
demo-01086,Teynampet,1038.0,2,3,25,2,Semi-Furnished,27304997.0,synthetic,2026-06-30,synthetic_listed_area,Multistorey Apartment,synthetic,synthetic://generator-v2
demo-01087,Velachery,2683.0,5,6,20,1,Furnished,25652944.0,synthetic,2026-06-30,synthetic_listed_area,Multistorey Apartment,synthetic,synthetic://generator-v2
demo-01088,Porur,1206.0,3,3,30,2,Unfurnished,7077921.0,synthetic,2026-06-30,synthetic_listed_area,Multistorey Apartment,synthetic,synthetic://generator-v2
demo-01089,Chromepet,1898.0,4,5,10,0,Furnished,13282762.0,synthetic,2026-06-30,synthetic_listed_area,Multistorey Apartment,synthetic,synthetic://generator-v2
demo-01090,Koyambedu,497.0,1,2,13,0,Furnished,6346187.0,synthetic,2026-06-30,synthetic_listed_area,Multistorey Apartment,synthetic,synthetic://generator-v2
demo-01091,Kovur,1402.0,4,5,2,2,Semi-Furnished,9497245.0,synthetic,2026-06-30,synthetic_listed_area,Multistorey Apartment,synthetic,synthetic://generator-v2
demo-01092,Thiruporur,1128.0,2,1,25,2,Unfurnished,4397524.0,synthetic,2026-06-30,synthetic_listed_area,Multistorey Apartment,synthetic,synthetic://generator-v2
demo-01093,Kodambakkam,2010.0,4,5,26,0,Semi-Furnished,18839686.0,synthetic,2026-06-30,synthetic_listed_area,Multistorey Apartment,synthetic,synthetic://generator-v2
demo-01094,Kilpauk,1911.0,5,5,27,0,Furnished,21746113.0,synthetic,2026-06-30,synthetic_listed_area,Multistorey Apartment,synthetic,synthetic://generator-v2
demo-01095,Anna Nagar,1662.0,3,2,26,1,Semi-Furnished,20348917.0,synthetic,2026-06-30,synthetic_listed_area,Multistorey Apartment,synthetic,synthetic://generator-v2
demo-01096,Thiruporur,529.0,1,1,4,0,Unfurnished,2349705.0,synthetic,2026-06-30,synthetic_listed_area,Multistorey Apartment,synthetic,synthetic://generator-v2
demo-01097,Ramapuram,1619.0,3,4,23,2,Unfurnished,16528066.0,synthetic,2026-06-30,synthetic_listed_area,Multistorey Apartment,synthetic,synthetic://generator-v2
demo-01098,Adyar,448.0,1,2,27,2,Semi-Furnished,8492265.0,synthetic,2026-06-30,synthetic_listed_area,Multistorey Apartment,synthetic,synthetic://generator-v2
demo-01099,Kovur,1691.0,3,4,7,0,Furnished,10718979.0,synthetic,2026-06-30,synthetic_listed_area,Multistorey Apartment,synthetic,synthetic://generator-v2
demo-01100,Koyambedu,454.0,1,2,17,0,Semi-Furnished,5867600.0,synthetic,2026-06-30,synthetic_listed_area,Multistorey Apartment,synthetic,synthetic://generator-v2
demo-01101,Kovur,1971.0,4,4,32,2,Furnished,12073735.0,synthetic,2026-06-30,synthetic_listed_area,Multistorey Apartment,synthetic,synthetic://generator-v2
demo-01102,Thoraipakkam,700.0,2,3,14,1,Furnished,6548633.0,synthetic,2026-06-30,synthetic_listed_area,Multistorey Apartment,synthetic,synthetic://generator-v2
demo-01103,Chromepet,1022.0,2,1,27,0,Unfurnished,5692500.0,synthetic,2026-06-30,synthetic_listed_area,Multistorey Apartment,synthetic,synthetic://generator-v2
demo-01104,Kilpauk,530.0,1,1,19,0,Unfurnished,7366488.0,synthetic,2026-06-30,synthetic_listed_area,Multistorey Apartment,synthetic,synthetic://generator-v2
demo-01105,Egmore,2459.0,5,4,23,2,Furnished,40232199.0,synthetic,2026-06-30,synthetic_listed_area,Multistorey Apartment,synthetic,synthetic://generator-v2
demo-01106,Karapakkam,2371.0,5,6,22,2,Semi-Furnished,21175266.0,synthetic,2026-06-30,synthetic_listed_area,Multistorey Apartment,synthetic,synthetic://generator-v2
demo-01107,Thoraipakkam,2762.0,5,5,23,0,Furnished,26486713.0,synthetic,2026-06-30,synthetic_listed_area,Multistorey Apartment,synthetic,synthetic://generator-v2
demo-01108,Thoraipakkam,520.0,1,2,28,2,Furnished,4975974.0,synthetic,2026-06-30,synthetic_listed_area,Multistorey Apartment,synthetic,synthetic://generator-v2
demo-01109,Adyar,839.0,2,2,32,0,Semi-Furnished,12250525.0,synthetic,2026-06-30,synthetic_listed_area,Multistorey Apartment,synthetic,synthetic://generator-v2
demo-01110,Navalur,2949.0,5,5,10,0,Unfurnished,18625081.0,synthetic,2026-06-30,synthetic_listed_area,Multistorey Apartment,synthetic,synthetic://generator-v2
demo-01111,Egmore,1580.0,3,4,33,1,Furnished,25941467.0,synthetic,2026-06-30,synthetic_listed_area,Multistorey Apartment,synthetic,synthetic://generator-v2
demo-01112,Egmore,597.0,1,1,22,1,Semi-Furnished,9120342.0,synthetic,2026-06-30,synthetic_listed_area,Multistorey Apartment,synthetic,synthetic://generator-v2
demo-01113,Karapakkam,593.0,1,1,21,2,Unfurnished,4530619.0,synthetic,2026-06-30,synthetic_listed_area,Multistorey Apartment,synthetic,synthetic://generator-v2
demo-01114,Egmore,1159.0,2,1,11,2,Semi-Furnished,20946362.0,synthetic,2026-06-30,synthetic_listed_area,Multistorey Apartment,synthetic,synthetic://generator-v2
demo-01115,Koyambedu,2694.0,5,5,15,0,Unfurnished,35157836.0,synthetic,2026-06-30,synthetic_listed_area,Multistorey Apartment,synthetic,synthetic://generator-v2
demo-01116,Velachery,502.0,1,1,23,1,Unfurnished,4560339.0,synthetic,2026-06-30,synthetic_listed_area,Multistorey Apartment,synthetic,synthetic://generator-v2
demo-01117,Kundrathur,1965.0,5,4,13,2,Semi-Furnished,10181653.0,synthetic,2026-06-30,synthetic_listed_area,Multistorey Apartment,synthetic,synthetic://generator-v2
demo-01118,Ramapuram,1943.0,4,3,10,1,Semi-Furnished,20320556.0,synthetic,2026-06-30,synthetic_listed_area,Multistorey Apartment,synthetic,synthetic://generator-v2
demo-01119,Koyambedu,2707.0,5,4,29,0,Semi-Furnished,32423833.0,synthetic,2026-06-30,synthetic_listed_area,Multistorey Apartment,synthetic,synthetic://generator-v2
demo-01120,Adyar,2401.0,5,4,14,0,Furnished,31818890.0,synthetic,2026-06-30,synthetic_listed_area,Multistorey Apartment,synthetic,synthetic://generator-v2
demo-01121,Anna Nagar,1134.0,2,1,23,1,Semi-Furnished,18193035.0,synthetic,2026-06-30,synthetic_listed_area,Multistorey Apartment,synthetic,synthetic://generator-v2
demo-01122,Karapakkam,1887.0,5,4,1,1,Furnished,15478135.0,synthetic,2026-06-30,synthetic_listed_area,Multistorey Apartment,synthetic,synthetic://generator-v2
demo-01123,Karapakkam,445.0,1,2,2,1,Furnished,3847325.0,synthetic,2026-06-30,synthetic_listed_area,Multistorey Apartment,synthetic,synthetic://generator-v2
demo-01124,Thiruporur,953.0,2,1,30,0,Furnished,3348871.0,synthetic,2026-06-30,synthetic_listed_area,Multistorey Apartment,synthetic,synthetic://generator-v2
demo-01125,Thiruporur,916.0,2,2,5,0,Unfurnished,5119186.0,synthetic,2026-06-30,synthetic_listed_area,Multistorey Apartment,synthetic,synthetic://generator-v2
demo-01126,Thiruporur,377.0,1,1,28,1,Furnished,1818792.0,synthetic,2026-06-30,synthetic_listed_area,Multistorey Apartment,synthetic,synthetic://generator-v2
demo-01127,Navalur,388.0,1,2,32,2,Unfurnished,2828594.0,synthetic,2026-06-30,synthetic_listed_area,Multistorey Apartment,synthetic,synthetic://generator-v2
demo-01128,Kundrathur,559.0,1,1,17,1,Semi-Furnished,3104611.0,synthetic,2026-06-30,synthetic_listed_area,Multistorey Apartment,synthetic,synthetic://generator-v2
demo-01129,Porur,471.0,1,2,31,1,Semi-Furnished,2482330.0,synthetic,2026-06-30,synthetic_listed_area,Multistorey Apartment,synthetic,synthetic://generator-v2
demo-01130,Kodambakkam,724.0,2,2,15,2,Unfurnished,9412209.0,synthetic,2026-06-30,synthetic_listed_area,Multistorey Apartment,synthetic,synthetic://generator-v2
demo-01131,Porur,354.0,1,2,34,2,Unfurnished,2151862.0,synthetic,2026-06-30,synthetic_listed_area,Multistorey Apartment,synthetic,synthetic://generator-v2
demo-01132,Teynampet,468.0,1,1,8,2,Furnished,12648730.0,synthetic,2026-06-30,synthetic_listed_area,Multistorey Apartment,synthetic,synthetic://generator-v2
demo-01133,Ramapuram,1955.0,5,5,15,1,Furnished,22470187.0,synthetic,2026-06-30,synthetic_listed_area,Multistorey Apartment,synthetic,synthetic://generator-v2
demo-01134,Navalur,526.0,1,2,14,2,Unfurnished,3732163.0,synthetic,2026-06-30,synthetic_listed_area,Multistorey Apartment,synthetic,synthetic://generator-v2
demo-01135,Adyar,549.0,1,2,28,1,Semi-Furnished,9915534.0,synthetic,2026-06-30,synthetic_listed_area,Multistorey Apartment,synthetic,synthetic://generator-v2
demo-01136,Ramapuram,407.0,1,1,1,1,Unfurnished,3702686.0,synthetic,2026-06-30,synthetic_listed_area,Multistorey Apartment,synthetic,synthetic://generator-v2
demo-01137,Kodambakkam,498.0,1,2,29,1,Furnished,6056846.0,synthetic,2026-06-30,synthetic_listed_area,Multistorey Apartment,synthetic,synthetic://generator-v2
demo-01138,Ramapuram,1166.0,3,4,0,2,Furnished,13249651.0,synthetic,2026-06-30,synthetic_listed_area,Multistorey Apartment,synthetic,synthetic://generator-v2
demo-01139,Kundrathur,2129.0,5,6,11,2,Furnished,11769875.0,synthetic,2026-06-30,synthetic_listed_area,Multistorey Apartment,synthetic,synthetic://generator-v2
demo-01140,Thiruporur,2289.0,4,5,21,0,Semi-Furnished,9201207.0,synthetic,2026-06-30,synthetic_listed_area,Multistorey Apartment,synthetic,synthetic://generator-v2
demo-01141,Kilpauk,1458.0,3,2,5,2,Unfurnished,20210788.0,synthetic,2026-06-30,synthetic_listed_area,Multistorey Apartment,synthetic,synthetic://generator-v2
demo-01142,Thoraipakkam,571.0,1,1,17,0,Unfurnished,5587384.0,synthetic,2026-06-30,synthetic_listed_area,Multistorey Apartment,synthetic,synthetic://generator-v2
demo-01143,Thiruporur,1625.0,4,4,35,1,Unfurnished,5498757.0,synthetic,2026-06-30,synthetic_listed_area,Multistorey Apartment,synthetic,synthetic://generator-v2
demo-01144,Kilpauk,433.0,1,2,29,2,Furnished,5717359.0,synthetic,2026-06-30,synthetic_listed_area,Multistorey Apartment,synthetic,synthetic://generator-v2
demo-01145,Koyambedu,1871.0,4,3,1,1,Unfurnished,23445899.0,synthetic,2026-06-30,synthetic_listed_area,Multistorey Apartment,synthetic,synthetic://generator-v2
demo-01146,Kundrathur,1410.0,3,4,21,0,Furnished,7247391.0,synthetic,2026-06-30,synthetic_listed_area,Multistorey Apartment,synthetic,synthetic://generator-v2
demo-01147,Teynampet,2997.0,5,4,21,1,Furnished,73098207.0,synthetic,2026-06-30,synthetic_listed_area,Multistorey Apartment,synthetic,synthetic://generator-v2
demo-01148,Porur,757.0,2,2,2,1,Unfurnished,6078275.0,synthetic,2026-06-30,synthetic_listed_area,Multistorey Apartment,synthetic,synthetic://generator-v2
demo-01149,Thiruporur,2252.0,4,5,23,1,Furnished,8725711.0,synthetic,2026-06-30,synthetic_listed_area,Multistorey Apartment,synthetic,synthetic://generator-v2
demo-01150,Kodambakkam,1698.0,3,2,18,0,Furnished,20036936.0,synthetic,2026-06-30,synthetic_listed_area,Multistorey Apartment,synthetic,synthetic://generator-v2
demo-01151,Koyambedu,1465.0,3,4,24,1,Semi-Furnished,20945665.0,synthetic,2026-06-30,synthetic_listed_area,Multistorey Apartment,synthetic,synthetic://generator-v2
demo-01152,Kovur,2180.0,5,6,10,0,Semi-Furnished,15542848.0,synthetic,2026-06-30,synthetic_listed_area,Multistorey Apartment,synthetic,synthetic://generator-v2
demo-01153,Thoraipakkam,1919.0,4,3,9,1,Unfurnished,18832399.0,synthetic,2026-06-30,synthetic_listed_area,Multistorey Apartment,synthetic,synthetic://generator-v2
demo-01154,Kilpauk,1269.0,3,2,26,2,Semi-Furnished,18349309.0,synthetic,2026-06-30,synthetic_listed_area,Multistorey Apartment,synthetic,synthetic://generator-v2
demo-01155,Kundrathur,1649.0,3,2,25,2,Furnished,7628003.0,synthetic,2026-06-30,synthetic_listed_area,Multistorey Apartment,synthetic,synthetic://generator-v2
demo-01156,Chromepet,1898.0,4,5,5,1,Semi-Furnished,11568876.0,synthetic,2026-06-30,synthetic_listed_area,Multistorey Apartment,synthetic,synthetic://generator-v2
demo-01157,Thiruporur,1163.0,2,3,7,2,Unfurnished,4806701.0,synthetic,2026-06-30,synthetic_listed_area,Multistorey Apartment,synthetic,synthetic://generator-v2
demo-01158,Kodambakkam,506.0,1,1,21,0,Semi-Furnished,5198090.0,synthetic,2026-06-30,synthetic_listed_area,Multistorey Apartment,synthetic,synthetic://generator-v2
demo-01159,Kilpauk,1436.0,3,2,29,2,Furnished,21728362.0,synthetic,2026-06-30,synthetic_listed_area,Multistorey Apartment,synthetic,synthetic://generator-v2
demo-01160,Kundrathur,528.0,1,1,7,1,Unfurnished,2742185.0,synthetic,2026-06-30,synthetic_listed_area,Multistorey Apartment,synthetic,synthetic://generator-v2
demo-01161,Koyambedu,476.0,1,1,7,2,Furnished,6276728.0,synthetic,2026-06-30,synthetic_listed_area,Multistorey Apartment,synthetic,synthetic://generator-v2
demo-01162,Thiruporur,1728.0,3,3,29,2,Unfurnished,5927777.0,synthetic,2026-06-30,synthetic_listed_area,Multistorey Apartment,synthetic,synthetic://generator-v2
demo-01163,Kundrathur,1584.0,4,5,25,1,Unfurnished,11379104.0,synthetic,2026-06-30,synthetic_listed_area,Multistorey Apartment,synthetic,synthetic://generator-v2
demo-01164,Koyambedu,2373.0,4,3,32,1,Semi-Furnished,23936680.0,synthetic,2026-06-30,synthetic_listed_area,Multistorey Apartment,synthetic,synthetic://generator-v2
demo-01165,Anna Nagar,1106.0,2,3,28,2,Semi-Furnished,12018560.0,synthetic,2026-06-30,synthetic_listed_area,Multistorey Apartment,synthetic,synthetic://generator-v2
demo-01166,Adyar,1696.0,3,2,34,0,Furnished,21672233.0,synthetic,2026-06-30,synthetic_listed_area,Multistorey Apartment,synthetic,synthetic://generator-v2
demo-01167,Kodambakkam,471.0,1,1,6,0,Unfurnished,6803282.0,synthetic,2026-06-30,synthetic_listed_area,Multistorey Apartment,synthetic,synthetic://generator-v2
demo-01168,Velachery,2237.0,4,5,9,1,Unfurnished,26031227.0,synthetic,2026-06-30,synthetic_listed_area,Multistorey Apartment,synthetic,synthetic://generator-v2
demo-01169,Thoraipakkam,853.0,2,2,8,1,Semi-Furnished,8313642.0,synthetic,2026-06-30,synthetic_listed_area,Multistorey Apartment,synthetic,synthetic://generator-v2
demo-01170,Navalur,2162.0,4,4,1,2,Furnished,22398264.0,synthetic,2026-06-30,synthetic_listed_area,Multistorey Apartment,synthetic,synthetic://generator-v2
demo-01171,Navalur,1926.0,5,5,28,0,Furnished,14857998.0,synthetic,2026-06-30,synthetic_listed_area,Multistorey Apartment,synthetic,synthetic://generator-v2
demo-01172,Kodambakkam,1707.0,4,4,23,1,Semi-Furnished,20200311.0,synthetic,2026-06-30,synthetic_listed_area,Multistorey Apartment,synthetic,synthetic://generator-v2
demo-01173,Egmore,923.0,2,1,3,0,Furnished,17579164.0,synthetic,2026-06-30,synthetic_listed_area,Multistorey Apartment,synthetic,synthetic://generator-v2
demo-01174,Adyar,2153.0,5,4,7,0,Furnished,41893297.0,synthetic,2026-06-30,synthetic_listed_area,Multistorey Apartment,synthetic,synthetic://generator-v2
demo-01175,Kilpauk,1787.0,4,5,6,2,Furnished,33852349.0,synthetic,2026-06-30,synthetic_listed_area,Multistorey Apartment,synthetic,synthetic://generator-v2
demo-01176,Kilpauk,2220.0,4,5,14,2,Furnished,37358348.0,synthetic,2026-06-30,synthetic_listed_area,Multistorey Apartment,synthetic,synthetic://generator-v2
demo-01177,Egmore,2071.0,5,6,16,2,Semi-Furnished,34149396.0,synthetic,2026-06-30,synthetic_listed_area,Multistorey Apartment,synthetic,synthetic://generator-v2
demo-01178,Karapakkam,2682.0,5,4,10,0,Furnished,25304393.0,synthetic,2026-06-30,synthetic_listed_area,Multistorey Apartment,synthetic,synthetic://generator-v2
demo-01179,Adyar,368.0,1,1,33,1,Unfurnished,7232917.0,synthetic,2026-06-30,synthetic_listed_area,Multistorey Apartment,synthetic,synthetic://generator-v2
demo-01180,Navalur,2707.0,5,4,7,2,Semi-Furnished,22718625.0,synthetic,2026-06-30,synthetic_listed_area,Multistorey Apartment,synthetic,synthetic://generator-v2
demo-01181,Thoraipakkam,2192.0,4,3,20,0,Furnished,24443242.0,synthetic,2026-06-30,synthetic_listed_area,Multistorey Apartment,synthetic,synthetic://generator-v2
demo-01182,Porur,901.0,2,2,15,2,Unfurnished,7207526.0,synthetic,2026-06-30,synthetic_listed_area,Multistorey Apartment,synthetic,synthetic://generator-v2
demo-01183,Kovur,1061.0,2,1,13,2,Semi-Furnished,7538648.0,synthetic,2026-06-30,synthetic_listed_area,Multistorey Apartment,synthetic,synthetic://generator-v2
demo-01184,Kovur,2315.0,4,5,29,1,Furnished,14641136.0,synthetic,2026-06-30,synthetic_listed_area,Multistorey Apartment,synthetic,synthetic://generator-v2
demo-01185,Kilpauk,1100.0,2,1,35,1,Unfurnished,15774139.0,synthetic,2026-06-30,synthetic_listed_area,Multistorey Apartment,synthetic,synthetic://generator-v2
demo-01186,Chromepet,1343.0,3,3,0,0,Furnished,10020444.0,synthetic,2026-06-30,synthetic_listed_area,Multistorey Apartment,synthetic,synthetic://generator-v2
demo-01187,Navalur,1884.0,4,3,16,2,Semi-Furnished,14870652.0,synthetic,2026-06-30,synthetic_listed_area,Multistorey Apartment,synthetic,synthetic://generator-v2
demo-01188,Kundrathur,2179.0,4,4,4,2,Furnished,12192494.0,synthetic,2026-06-30,synthetic_listed_area,Multistorey Apartment,synthetic,synthetic://generator-v2
demo-01189,Adyar,2116.0,5,4,15,2,Semi-Furnished,40020853.0,synthetic,2026-06-30,synthetic_listed_area,Multistorey Apartment,synthetic,synthetic://generator-v2
demo-01190,Kovur,551.0,1,1,22,2,Unfurnished,3430010.0,synthetic,2026-06-30,synthetic_listed_area,Multistorey Apartment,synthetic,synthetic://generator-v2
demo-01191,Karapakkam,864.0,2,3,14,1,Furnished,7931216.0,synthetic,2026-06-30,synthetic_listed_area,Multistorey Apartment,synthetic,synthetic://generator-v2
demo-01192,Chromepet,2757.0,5,6,11,2,Unfurnished,23991078.0,synthetic,2026-06-30,synthetic_listed_area,Multistorey Apartment,synthetic,synthetic://generator-v2
demo-01193,Porur,1115.0,3,2,11,0,Unfurnished,6752876.0,synthetic,2026-06-30,synthetic_listed_area,Multistorey Apartment,synthetic,synthetic://generator-v2
demo-01194,Koyambedu,722.0,2,2,10,2,Furnished,11059320.0,synthetic,2026-06-30,synthetic_listed_area,Multistorey Apartment,synthetic,synthetic://generator-v2
demo-01195,Navalur,1199.0,2,3,11,0,Furnished,8457274.0,synthetic,2026-06-30,synthetic_listed_area,Multistorey Apartment,synthetic,synthetic://generator-v2
demo-01196,Ramapuram,1135.0,2,2,13,1,Unfurnished,12420680.0,synthetic,2026-06-30,synthetic_listed_area,Multistorey Apartment,synthetic,synthetic://generator-v2
demo-01197,Velachery,1712.0,3,3,24,0,Semi-Furnished,21199996.0,synthetic,2026-06-30,synthetic_listed_area,Multistorey Apartment,synthetic,synthetic://generator-v2
demo-01198,Teynampet,1176.0,2,2,3,0,Unfurnished,29342051.0,synthetic,2026-06-30,synthetic_listed_area,Multistorey Apartment,synthetic,synthetic://generator-v2
demo-01199,Navalur,1838.0,4,5,1,1,Unfurnished,13575421.0,synthetic,2026-06-30,synthetic_listed_area,Multistorey Apartment,synthetic,synthetic://generator-v2
demo-01200,Thiruporur,1265.0,3,3,18,1,Furnished,5250974.0,synthetic,2026-06-30,synthetic_listed_area,Multistorey Apartment,synthetic,synthetic://generator-v2
demo-01201,Koyambedu,1530.0,4,5,24,0,Unfurnished,15264449.0,synthetic,2026-06-30,synthetic_listed_area,Multistorey Apartment,synthetic,synthetic://generator-v2
demo-01202,Velachery,475.0,1,2,9,2,Semi-Furnished,5440708.0,synthetic,2026-06-30,synthetic_listed_area,Multistorey Apartment,synthetic,synthetic://generator-v2
demo-01203,Ramapuram,1620.0,4,4,7,0,Furnished,17683148.0,synthetic,2026-06-30,synthetic_listed_area,Multistorey Apartment,synthetic,synthetic://generator-v2
demo-01204,Porur,2919.0,5,4,22,2,Furnished,23961613.0,synthetic,2026-06-30,synthetic_listed_area,Multistorey Apartment,synthetic,synthetic://generator-v2
demo-01205,Thoraipakkam,351.0,1,1,13,0,Semi-Furnished,2982505.0,synthetic,2026-06-30,synthetic_listed_area,Multistorey Apartment,synthetic,synthetic://generator-v2
demo-01206,Koyambedu,772.0,2,2,26,1,Furnished,7248091.0,synthetic,2026-06-30,synthetic_listed_area,Multistorey Apartment,synthetic,synthetic://generator-v2
demo-01207,Ramapuram,1646.0,4,5,5,0,Semi-Furnished,18306476.0,synthetic,2026-06-30,synthetic_listed_area,Multistorey Apartment,synthetic,synthetic://generator-v2
demo-01208,Karapakkam,1599.0,4,4,4,2,Unfurnished,12813952.0,synthetic,2026-06-30,synthetic_listed_area,Multistorey Apartment,synthetic,synthetic://generator-v2
demo-01209,Velachery,1626.0,4,3,19,2,Unfurnished,18392083.0,synthetic,2026-06-30,synthetic_listed_area,Multistorey Apartment,synthetic,synthetic://generator-v2
demo-01210,Navalur,1542.0,3,4,14,0,Furnished,9765855.0,synthetic,2026-06-30,synthetic_listed_area,Multistorey Apartment,synthetic,synthetic://generator-v2
demo-01211,Teynampet,1728.0,4,3,26,0,Furnished,38593204.0,synthetic,2026-06-30,synthetic_listed_area,Multistorey Apartment,synthetic,synthetic://generator-v2
demo-01212,Kovur,2015.0,4,4,18,1,Semi-Furnished,13827845.0,synthetic,2026-06-30,synthetic_listed_area,Multistorey Apartment,synthetic,synthetic://generator-v2
demo-01213,Thiruporur,573.0,1,1,12,2,Furnished,2345553.0,synthetic,2026-06-30,synthetic_listed_area,Multistorey Apartment,synthetic,synthetic://generator-v2
demo-01214,Anna Nagar,2003.0,4,3,5,0,Furnished,27436817.0,synthetic,2026-06-30,synthetic_listed_area,Multistorey Apartment,synthetic,synthetic://generator-v2
demo-01215,Anna Nagar,1571.0,3,4,5,0,Semi-Furnished,33001001.0,synthetic,2026-06-30,synthetic_listed_area,Multistorey Apartment,synthetic,synthetic://generator-v2
demo-01216,Koyambedu,441.0,1,2,27,1,Unfurnished,4299394.0,synthetic,2026-06-30,synthetic_listed_area,Multistorey Apartment,synthetic,synthetic://generator-v2
demo-01217,Ramapuram,1170.0,3,2,8,0,Furnished,13252219.0,synthetic,2026-06-30,synthetic_listed_area,Multistorey Apartment,synthetic,synthetic://generator-v2
demo-01218,Teynampet,1290.0,3,2,18,0,Furnished,33935375.0,synthetic,2026-06-30,synthetic_listed_area,Multistorey Apartment,synthetic,synthetic://generator-v2
demo-01219,Kovur,591.0,1,1,29,0,Unfurnished,3738541.0,synthetic,2026-06-30,synthetic_listed_area,Multistorey Apartment,synthetic,synthetic://generator-v2
demo-01220,Porur,2527.0,5,6,32,1,Furnished,18528858.0,synthetic,2026-06-30,synthetic_listed_area,Multistorey Apartment,synthetic,synthetic://generator-v2
demo-01221,Kundrathur,839.0,2,2,9,2,Unfurnished,4195930.0,synthetic,2026-06-30,synthetic_listed_area,Multistorey Apartment,synthetic,synthetic://generator-v2
demo-01222,Velachery,925.0,2,3,3,1,Furnished,9603266.0,synthetic,2026-06-30,synthetic_listed_area,Multistorey Apartment,synthetic,synthetic://generator-v2
demo-01223,Porur,1677.0,3,3,27,0,Semi-Furnished,11041902.0,synthetic,2026-06-30,synthetic_listed_area,Multistorey Apartment,synthetic,synthetic://generator-v2
demo-01224,Kovur,2586.0,5,5,24,1,Furnished,18407746.0,synthetic,2026-06-30,synthetic_listed_area,Multistorey Apartment,synthetic,synthetic://generator-v2
demo-01225,Velachery,1961.0,4,3,11,1,Furnished,17253155.0,synthetic,2026-06-30,synthetic_listed_area,Multistorey Apartment,synthetic,synthetic://generator-v2
demo-01226,Anna Nagar,2285.0,4,5,21,0,Semi-Furnished,42791975.0,synthetic,2026-06-30,synthetic_listed_area,Multistorey Apartment,synthetic,synthetic://generator-v2
demo-01227,Velachery,1036.0,2,3,6,0,Unfurnished,9208211.0,synthetic,2026-06-30,synthetic_listed_area,Multistorey Apartment,synthetic,synthetic://generator-v2
demo-01228,Chromepet,2553.0,5,4,25,0,Furnished,14547653.0,synthetic,2026-06-30,synthetic_listed_area,Multistorey Apartment,synthetic,synthetic://generator-v2
demo-01229,Karapakkam,1987.0,5,6,26,2,Semi-Furnished,14759537.0,synthetic,2026-06-30,synthetic_listed_area,Multistorey Apartment,synthetic,synthetic://generator-v2
demo-01230,Teynampet,1130.0,3,4,10,2,Semi-Furnished,27315868.0,synthetic,2026-06-30,synthetic_listed_area,Multistorey Apartment,synthetic,synthetic://generator-v2
demo-01231,Ramapuram,1774.0,3,3,16,0,Unfurnished,16382865.0,synthetic,2026-06-30,synthetic_listed_area,Multistorey Apartment,synthetic,synthetic://generator-v2
demo-01232,Velachery,500.0,1,2,12,0,Unfurnished,4145847.0,synthetic,2026-06-30,synthetic_listed_area,Multistorey Apartment,synthetic,synthetic://generator-v2
demo-01233,Ramapuram,1816.0,4,4,1,1,Semi-Furnished,20644680.0,synthetic,2026-06-30,synthetic_listed_area,Multistorey Apartment,synthetic,synthetic://generator-v2
demo-01234,Navalur,2486.0,5,4,4,0,Semi-Furnished,17515668.0,synthetic,2026-06-30,synthetic_listed_area,Multistorey Apartment,synthetic,synthetic://generator-v2
demo-01235,Kilpauk,1096.0,3,4,34,2,Semi-Furnished,16094698.0,synthetic,2026-06-30,synthetic_listed_area,Multistorey Apartment,synthetic,synthetic://generator-v2
demo-01236,Adyar,1667.0,3,2,16,2,Semi-Furnished,26896285.0,synthetic,2026-06-30,synthetic_listed_area,Multistorey Apartment,synthetic,synthetic://generator-v2
demo-01237,Chromepet,1212.0,3,4,5,0,Furnished,7080708.0,synthetic,2026-06-30,synthetic_listed_area,Multistorey Apartment,synthetic,synthetic://generator-v2
demo-01238,Kilpauk,551.0,1,1,1,0,Furnished,8840067.0,synthetic,2026-06-30,synthetic_listed_area,Multistorey Apartment,synthetic,synthetic://generator-v2
demo-01239,Adyar,1934.0,4,4,12,0,Semi-Furnished,38994084.0,synthetic,2026-06-30,synthetic_listed_area,Multistorey Apartment,synthetic,synthetic://generator-v2
demo-01240,Koyambedu,1677.0,4,5,35,1,Furnished,19227420.0,synthetic,2026-06-30,synthetic_listed_area,Multistorey Apartment,synthetic,synthetic://generator-v2
demo-01241,Teynampet,1788.0,5,5,13,2,Semi-Furnished,49459237.0,synthetic,2026-06-30,synthetic_listed_area,Multistorey Apartment,synthetic,synthetic://generator-v2
demo-01242,Velachery,2770.0,5,6,35,1,Semi-Furnished,19220431.0,synthetic,2026-06-30,synthetic_listed_area,Multistorey Apartment,synthetic,synthetic://generator-v2
demo-01243,Koyambedu,1182.0,3,2,17,0,Semi-Furnished,12219742.0,synthetic,2026-06-30,synthetic_listed_area,Multistorey Apartment,synthetic,synthetic://generator-v2
demo-01244,Thiruporur,1815.0,5,4,27,0,Furnished,5897393.0,synthetic,2026-06-30,synthetic_listed_area,Multistorey Apartment,synthetic,synthetic://generator-v2
demo-01245,Velachery,1617.0,3,2,28,0,Unfurnished,16117176.0,synthetic,2026-06-30,synthetic_listed_area,Multistorey Apartment,synthetic,synthetic://generator-v2
demo-01246,Thiruporur,1750.0,4,3,1,0,Semi-Furnished,8332864.0,synthetic,2026-06-30,synthetic_listed_area,Multistorey Apartment,synthetic,synthetic://generator-v2
demo-01247,Kovur,1789.0,4,3,0,1,Unfurnished,11506829.0,synthetic,2026-06-30,synthetic_listed_area,Multistorey Apartment,synthetic,synthetic://generator-v2
demo-01248,Kilpauk,2059.0,5,5,33,1,Semi-Furnished,25387400.0,synthetic,2026-06-30,synthetic_listed_area,Multistorey Apartment,synthetic,synthetic://generator-v2
demo-01249,Velachery,2259.0,4,3,33,0,Furnished,17497479.0,synthetic,2026-06-30,synthetic_listed_area,Multistorey Apartment,synthetic,synthetic://generator-v2
demo-01250,Karapakkam,424.0,1,2,4,0,Semi-Furnished,3672521.0,synthetic,2026-06-30,synthetic_listed_area,Multistorey Apartment,synthetic,synthetic://generator-v2
demo-01251,Kodambakkam,403.0,1,1,23,2,Unfurnished,5153177.0,synthetic,2026-06-30,synthetic_listed_area,Multistorey Apartment,synthetic,synthetic://generator-v2
demo-01252,Anna Nagar,1282.0,3,4,33,2,Furnished,17560847.0,synthetic,2026-06-30,synthetic_listed_area,Multistorey Apartment,synthetic,synthetic://generator-v2
demo-01253,Teynampet,1202.0,3,4,34,1,Furnished,38766228.0,synthetic,2026-06-30,synthetic_listed_area,Multistorey Apartment,synthetic,synthetic://generator-v2
demo-01254,Porur,1718.0,4,5,10,1,Semi-Furnished,15719443.0,synthetic,2026-06-30,synthetic_listed_area,Multistorey Apartment,synthetic,synthetic://generator-v2
demo-01255,Anna Nagar,1112.0,3,4,29,1,Unfurnished,17832503.0,synthetic,2026-06-30,synthetic_listed_area,Multistorey Apartment,synthetic,synthetic://generator-v2
demo-01256,Egmore,1169.0,3,4,23,1,Semi-Furnished,21480026.0,synthetic,2026-06-30,synthetic_listed_area,Multistorey Apartment,synthetic,synthetic://generator-v2
demo-01257,Kundrathur,2271.0,5,6,33,0,Furnished,10364828.0,synthetic,2026-06-30,synthetic_listed_area,Multistorey Apartment,synthetic,synthetic://generator-v2
demo-01258,Kundrathur,1140.0,2,2,5,1,Semi-Furnished,7105611.0,synthetic,2026-06-30,synthetic_listed_area,Multistorey Apartment,synthetic,synthetic://generator-v2
demo-01259,Teynampet,1093.0,3,3,21,2,Unfurnished,26993302.0,synthetic,2026-06-30,synthetic_listed_area,Multistorey Apartment,synthetic,synthetic://generator-v2
demo-01260,Karapakkam,1210.0,3,3,0,1,Unfurnished,14844336.0,synthetic,2026-06-30,synthetic_listed_area,Multistorey Apartment,synthetic,synthetic://generator-v2
demo-01261,Thoraipakkam,1731.0,3,3,12,2,Furnished,19921164.0,synthetic,2026-06-30,synthetic_listed_area,Multistorey Apartment,synthetic,synthetic://generator-v2
demo-01262,Kovur,2863.0,5,5,0,1,Semi-Furnished,21851540.0,synthetic,2026-06-30,synthetic_listed_area,Multistorey Apartment,synthetic,synthetic://generator-v2
demo-01263,Teynampet,2599.0,5,4,15,0,Furnished,72941445.0,synthetic,2026-06-30,synthetic_listed_area,Multistorey Apartment,synthetic,synthetic://generator-v2
demo-01264,Karapakkam,1230.0,3,4,29,1,Semi-Furnished,12811087.0,synthetic,2026-06-30,synthetic_listed_area,Multistorey Apartment,synthetic,synthetic://generator-v2
demo-01265,Adyar,1365.0,3,4,23,2,Unfurnished,18793618.0,synthetic,2026-06-30,synthetic_listed_area,Multistorey Apartment,synthetic,synthetic://generator-v2
demo-01266,Adyar,1208.0,3,4,11,1,Semi-Furnished,27873990.0,synthetic,2026-06-30,synthetic_listed_area,Multistorey Apartment,synthetic,synthetic://generator-v2
demo-01267,Kodambakkam,382.0,1,1,15,1,Furnished,4953321.0,synthetic,2026-06-30,synthetic_listed_area,Multistorey Apartment,synthetic,synthetic://generator-v2
demo-01268,Velachery,1335.0,3,4,13,0,Semi-Furnished,10649940.0,synthetic,2026-06-30,synthetic_listed_area,Multistorey Apartment,synthetic,synthetic://generator-v2
demo-01269,Adyar,988.0,2,2,26,2,Semi-Furnished,14922806.0,synthetic,2026-06-30,synthetic_listed_area,Multistorey Apartment,synthetic,synthetic://generator-v2
demo-01270,Kodambakkam,440.0,1,1,9,1,Semi-Furnished,4749349.0,synthetic,2026-06-30,synthetic_listed_area,Multistorey Apartment,synthetic,synthetic://generator-v2
demo-01271,Anna Nagar,503.0,1,2,3,0,Semi-Furnished,8948093.0,synthetic,2026-06-30,synthetic_listed_area,Multistorey Apartment,synthetic,synthetic://generator-v2
demo-01272,Thoraipakkam,1272.0,3,4,18,1,Unfurnished,10763271.0,synthetic,2026-06-30,synthetic_listed_area,Multistorey Apartment,synthetic,synthetic://generator-v2
demo-01273,Porur,436.0,1,2,29,0,Unfurnished,2906660.0,synthetic,2026-06-30,synthetic_listed_area,Multistorey Apartment,synthetic,synthetic://generator-v2
demo-01274,Ramapuram,2191.0,4,4,17,2,Unfurnished,27044430.0,synthetic,2026-06-30,synthetic_listed_area,Multistorey Apartment,synthetic,synthetic://generator-v2
demo-01275,Ramapuram,1709.0,3,2,7,2,Furnished,18995859.0,synthetic,2026-06-30,synthetic_listed_area,Multistorey Apartment,synthetic,synthetic://generator-v2
demo-01276,Porur,861.0,2,1,1,0,Semi-Furnished,6764420.0,synthetic,2026-06-30,synthetic_listed_area,Multistorey Apartment,synthetic,synthetic://generator-v2
demo-01277,Teynampet,1972.0,4,5,33,2,Furnished,41997975.0,synthetic,2026-06-30,synthetic_listed_area,Multistorey Apartment,synthetic,synthetic://generator-v2
demo-01278,Adyar,1259.0,3,4,27,0,Unfurnished,18626435.0,synthetic,2026-06-30,synthetic_listed_area,Multistorey Apartment,synthetic,synthetic://generator-v2
demo-01279,Thiruporur,1453.0,4,3,5,1,Unfurnished,8713483.0,synthetic,2026-06-30,synthetic_listed_area,Multistorey Apartment,synthetic,synthetic://generator-v2
demo-01280,Ramapuram,2138.0,4,5,2,1,Furnished,29185643.0,synthetic,2026-06-30,synthetic_listed_area,Multistorey Apartment,synthetic,synthetic://generator-v2
demo-01281,Ramapuram,393.0,1,1,4,0,Furnished,4537219.0,synthetic,2026-06-30,synthetic_listed_area,Multistorey Apartment,synthetic,synthetic://generator-v2
demo-01282,Kodambakkam,913.0,2,3,13,2,Semi-Furnished,11168018.0,synthetic,2026-06-30,synthetic_listed_area,Multistorey Apartment,synthetic,synthetic://generator-v2
demo-01283,Teynampet,1415.0,3,2,29,2,Unfurnished,34384229.0,synthetic,2026-06-30,synthetic_listed_area,Multistorey Apartment,synthetic,synthetic://generator-v2
demo-01284,Kodambakkam,1981.0,5,6,5,1,Furnished,28705862.0,synthetic,2026-06-30,synthetic_listed_area,Multistorey Apartment,synthetic,synthetic://generator-v2
demo-01285,Adyar,374.0,1,1,29,0,Unfurnished,5434524.0,synthetic,2026-06-30,synthetic_listed_area,Multistorey Apartment,synthetic,synthetic://generator-v2
demo-01286,Thoraipakkam,437.0,1,1,0,2,Semi-Furnished,5368844.0,synthetic,2026-06-30,synthetic_listed_area,Multistorey Apartment,synthetic,synthetic://generator-v2
demo-01287,Egmore,2940.0,5,6,26,1,Semi-Furnished,42826617.0,synthetic,2026-06-30,synthetic_listed_area,Multistorey Apartment,synthetic,synthetic://generator-v2
demo-01288,Anna Nagar,2519.0,5,6,10,2,Furnished,37147697.0,synthetic,2026-06-30,synthetic_listed_area,Multistorey Apartment,synthetic,synthetic://generator-v2
demo-01289,Navalur,445.0,1,1,34,1,Unfurnished,3007565.0,synthetic,2026-06-30,synthetic_listed_area,Multistorey Apartment,synthetic,synthetic://generator-v2
demo-01290,Egmore,1079.0,3,4,17,0,Unfurnished,15592806.0,synthetic,2026-06-30,synthetic_listed_area,Multistorey Apartment,synthetic,synthetic://generator-v2
demo-01291,Thiruporur,2000.0,4,3,9,0,Unfurnished,9011825.0,synthetic,2026-06-30,synthetic_listed_area,Multistorey Apartment,synthetic,synthetic://generator-v2
demo-01292,Kovur,373.0,1,1,8,0,Unfurnished,2487458.0,synthetic,2026-06-30,synthetic_listed_area,Multistorey Apartment,synthetic,synthetic://generator-v2
demo-01293,Adyar,971.0,2,3,29,0,Semi-Furnished,12045528.0,synthetic,2026-06-30,synthetic_listed_area,Multistorey Apartment,synthetic,synthetic://generator-v2
demo-01294,Velachery,1076.0,2,1,14,0,Furnished,10750021.0,synthetic,2026-06-30,synthetic_listed_area,Multistorey Apartment,synthetic,synthetic://generator-v2
demo-01295,Koyambedu,1824.0,4,4,12,0,Unfurnished,17749544.0,synthetic,2026-06-30,synthetic_listed_area,Multistorey Apartment,synthetic,synthetic://generator-v2
demo-01296,Karapakkam,850.0,2,2,26,2,Semi-Furnished,8033982.0,synthetic,2026-06-30,synthetic_listed_area,Multistorey Apartment,synthetic,synthetic://generator-v2
demo-01297,Porur,1086.0,3,3,19,2,Unfurnished,7624442.0,synthetic,2026-06-30,synthetic_listed_area,Multistorey Apartment,synthetic,synthetic://generator-v2
demo-01298,Kundrathur,712.0,2,3,23,0,Unfurnished,4411025.0,synthetic,2026-06-30,synthetic_listed_area,Multistorey Apartment,synthetic,synthetic://generator-v2
demo-01299,Adyar,1830.0,4,4,16,0,Furnished,37537376.0,synthetic,2026-06-30,synthetic_listed_area,Multistorey Apartment,synthetic,synthetic://generator-v2
demo-01300,Ramapuram,571.0,1,2,2,2,Unfurnished,5885070.0,synthetic,2026-06-30,synthetic_listed_area,Multistorey Apartment,synthetic,synthetic://generator-v2
demo-01301,Kodambakkam,822.0,2,2,0,1,Semi-Furnished,9005918.0,synthetic,2026-06-30,synthetic_listed_area,Multistorey Apartment,synthetic,synthetic://generator-v2
demo-01302,Porur,987.0,2,3,1,1,Furnished,7674801.0,synthetic,2026-06-30,synthetic_listed_area,Multistorey Apartment,synthetic,synthetic://generator-v2
demo-01303,Thoraipakkam,2605.0,5,5,20,2,Furnished,22947205.0,synthetic,2026-06-30,synthetic_listed_area,Multistorey Apartment,synthetic,synthetic://generator-v2
demo-01304,Navalur,1826.0,5,6,18,1,Unfurnished,16679159.0,synthetic,2026-06-30,synthetic_listed_area,Multistorey Apartment,synthetic,synthetic://generator-v2
demo-01305,Porur,1165.0,3,3,26,2,Semi-Furnished,8236462.0,synthetic,2026-06-30,synthetic_listed_area,Multistorey Apartment,synthetic,synthetic://generator-v2
demo-01306,Karapakkam,433.0,1,2,32,1,Furnished,4118088.0,synthetic,2026-06-30,synthetic_listed_area,Multistorey Apartment,synthetic,synthetic://generator-v2
demo-01307,Karapakkam,2070.0,4,5,6,1,Semi-Furnished,19463808.0,synthetic,2026-06-30,synthetic_listed_area,Multistorey Apartment,synthetic,synthetic://generator-v2
demo-01308,Kovur,1379.0,3,2,34,0,Unfurnished,7502951.0,synthetic,2026-06-30,synthetic_listed_area,Multistorey Apartment,synthetic,synthetic://generator-v2
demo-01309,Thiruporur,2668.0,5,4,33,1,Unfurnished,9371806.0,synthetic,2026-06-30,synthetic_listed_area,Multistorey Apartment,synthetic,synthetic://generator-v2
demo-01310,Koyambedu,1134.0,2,1,22,2,Furnished,16280992.0,synthetic,2026-06-30,synthetic_listed_area,Multistorey Apartment,synthetic,synthetic://generator-v2
demo-01311,Kilpauk,2698.0,5,5,19,1,Furnished,42581627.0,synthetic,2026-06-30,synthetic_listed_area,Multistorey Apartment,synthetic,synthetic://generator-v2
demo-01312,Teynampet,2990.0,5,5,6,0,Unfurnished,72156025.0,synthetic,2026-06-30,synthetic_listed_area,Multistorey Apartment,synthetic,synthetic://generator-v2
demo-01313,Thiruporur,1077.0,2,1,6,1,Unfurnished,5667366.0,synthetic,2026-06-30,synthetic_listed_area,Multistorey Apartment,synthetic,synthetic://generator-v2
demo-01314,Thoraipakkam,2252.0,4,5,0,2,Unfurnished,24246682.0,synthetic,2026-06-30,synthetic_listed_area,Multistorey Apartment,synthetic,synthetic://generator-v2
demo-01315,Kilpauk,1116.0,2,3,23,2,Unfurnished,14863880.0,synthetic,2026-06-30,synthetic_listed_area,Multistorey Apartment,synthetic,synthetic://generator-v2
demo-01316,Ramapuram,1065.0,2,2,15,1,Furnished,8304636.0,synthetic,2026-06-30,synthetic_listed_area,Multistorey Apartment,synthetic,synthetic://generator-v2
demo-01317,Navalur,1101.0,2,1,6,2,Furnished,10128742.0,synthetic,2026-06-30,synthetic_listed_area,Multistorey Apartment,synthetic,synthetic://generator-v2
demo-01318,Kovur,2335.0,4,5,4,0,Unfurnished,16255610.0,synthetic,2026-06-30,synthetic_listed_area,Multistorey Apartment,synthetic,synthetic://generator-v2
demo-01319,Kodambakkam,938.0,2,1,2,1,Furnished,13826375.0,synthetic,2026-06-30,synthetic_listed_area,Multistorey Apartment,synthetic,synthetic://generator-v2
demo-01320,Anna Nagar,2038.0,4,3,23,1,Furnished,28969163.0,synthetic,2026-06-30,synthetic_listed_area,Multistorey Apartment,synthetic,synthetic://generator-v2
demo-01321,Karapakkam,1436.0,3,4,24,0,Semi-Furnished,11258746.0,synthetic,2026-06-30,synthetic_listed_area,Multistorey Apartment,synthetic,synthetic://generator-v2
demo-01322,Kundrathur,2251.0,4,5,22,2,Furnished,11582238.0,synthetic,2026-06-30,synthetic_listed_area,Multistorey Apartment,synthetic,synthetic://generator-v2
demo-01323,Thoraipakkam,2289.0,5,5,3,2,Unfurnished,26625065.0,synthetic,2026-06-30,synthetic_listed_area,Multistorey Apartment,synthetic,synthetic://generator-v2
demo-01324,Thiruporur,555.0,1,1,1,0,Furnished,2775737.0,synthetic,2026-06-30,synthetic_listed_area,Multistorey Apartment,synthetic,synthetic://generator-v2
demo-01325,Egmore,2749.0,5,4,3,0,Unfurnished,49496477.0,synthetic,2026-06-30,synthetic_listed_area,Multistorey Apartment,synthetic,synthetic://generator-v2
demo-01326,Porur,590.0,1,2,27,2,Furnished,4859424.0,synthetic,2026-06-30,synthetic_listed_area,Multistorey Apartment,synthetic,synthetic://generator-v2
demo-01327,Anna Nagar,1237.0,3,2,26,2,Semi-Furnished,17655593.0,synthetic,2026-06-30,synthetic_listed_area,Multistorey Apartment,synthetic,synthetic://generator-v2
demo-01328,Porur,1055.0,2,3,10,2,Unfurnished,7630719.0,synthetic,2026-06-30,synthetic_listed_area,Multistorey Apartment,synthetic,synthetic://generator-v2
demo-01329,Kilpauk,2157.0,4,4,1,0,Furnished,37371683.0,synthetic,2026-06-30,synthetic_listed_area,Multistorey Apartment,synthetic,synthetic://generator-v2
demo-01330,Kovur,2336.0,4,4,11,2,Furnished,14097738.0,synthetic,2026-06-30,synthetic_listed_area,Multistorey Apartment,synthetic,synthetic://generator-v2
demo-01331,Ramapuram,2884.0,5,6,29,2,Semi-Furnished,29847659.0,synthetic,2026-06-30,synthetic_listed_area,Multistorey Apartment,synthetic,synthetic://generator-v2
demo-01332,Kovur,1480.0,3,3,5,2,Unfurnished,8566446.0,synthetic,2026-06-30,synthetic_listed_area,Multistorey Apartment,synthetic,synthetic://generator-v2
demo-01333,Teynampet,2474.0,5,5,28,2,Unfurnished,53263035.0,synthetic,2026-06-30,synthetic_listed_area,Multistorey Apartment,synthetic,synthetic://generator-v2
demo-01334,Kundrathur,784.0,2,2,16,2,Furnished,3395216.0,synthetic,2026-06-30,synthetic_listed_area,Multistorey Apartment,synthetic,synthetic://generator-v2
demo-01335,Velachery,1187.0,2,1,5,1,Unfurnished,11670756.0,synthetic,2026-06-30,synthetic_listed_area,Multistorey Apartment,synthetic,synthetic://generator-v2
demo-01336,Navalur,828.0,2,2,33,0,Furnished,6904660.0,synthetic,2026-06-30,synthetic_listed_area,Multistorey Apartment,synthetic,synthetic://generator-v2
demo-01337,Kilpauk,1594.0,3,3,18,0,Semi-Furnished,22724133.0,synthetic,2026-06-30,synthetic_listed_area,Multistorey Apartment,synthetic,synthetic://generator-v2
demo-01338,Teynampet,2196.0,4,3,24,2,Furnished,64155795.0,synthetic,2026-06-30,synthetic_listed_area,Multistorey Apartment,synthetic,synthetic://generator-v2
demo-01339,Kodambakkam,2302.0,5,5,3,2,Furnished,45978418.0,synthetic,2026-06-30,synthetic_listed_area,Multistorey Apartment,synthetic,synthetic://generator-v2
demo-01340,Kundrathur,806.0,2,2,13,0,Furnished,4711467.0,synthetic,2026-06-30,synthetic_listed_area,Multistorey Apartment,synthetic,synthetic://generator-v2
demo-01341,Chromepet,794.0,2,1,22,1,Unfurnished,4015447.0,synthetic,2026-06-30,synthetic_listed_area,Multistorey Apartment,synthetic,synthetic://generator-v2
demo-01342,Chromepet,2821.0,5,6,23,0,Furnished,15041387.0,synthetic,2026-06-30,synthetic_listed_area,Multistorey Apartment,synthetic,synthetic://generator-v2
demo-01343,Kundrathur,1433.0,3,4,2,0,Unfurnished,8084910.0,synthetic,2026-06-30,synthetic_listed_area,Multistorey Apartment,synthetic,synthetic://generator-v2
demo-01344,Egmore,745.0,2,2,21,1,Furnished,12134480.0,synthetic,2026-06-30,synthetic_listed_area,Multistorey Apartment,synthetic,synthetic://generator-v2
demo-01345,Velachery,2646.0,5,4,34,1,Unfurnished,20204798.0,synthetic,2026-06-30,synthetic_listed_area,Multistorey Apartment,synthetic,synthetic://generator-v2
demo-01346,Thiruporur,1238.0,3,3,28,1,Furnished,5458633.0,synthetic,2026-06-30,synthetic_listed_area,Multistorey Apartment,synthetic,synthetic://generator-v2
demo-01347,Porur,2845.0,5,6,7,1,Unfurnished,25182622.0,synthetic,2026-06-30,synthetic_listed_area,Multistorey Apartment,synthetic,synthetic://generator-v2
demo-01348,Ramapuram,2137.0,5,4,32,1,Semi-Furnished,16659519.0,synthetic,2026-06-30,synthetic_listed_area,Multistorey Apartment,synthetic,synthetic://generator-v2
demo-01349,Navalur,2000.0,5,6,24,2,Semi-Furnished,12967827.0,synthetic,2026-06-30,synthetic_listed_area,Multistorey Apartment,synthetic,synthetic://generator-v2
demo-01350,Anna Nagar,1114.0,3,4,2,0,Furnished,17872563.0,synthetic,2026-06-30,synthetic_listed_area,Multistorey Apartment,synthetic,synthetic://generator-v2
demo-01351,Kodambakkam,1912.0,4,3,4,0,Unfurnished,27429645.0,synthetic,2026-06-30,synthetic_listed_area,Multistorey Apartment,synthetic,synthetic://generator-v2
demo-01352,Koyambedu,2313.0,5,4,33,1,Unfurnished,28575286.0,synthetic,2026-06-30,synthetic_listed_area,Multistorey Apartment,synthetic,synthetic://generator-v2
demo-01353,Thoraipakkam,1076.0,2,3,7,1,Semi-Furnished,16395934.0,synthetic,2026-06-30,synthetic_listed_area,Multistorey Apartment,synthetic,synthetic://generator-v2
demo-01354,Egmore,466.0,1,2,3,2,Unfurnished,8436700.0,synthetic,2026-06-30,synthetic_listed_area,Multistorey Apartment,synthetic,synthetic://generator-v2
demo-01355,Koyambedu,872.0,2,3,16,2,Furnished,10712233.0,synthetic,2026-06-30,synthetic_listed_area,Multistorey Apartment,synthetic,synthetic://generator-v2
demo-01356,Kilpauk,1662.0,4,4,18,1,Unfurnished,25788707.0,synthetic,2026-06-30,synthetic_listed_area,Multistorey Apartment,synthetic,synthetic://generator-v2
demo-01357,Chromepet,1259.0,3,3,20,0,Furnished,6806837.0,synthetic,2026-06-30,synthetic_listed_area,Multistorey Apartment,synthetic,synthetic://generator-v2
demo-01358,Anna Nagar,582.0,1,1,23,0,Semi-Furnished,8117484.0,synthetic,2026-06-30,synthetic_listed_area,Multistorey Apartment,synthetic,synthetic://generator-v2
demo-01359,Kodambakkam,1174.0,3,3,35,1,Furnished,12846286.0,synthetic,2026-06-30,synthetic_listed_area,Multistorey Apartment,synthetic,synthetic://generator-v2
demo-01360,Anna Nagar,597.0,1,2,27,1,Unfurnished,5823940.0,synthetic,2026-06-30,synthetic_listed_area,Multistorey Apartment,synthetic,synthetic://generator-v2
demo-01361,Anna Nagar,1295.0,3,2,0,1,Unfurnished,21805478.0,synthetic,2026-06-30,synthetic_listed_area,Multistorey Apartment,synthetic,synthetic://generator-v2
demo-01362,Kilpauk,1116.0,3,2,3,0,Semi-Furnished,17521783.0,synthetic,2026-06-30,synthetic_listed_area,Multistorey Apartment,synthetic,synthetic://generator-v2
demo-01363,Egmore,1649.0,4,3,0,2,Unfurnished,38211154.0,synthetic,2026-06-30,synthetic_listed_area,Multistorey Apartment,synthetic,synthetic://generator-v2
demo-01364,Kundrathur,1094.0,3,4,14,1,Unfurnished,5781702.0,synthetic,2026-06-30,synthetic_listed_area,Multistorey Apartment,synthetic,synthetic://generator-v2
demo-01365,Adyar,1643.0,3,4,12,1,Unfurnished,24560934.0,synthetic,2026-06-30,synthetic_listed_area,Multistorey Apartment,synthetic,synthetic://generator-v2
demo-01366,Kilpauk,1913.0,4,3,33,0,Furnished,24966146.0,synthetic,2026-06-30,synthetic_listed_area,Multistorey Apartment,synthetic,synthetic://generator-v2
demo-01367,Kovur,1737.0,4,3,13,2,Furnished,9399094.0,synthetic,2026-06-30,synthetic_listed_area,Multistorey Apartment,synthetic,synthetic://generator-v2
demo-01368,Velachery,2578.0,5,4,1,1,Unfurnished,22783052.0,synthetic,2026-06-30,synthetic_listed_area,Multistorey Apartment,synthetic,synthetic://generator-v2
demo-01369,Navalur,1015.0,2,1,31,0,Unfurnished,7122015.0,synthetic,2026-06-30,synthetic_listed_area,Multistorey Apartment,synthetic,synthetic://generator-v2
demo-01370,Thiruporur,1755.0,3,3,9,0,Semi-Furnished,7141571.0,synthetic,2026-06-30,synthetic_listed_area,Multistorey Apartment,synthetic,synthetic://generator-v2
demo-01371,Kilpauk,1181.0,2,2,32,1,Semi-Furnished,17790925.0,synthetic,2026-06-30,synthetic_listed_area,Multistorey Apartment,synthetic,synthetic://generator-v2
demo-01372,Kovur,1561.0,3,3,27,0,Furnished,7507670.0,synthetic,2026-06-30,synthetic_listed_area,Multistorey Apartment,synthetic,synthetic://generator-v2
demo-01373,Kovur,554.0,1,1,31,2,Unfurnished,3165098.0,synthetic,2026-06-30,synthetic_listed_area,Multistorey Apartment,synthetic,synthetic://generator-v2
demo-01374,Thoraipakkam,1644.0,3,3,29,2,Semi-Furnished,14466603.0,synthetic,2026-06-30,synthetic_listed_area,Multistorey Apartment,synthetic,synthetic://generator-v2
demo-01375,Velachery,473.0,1,2,5,2,Unfurnished,5485031.0,synthetic,2026-06-30,synthetic_listed_area,Multistorey Apartment,synthetic,synthetic://generator-v2
demo-01376,Velachery,1578.0,3,3,22,1,Unfurnished,15379565.0,synthetic,2026-06-30,synthetic_listed_area,Multistorey Apartment,synthetic,synthetic://generator-v2
demo-01377,Ramapuram,1848.0,5,6,14,1,Furnished,22788854.0,synthetic,2026-06-30,synthetic_listed_area,Multistorey Apartment,synthetic,synthetic://generator-v2
demo-01378,Koyambedu,2698.0,5,6,22,1,Semi-Furnished,38872655.0,synthetic,2026-06-30,synthetic_listed_area,Multistorey Apartment,synthetic,synthetic://generator-v2
demo-01379,Kundrathur,1771.0,3,4,26,1,Semi-Furnished,8405083.0,synthetic,2026-06-30,synthetic_listed_area,Multistorey Apartment,synthetic,synthetic://generator-v2
demo-01380,Velachery,371.0,1,1,18,1,Unfurnished,4052888.0,synthetic,2026-06-30,synthetic_listed_area,Multistorey Apartment,synthetic,synthetic://generator-v2
demo-01381,Karapakkam,1118.0,2,1,11,1,Semi-Furnished,9196810.0,synthetic,2026-06-30,synthetic_listed_area,Multistorey Apartment,synthetic,synthetic://generator-v2
demo-01382,Kilpauk,583.0,1,1,32,2,Semi-Furnished,6891706.0,synthetic,2026-06-30,synthetic_listed_area,Multistorey Apartment,synthetic,synthetic://generator-v2
demo-01383,Thoraipakkam,1626.0,4,4,23,0,Furnished,17487864.0,synthetic,2026-06-30,synthetic_listed_area,Multistorey Apartment,synthetic,synthetic://generator-v2
demo-01384,Kodambakkam,2406.0,5,6,31,0,Semi-Furnished,22285635.0,synthetic,2026-06-30,synthetic_listed_area,Multistorey Apartment,synthetic,synthetic://generator-v2
demo-01385,Egmore,1746.0,3,4,8,2,Unfurnished,34934867.0,synthetic,2026-06-30,synthetic_listed_area,Multistorey Apartment,synthetic,synthetic://generator-v2
demo-01386,Kundrathur,590.0,1,1,30,2,Furnished,3051647.0,synthetic,2026-06-30,synthetic_listed_area,Multistorey Apartment,synthetic,synthetic://generator-v2
demo-01387,Kilpauk,382.0,1,1,11,2,Unfurnished,6749086.0,synthetic,2026-06-30,synthetic_listed_area,Multistorey Apartment,synthetic,synthetic://generator-v2
demo-01388,Thoraipakkam,2186.0,5,6,16,1,Furnished,22620866.0,synthetic,2026-06-30,synthetic_listed_area,Multistorey Apartment,synthetic,synthetic://generator-v2
demo-01389,Thoraipakkam,1049.0,2,3,30,1,Semi-Furnished,9647037.0,synthetic,2026-06-30,synthetic_listed_area,Multistorey Apartment,synthetic,synthetic://generator-v2
demo-01390,Kilpauk,405.0,1,2,12,0,Furnished,6764830.0,synthetic,2026-06-30,synthetic_listed_area,Multistorey Apartment,synthetic,synthetic://generator-v2
demo-01391,Kundrathur,431.0,1,1,9,0,Semi-Furnished,2177880.0,synthetic,2026-06-30,synthetic_listed_area,Multistorey Apartment,synthetic,synthetic://generator-v2
demo-01392,Velachery,712.0,2,2,32,2,Semi-Furnished,5645948.0,synthetic,2026-06-30,synthetic_listed_area,Multistorey Apartment,synthetic,synthetic://generator-v2
demo-01393,Ramapuram,1554.0,4,4,34,1,Semi-Furnished,15739648.0,synthetic,2026-06-30,synthetic_listed_area,Multistorey Apartment,synthetic,synthetic://generator-v2
demo-01394,Egmore,2453.0,5,5,11,1,Unfurnished,43649976.0,synthetic,2026-06-30,synthetic_listed_area,Multistorey Apartment,synthetic,synthetic://generator-v2
demo-01395,Navalur,1027.0,2,1,11,0,Unfurnished,7238235.0,synthetic,2026-06-30,synthetic_listed_area,Multistorey Apartment,synthetic,synthetic://generator-v2
demo-01396,Navalur,2049.0,4,3,8,1,Furnished,16631129.0,synthetic,2026-06-30,synthetic_listed_area,Multistorey Apartment,synthetic,synthetic://generator-v2
demo-01397,Porur,545.0,1,1,0,2,Furnished,5897414.0,synthetic,2026-06-30,synthetic_listed_area,Multistorey Apartment,synthetic,synthetic://generator-v2
demo-01398,Adyar,454.0,1,1,19,1,Furnished,7625516.0,synthetic,2026-06-30,synthetic_listed_area,Multistorey Apartment,synthetic,synthetic://generator-v2
demo-01399,Kilpauk,418.0,1,1,9,1,Unfurnished,6018057.0,synthetic,2026-06-30,synthetic_listed_area,Multistorey Apartment,synthetic,synthetic://generator-v2
demo-01400,Thiruporur,1769.0,5,4,30,2,Semi-Furnished,5328474.0,synthetic,2026-06-30,synthetic_listed_area,Multistorey Apartment,synthetic,synthetic://generator-v2
demo-01401,Karapakkam,1205.0,3,4,6,0,Semi-Furnished,11484931.0,synthetic,2026-06-30,synthetic_listed_area,Multistorey Apartment,synthetic,synthetic://generator-v2
demo-01402,Kilpauk,2140.0,5,5,22,0,Furnished,33974206.0,synthetic,2026-06-30,synthetic_listed_area,Multistorey Apartment,synthetic,synthetic://generator-v2
demo-01403,Kilpauk,395.0,1,1,18,1,Semi-Furnished,6489835.0,synthetic,2026-06-30,synthetic_listed_area,Multistorey Apartment,synthetic,synthetic://generator-v2
demo-01404,Egmore,355.0,1,2,22,1,Furnished,6322592.0,synthetic,2026-06-30,synthetic_listed_area,Multistorey Apartment,synthetic,synthetic://generator-v2
demo-01405,Chromepet,1947.0,5,4,4,2,Furnished,15102285.0,synthetic,2026-06-30,synthetic_listed_area,Multistorey Apartment,synthetic,synthetic://generator-v2
demo-01406,Kilpauk,517.0,1,2,16,0,Semi-Furnished,8345717.0,synthetic,2026-06-30,synthetic_listed_area,Multistorey Apartment,synthetic,synthetic://generator-v2
demo-01407,Thiruporur,507.0,1,2,22,0,Semi-Furnished,2248037.0,synthetic,2026-06-30,synthetic_listed_area,Multistorey Apartment,synthetic,synthetic://generator-v2
demo-01408,Adyar,1752.0,3,3,12,1,Semi-Furnished,35926235.0,synthetic,2026-06-30,synthetic_listed_area,Multistorey Apartment,synthetic,synthetic://generator-v2
demo-01409,Karapakkam,2198.0,4,4,31,1,Furnished,22867282.0,synthetic,2026-06-30,synthetic_listed_area,Multistorey Apartment,synthetic,synthetic://generator-v2
demo-01410,Anna Nagar,984.0,2,3,19,2,Semi-Furnished,14576938.0,synthetic,2026-06-30,synthetic_listed_area,Multistorey Apartment,synthetic,synthetic://generator-v2
demo-01411,Kundrathur,1153.0,3,2,13,1,Unfurnished,5160293.0,synthetic,2026-06-30,synthetic_listed_area,Multistorey Apartment,synthetic,synthetic://generator-v2
demo-01412,Karapakkam,1964.0,4,3,1,1,Semi-Furnished,21635355.0,synthetic,2026-06-30,synthetic_listed_area,Multistorey Apartment,synthetic,synthetic://generator-v2
demo-01413,Teynampet,1096.0,3,4,6,0,Semi-Furnished,34437631.0,synthetic,2026-06-30,synthetic_listed_area,Multistorey Apartment,synthetic,synthetic://generator-v2
demo-01414,Kundrathur,915.0,2,1,17,1,Furnished,6162064.0,synthetic,2026-06-30,synthetic_listed_area,Multistorey Apartment,synthetic,synthetic://generator-v2
demo-01415,Teynampet,448.0,1,2,14,1,Furnished,14978510.0,synthetic,2026-06-30,synthetic_listed_area,Multistorey Apartment,synthetic,synthetic://generator-v2
demo-01416,Navalur,1371.0,3,4,31,1,Unfurnished,11613150.0,synthetic,2026-06-30,synthetic_listed_area,Multistorey Apartment,synthetic,synthetic://generator-v2
demo-01417,Kovur,2100.0,5,5,28,1,Semi-Furnished,13801992.0,synthetic,2026-06-30,synthetic_listed_area,Multistorey Apartment,synthetic,synthetic://generator-v2
demo-01418,Thiruporur,2086.0,4,3,5,1,Unfurnished,9222184.0,synthetic,2026-06-30,synthetic_listed_area,Multistorey Apartment,synthetic,synthetic://generator-v2
demo-01419,Koyambedu,2801.0,5,6,21,0,Semi-Furnished,27284688.0,synthetic,2026-06-30,synthetic_listed_area,Multistorey Apartment,synthetic,synthetic://generator-v2
demo-01420,Velachery,542.0,1,2,16,0,Furnished,5479345.0,synthetic,2026-06-30,synthetic_listed_area,Multistorey Apartment,synthetic,synthetic://generator-v2
demo-01421,Velachery,507.0,1,1,3,0,Furnished,5019612.0,synthetic,2026-06-30,synthetic_listed_area,Multistorey Apartment,synthetic,synthetic://generator-v2
demo-01422,Navalur,1454.0,3,2,23,1,Unfurnished,10396830.0,synthetic,2026-06-30,synthetic_listed_area,Multistorey Apartment,synthetic,synthetic://generator-v2
demo-01423,Porur,358.0,1,1,19,2,Unfurnished,2614454.0,synthetic,2026-06-30,synthetic_listed_area,Multistorey Apartment,synthetic,synthetic://generator-v2
demo-01424,Karapakkam,1592.0,3,3,3,2,Furnished,17785412.0,synthetic,2026-06-30,synthetic_listed_area,Multistorey Apartment,synthetic,synthetic://generator-v2
demo-01425,Teynampet,2431.0,5,4,16,0,Semi-Furnished,63539420.0,synthetic,2026-06-30,synthetic_listed_area,Multistorey Apartment,synthetic,synthetic://generator-v2
demo-01426,Porur,835.0,2,2,26,0,Semi-Furnished,6439300.0,synthetic,2026-06-30,synthetic_listed_area,Multistorey Apartment,synthetic,synthetic://generator-v2
demo-01427,Thoraipakkam,1296.0,3,2,11,1,Furnished,9823718.0,synthetic,2026-06-30,synthetic_listed_area,Multistorey Apartment,synthetic,synthetic://generator-v2
demo-01428,Karapakkam,2336.0,4,5,12,0,Furnished,22787254.0,synthetic,2026-06-30,synthetic_listed_area,Multistorey Apartment,synthetic,synthetic://generator-v2
demo-01429,Teynampet,506.0,1,1,3,1,Furnished,18085597.0,synthetic,2026-06-30,synthetic_listed_area,Multistorey Apartment,synthetic,synthetic://generator-v2
demo-01430,Kovur,2345.0,5,6,7,1,Furnished,21751577.0,synthetic,2026-06-30,synthetic_listed_area,Multistorey Apartment,synthetic,synthetic://generator-v2
demo-01431,Egmore,1010.0,2,2,35,2,Furnished,18134273.0,synthetic,2026-06-30,synthetic_listed_area,Multistorey Apartment,synthetic,synthetic://generator-v2
demo-01432,Chromepet,2267.0,5,6,22,1,Furnished,16739817.0,synthetic,2026-06-30,synthetic_listed_area,Multistorey Apartment,synthetic,synthetic://generator-v2
demo-01433,Kundrathur,1870.0,4,5,6,2,Furnished,11542591.0,synthetic,2026-06-30,synthetic_listed_area,Multistorey Apartment,synthetic,synthetic://generator-v2
demo-01434,Kilpauk,423.0,1,1,17,1,Semi-Furnished,6280125.0,synthetic,2026-06-30,synthetic_listed_area,Multistorey Apartment,synthetic,synthetic://generator-v2
demo-01435,Anna Nagar,1840.0,4,4,6,2,Unfurnished,31887682.0,synthetic,2026-06-30,synthetic_listed_area,Multistorey Apartment,synthetic,synthetic://generator-v2
demo-01436,Kovur,521.0,1,2,15,1,Furnished,3581831.0,synthetic,2026-06-30,synthetic_listed_area,Multistorey Apartment,synthetic,synthetic://generator-v2
demo-01437,Porur,1080.0,3,3,5,1,Furnished,8137193.0,synthetic,2026-06-30,synthetic_listed_area,Multistorey Apartment,synthetic,synthetic://generator-v2
demo-01438,Kilpauk,2744.0,5,4,22,1,Unfurnished,35867671.0,synthetic,2026-06-30,synthetic_listed_area,Multistorey Apartment,synthetic,synthetic://generator-v2
demo-01439,Velachery,2104.0,5,6,20,1,Semi-Furnished,16906239.0,synthetic,2026-06-30,synthetic_listed_area,Multistorey Apartment,synthetic,synthetic://generator-v2
demo-01440,Teynampet,2603.0,5,4,22,2,Semi-Furnished,73358945.0,synthetic,2026-06-30,synthetic_listed_area,Multistorey Apartment,synthetic,synthetic://generator-v2
demo-01441,Koyambedu,1532.0,3,4,15,1,Semi-Furnished,19000247.0,synthetic,2026-06-30,synthetic_listed_area,Multistorey Apartment,synthetic,synthetic://generator-v2
demo-01442,Thoraipakkam,1539.0,3,4,10,0,Furnished,15686850.0,synthetic,2026-06-30,synthetic_listed_area,Multistorey Apartment,synthetic,synthetic://generator-v2
demo-01443,Kovur,1004.0,2,1,8,1,Semi-Furnished,6505303.0,synthetic,2026-06-30,synthetic_listed_area,Multistorey Apartment,synthetic,synthetic://generator-v2
demo-01444,Chromepet,2949.0,5,4,7,1,Furnished,20747411.0,synthetic,2026-06-30,synthetic_listed_area,Multistorey Apartment,synthetic,synthetic://generator-v2
demo-01445,Adyar,1431.0,3,4,15,1,Furnished,28979313.0,synthetic,2026-06-30,synthetic_listed_area,Multistorey Apartment,synthetic,synthetic://generator-v2
demo-01446,Thoraipakkam,2132.0,4,4,16,0,Furnished,18852033.0,synthetic,2026-06-30,synthetic_listed_area,Multistorey Apartment,synthetic,synthetic://generator-v2
demo-01447,Velachery,1053.0,2,3,24,0,Semi-Furnished,7898450.0,synthetic,2026-06-30,synthetic_listed_area,Multistorey Apartment,synthetic,synthetic://generator-v2
demo-01448,Ramapuram,1636.0,4,5,1,0,Unfurnished,21285271.0,synthetic,2026-06-30,synthetic_listed_area,Multistorey Apartment,synthetic,synthetic://generator-v2
demo-01449,Anna Nagar,842.0,2,1,10,1,Furnished,11552335.0,synthetic,2026-06-30,synthetic_listed_area,Multistorey Apartment,synthetic,synthetic://generator-v2
demo-01450,Karapakkam,1824.0,4,5,30,0,Unfurnished,15475642.0,synthetic,2026-06-30,synthetic_listed_area,Multistorey Apartment,synthetic,synthetic://generator-v2
demo-01451,Adyar,419.0,1,1,32,1,Unfurnished,7909498.0,synthetic,2026-06-30,synthetic_listed_area,Multistorey Apartment,synthetic,synthetic://generator-v2
demo-01452,Adyar,442.0,1,2,33,0,Unfurnished,8140126.0,synthetic,2026-06-30,synthetic_listed_area,Multistorey Apartment,synthetic,synthetic://generator-v2
demo-01453,Karapakkam,895.0,2,1,11,0,Unfurnished,8891129.0,synthetic,2026-06-30,synthetic_listed_area,Multistorey Apartment,synthetic,synthetic://generator-v2
demo-01454,Kundrathur,1503.0,3,2,4,0,Furnished,9735237.0,synthetic,2026-06-30,synthetic_listed_area,Multistorey Apartment,synthetic,synthetic://generator-v2
demo-01455,Anna Nagar,1620.0,4,4,7,0,Semi-Furnished,34494652.0,synthetic,2026-06-30,synthetic_listed_area,Multistorey Apartment,synthetic,synthetic://generator-v2
demo-01456,Velachery,1102.0,2,2,4,0,Unfurnished,8093632.0,synthetic,2026-06-30,synthetic_listed_area,Multistorey Apartment,synthetic,synthetic://generator-v2
demo-01457,Kovur,459.0,1,1,34,2,Unfurnished,2494843.0,synthetic,2026-06-30,synthetic_listed_area,Multistorey Apartment,synthetic,synthetic://generator-v2
demo-01458,Karapakkam,1053.0,2,1,31,0,Unfurnished,9225850.0,synthetic,2026-06-30,synthetic_listed_area,Multistorey Apartment,synthetic,synthetic://generator-v2
demo-01459,Koyambedu,1111.0,3,3,29,1,Furnished,12364262.0,synthetic,2026-06-30,synthetic_listed_area,Multistorey Apartment,synthetic,synthetic://generator-v2
demo-01460,Teynampet,1402.0,3,4,26,1,Furnished,42866120.0,synthetic,2026-06-30,synthetic_listed_area,Multistorey Apartment,synthetic,synthetic://generator-v2
demo-01461,Kilpauk,1428.0,4,5,12,2,Unfurnished,21683676.0,synthetic,2026-06-30,synthetic_listed_area,Multistorey Apartment,synthetic,synthetic://generator-v2
demo-01462,Adyar,1038.0,2,3,17,1,Unfurnished,17942514.0,synthetic,2026-06-30,synthetic_listed_area,Multistorey Apartment,synthetic,synthetic://generator-v2
demo-01463,Adyar,1744.0,4,3,30,1,Semi-Furnished,26768454.0,synthetic,2026-06-30,synthetic_listed_area,Multistorey Apartment,synthetic,synthetic://generator-v2
demo-01464,Thiruporur,2349.0,4,5,29,2,Furnished,8607909.0,synthetic,2026-06-30,synthetic_listed_area,Multistorey Apartment,synthetic,synthetic://generator-v2
demo-01465,Anna Nagar,1724.0,4,4,18,2,Unfurnished,23882669.0,synthetic,2026-06-30,synthetic_listed_area,Multistorey Apartment,synthetic,synthetic://generator-v2
demo-01466,Navalur,1473.0,3,4,30,0,Furnished,10540648.0,synthetic,2026-06-30,synthetic_listed_area,Multistorey Apartment,synthetic,synthetic://generator-v2
demo-01467,Kodambakkam,2072.0,5,6,12,2,Unfurnished,24371487.0,synthetic,2026-06-30,synthetic_listed_area,Multistorey Apartment,synthetic,synthetic://generator-v2
demo-01468,Teynampet,1010.0,2,1,14,1,Unfurnished,30474119.0,synthetic,2026-06-30,synthetic_listed_area,Multistorey Apartment,synthetic,synthetic://generator-v2
demo-01469,Anna Nagar,1867.0,4,5,30,0,Semi-Furnished,27491653.0,synthetic,2026-06-30,synthetic_listed_area,Multistorey Apartment,synthetic,synthetic://generator-v2
demo-01470,Thoraipakkam,443.0,1,1,13,1,Unfurnished,5125693.0,synthetic,2026-06-30,synthetic_listed_area,Multistorey Apartment,synthetic,synthetic://generator-v2
demo-01471,Porur,401.0,1,2,27,2,Unfurnished,2374144.0,synthetic,2026-06-30,synthetic_listed_area,Multistorey Apartment,synthetic,synthetic://generator-v2
demo-01472,Kovur,1889.0,5,5,16,0,Unfurnished,9567866.0,synthetic,2026-06-30,synthetic_listed_area,Multistorey Apartment,synthetic,synthetic://generator-v2
demo-01473,Egmore,1140.0,3,2,10,0,Unfurnished,20129421.0,synthetic,2026-06-30,synthetic_listed_area,Multistorey Apartment,synthetic,synthetic://generator-v2
demo-01474,Velachery,2399.0,4,5,7,2,Furnished,37499155.0,synthetic,2026-06-30,synthetic_listed_area,Multistorey Apartment,synthetic,synthetic://generator-v2
demo-01475,Kilpauk,1812.0,4,3,21,1,Unfurnished,30067331.0,synthetic,2026-06-30,synthetic_listed_area,Multistorey Apartment,synthetic,synthetic://generator-v2
demo-01476,Koyambedu,1402.0,4,5,17,0,Unfurnished,15259752.0,synthetic,2026-06-30,synthetic_listed_area,Multistorey Apartment,synthetic,synthetic://generator-v2
demo-01477,Kodambakkam,1176.0,2,1,13,2,Unfurnished,16053043.0,synthetic,2026-06-30,synthetic_listed_area,Multistorey Apartment,synthetic,synthetic://generator-v2
demo-01478,Egmore,355.0,1,2,26,1,Unfurnished,6275463.0,synthetic,2026-06-30,synthetic_listed_area,Multistorey Apartment,synthetic,synthetic://generator-v2
demo-01479,Kovur,455.0,1,1,0,0,Semi-Furnished,2759215.0,synthetic,2026-06-30,synthetic_listed_area,Multistorey Apartment,synthetic,synthetic://generator-v2
demo-01480,Chromepet,2647.0,5,4,3,0,Furnished,21047384.0,synthetic,2026-06-30,synthetic_listed_area,Multistorey Apartment,synthetic,synthetic://generator-v2
demo-01481,Adyar,1157.0,2,1,34,1,Unfurnished,17078422.0,synthetic,2026-06-30,synthetic_listed_area,Multistorey Apartment,synthetic,synthetic://generator-v2
demo-01482,Karapakkam,1585.0,3,2,23,0,Furnished,13802615.0,synthetic,2026-06-30,synthetic_listed_area,Multistorey Apartment,synthetic,synthetic://generator-v2
demo-01483,Anna Nagar,1398.0,3,4,19,1,Semi-Furnished,20858569.0,synthetic,2026-06-30,synthetic_listed_area,Multistorey Apartment,synthetic,synthetic://generator-v2
demo-01484,Kovur,594.0,1,2,0,0,Unfurnished,4870559.0,synthetic,2026-06-30,synthetic_listed_area,Multistorey Apartment,synthetic,synthetic://generator-v2
demo-01485,Thiruporur,1079.0,3,4,21,0,Furnished,3913684.0,synthetic,2026-06-30,synthetic_listed_area,Multistorey Apartment,synthetic,synthetic://generator-v2
demo-01486,Chromepet,597.0,1,1,15,2,Unfurnished,2856376.0,synthetic,2026-06-30,synthetic_listed_area,Multistorey Apartment,synthetic,synthetic://generator-v2
demo-01487,Adyar,562.0,1,1,21,0,Semi-Furnished,9752086.0,synthetic,2026-06-30,synthetic_listed_area,Multistorey Apartment,synthetic,synthetic://generator-v2
demo-01488,Anna Nagar,582.0,1,2,1,2,Semi-Furnished,7665041.0,synthetic,2026-06-30,synthetic_listed_area,Multistorey Apartment,synthetic,synthetic://generator-v2
demo-01489,Koyambedu,2068.0,5,4,19,0,Semi-Furnished,23519632.0,synthetic,2026-06-30,synthetic_listed_area,Multistorey Apartment,synthetic,synthetic://generator-v2
demo-01490,Karapakkam,1157.0,3,4,20,1,Unfurnished,11648603.0,synthetic,2026-06-30,synthetic_listed_area,Multistorey Apartment,synthetic,synthetic://generator-v2
demo-01491,Koyambedu,2579.0,5,5,10,0,Unfurnished,34160873.0,synthetic,2026-06-30,synthetic_listed_area,Multistorey Apartment,synthetic,synthetic://generator-v2
demo-01492,Adyar,1437.0,3,3,1,1,Furnished,33208783.0,synthetic,2026-06-30,synthetic_listed_area,Multistorey Apartment,synthetic,synthetic://generator-v2
demo-01493,Kilpauk,962.0,2,2,34,1,Furnished,14229336.0,synthetic,2026-06-30,synthetic_listed_area,Multistorey Apartment,synthetic,synthetic://generator-v2
demo-01494,Kodambakkam,2325.0,4,5,25,0,Unfurnished,36439615.0,synthetic,2026-06-30,synthetic_listed_area,Multistorey Apartment,synthetic,synthetic://generator-v2
demo-01495,Kovur,2525.0,5,6,22,1,Semi-Furnished,14791674.0,synthetic,2026-06-30,synthetic_listed_area,Multistorey Apartment,synthetic,synthetic://generator-v2
demo-01496,Kundrathur,1283.0,3,4,27,2,Furnished,7043476.0,synthetic,2026-06-30,synthetic_listed_area,Multistorey Apartment,synthetic,synthetic://generator-v2
demo-01497,Teynampet,450.0,1,1,24,1,Unfurnished,10565008.0,synthetic,2026-06-30,synthetic_listed_area,Multistorey Apartment,synthetic,synthetic://generator-v2
demo-01498,Kovur,767.0,2,1,4,0,Semi-Furnished,6119071.0,synthetic,2026-06-30,synthetic_listed_area,Multistorey Apartment,synthetic,synthetic://generator-v2
demo-01499,Thiruporur,1990.0,5,6,16,2,Furnished,8480319.0,synthetic,2026-06-30,synthetic_listed_area,Multistorey Apartment,synthetic,synthetic://generator-v2
demo-01500,Kundrathur,1158.0,3,4,31,0,Furnished,7080099.0,synthetic,2026-06-30,synthetic_listed_area,Multistorey Apartment,synthetic,synthetic://generator-v2
demo-01501,Karapakkam,2763.0,5,4,10,0,Semi-Furnished,24031684.0,synthetic,2026-06-30,synthetic_listed_area,Multistorey Apartment,synthetic,synthetic://generator-v2
demo-01502,Egmore,1579.0,3,4,34,1,Furnished,30612749.0,synthetic,2026-06-30,synthetic_listed_area,Multistorey Apartment,synthetic,synthetic://generator-v2
demo-01503,Kilpauk,483.0,1,1,2,0,Semi-Furnished,8446654.0,synthetic,2026-06-30,synthetic_listed_area,Multistorey Apartment,synthetic,synthetic://generator-v2
demo-01504,Navalur,2218.0,5,6,11,0,Unfurnished,16412976.0,synthetic,2026-06-30,synthetic_listed_area,Multistorey Apartment,synthetic,synthetic://generator-v2
demo-01505,Karapakkam,2068.0,4,5,12,2,Furnished,21892883.0,synthetic,2026-06-30,synthetic_listed_area,Multistorey Apartment,synthetic,synthetic://generator-v2
demo-01506,Thoraipakkam,2213.0,4,4,22,1,Unfurnished,21560017.0,synthetic,2026-06-30,synthetic_listed_area,Multistorey Apartment,synthetic,synthetic://generator-v2
demo-01507,Koyambedu,2852.0,5,4,6,2,Unfurnished,39122260.0,synthetic,2026-06-30,synthetic_listed_area,Multistorey Apartment,synthetic,synthetic://generator-v2
demo-01508,Thiruporur,487.0,1,2,8,1,Semi-Furnished,2042621.0,synthetic,2026-06-30,synthetic_listed_area,Multistorey Apartment,synthetic,synthetic://generator-v2
demo-01509,Porur,2775.0,5,4,23,1,Furnished,18627426.0,synthetic,2026-06-30,synthetic_listed_area,Multistorey Apartment,synthetic,synthetic://generator-v2
demo-01510,Kilpauk,956.0,2,2,10,2,Furnished,15041970.0,synthetic,2026-06-30,synthetic_listed_area,Multistorey Apartment,synthetic,synthetic://generator-v2
demo-01511,Egmore,2343.0,5,5,31,0,Furnished,30487650.0,synthetic,2026-06-30,synthetic_listed_area,Multistorey Apartment,synthetic,synthetic://generator-v2
demo-01512,Ramapuram,566.0,1,1,31,1,Semi-Furnished,6140873.0,synthetic,2026-06-30,synthetic_listed_area,Multistorey Apartment,synthetic,synthetic://generator-v2
demo-01513,Kilpauk,1340.0,3,3,10,2,Semi-Furnished,18110632.0,synthetic,2026-06-30,synthetic_listed_area,Multistorey Apartment,synthetic,synthetic://generator-v2
demo-01514,Karapakkam,1796.0,4,5,20,0,Semi-Furnished,15170155.0,synthetic,2026-06-30,synthetic_listed_area,Multistorey Apartment,synthetic,synthetic://generator-v2
demo-01515,Thoraipakkam,426.0,1,1,11,2,Unfurnished,4799237.0,synthetic,2026-06-30,synthetic_listed_area,Multistorey Apartment,synthetic,synthetic://generator-v2
demo-01516,Koyambedu,480.0,1,1,12,0,Semi-Furnished,6649551.0,synthetic,2026-06-30,synthetic_listed_area,Multistorey Apartment,synthetic,synthetic://generator-v2
demo-01517,Adyar,2431.0,5,4,24,1,Unfurnished,31229040.0,synthetic,2026-06-30,synthetic_listed_area,Multistorey Apartment,synthetic,synthetic://generator-v2
demo-01518,Koyambedu,515.0,1,1,10,2,Unfurnished,6480958.0,synthetic,2026-06-30,synthetic_listed_area,Multistorey Apartment,synthetic,synthetic://generator-v2
demo-01519,Kovur,1831.0,4,3,5,0,Furnished,14082370.0,synthetic,2026-06-30,synthetic_listed_area,Multistorey Apartment,synthetic,synthetic://generator-v2
demo-01520,Thiruporur,2022.0,5,4,9,2,Furnished,9184042.0,synthetic,2026-06-30,synthetic_listed_area,Multistorey Apartment,synthetic,synthetic://generator-v2
demo-01521,Ramapuram,2267.0,4,4,33,0,Unfurnished,24800453.0,synthetic,2026-06-30,synthetic_listed_area,Multistorey Apartment,synthetic,synthetic://generator-v2
demo-01522,Egmore,1310.0,3,2,9,0,Unfurnished,20944805.0,synthetic,2026-06-30,synthetic_listed_area,Multistorey Apartment,synthetic,synthetic://generator-v2
demo-01523,Chromepet,1742.0,3,2,13,1,Unfurnished,7940343.0,synthetic,2026-06-30,synthetic_listed_area,Multistorey Apartment,synthetic,synthetic://generator-v2
demo-01524,Navalur,1607.0,4,5,22,1,Unfurnished,12508367.0,synthetic,2026-06-30,synthetic_listed_area,Multistorey Apartment,synthetic,synthetic://generator-v2
demo-01525,Adyar,1470.0,3,4,3,2,Furnished,27776537.0,synthetic,2026-06-30,synthetic_listed_area,Multistorey Apartment,synthetic,synthetic://generator-v2
demo-01526,Kilpauk,1452.0,3,2,9,2,Furnished,19119955.0,synthetic,2026-06-30,synthetic_listed_area,Multistorey Apartment,synthetic,synthetic://generator-v2
demo-01527,Chromepet,557.0,1,2,6,2,Furnished,3685851.0,synthetic,2026-06-30,synthetic_listed_area,Multistorey Apartment,synthetic,synthetic://generator-v2
demo-01528,Adyar,1539.0,4,4,33,1,Semi-Furnished,28130542.0,synthetic,2026-06-30,synthetic_listed_area,Multistorey Apartment,synthetic,synthetic://generator-v2
demo-01529,Thoraipakkam,2310.0,4,3,33,0,Unfurnished,16786110.0,synthetic,2026-06-30,synthetic_listed_area,Multistorey Apartment,synthetic,synthetic://generator-v2
demo-01530,Anna Nagar,1931.0,4,5,27,2,Unfurnished,36537812.0,synthetic,2026-06-30,synthetic_listed_area,Multistorey Apartment,synthetic,synthetic://generator-v2
demo-01531,Adyar,497.0,1,1,8,1,Furnished,8564799.0,synthetic,2026-06-30,synthetic_listed_area,Multistorey Apartment,synthetic,synthetic://generator-v2
demo-01532,Thoraipakkam,1910.0,4,3,22,0,Furnished,18971574.0,synthetic,2026-06-30,synthetic_listed_area,Multistorey Apartment,synthetic,synthetic://generator-v2
demo-01533,Egmore,1436.0,4,3,23,2,Semi-Furnished,21011557.0,synthetic,2026-06-30,synthetic_listed_area,Multistorey Apartment,synthetic,synthetic://generator-v2
demo-01534,Teynampet,474.0,1,2,31,1,Semi-Furnished,11563715.0,synthetic,2026-06-30,synthetic_listed_area,Multistorey Apartment,synthetic,synthetic://generator-v2
demo-01535,Adyar,2079.0,5,4,5,1,Furnished,40094945.0,synthetic,2026-06-30,synthetic_listed_area,Multistorey Apartment,synthetic,synthetic://generator-v2
demo-01536,Chromepet,1307.0,3,3,26,1,Furnished,6211474.0,synthetic,2026-06-30,synthetic_listed_area,Multistorey Apartment,synthetic,synthetic://generator-v2
demo-01537,Anna Nagar,1537.0,3,2,6,2,Unfurnished,35902975.0,synthetic,2026-06-30,synthetic_listed_area,Multistorey Apartment,synthetic,synthetic://generator-v2
demo-01538,Ramapuram,1898.0,4,5,20,0,Semi-Furnished,18358298.0,synthetic,2026-06-30,synthetic_listed_area,Multistorey Apartment,synthetic,synthetic://generator-v2
demo-01539,Navalur,1120.0,3,4,31,1,Unfurnished,6908378.0,synthetic,2026-06-30,synthetic_listed_area,Multistorey Apartment,synthetic,synthetic://generator-v2
demo-01540,Koyambedu,1105.0,3,3,2,0,Semi-Furnished,16696798.0,synthetic,2026-06-30,synthetic_listed_area,Multistorey Apartment,synthetic,synthetic://generator-v2
demo-01541,Karapakkam,793.0,2,2,5,1,Semi-Furnished,9864902.0,synthetic,2026-06-30,synthetic_listed_area,Multistorey Apartment,synthetic,synthetic://generator-v2
demo-01542,Anna Nagar,1989.0,5,5,29,0,Unfurnished,30590790.0,synthetic,2026-06-30,synthetic_listed_area,Multistorey Apartment,synthetic,synthetic://generator-v2
demo-01543,Kundrathur,2510.0,5,5,0,1,Unfurnished,12506806.0,synthetic,2026-06-30,synthetic_listed_area,Multistorey Apartment,synthetic,synthetic://generator-v2
demo-01544,Egmore,394.0,1,2,24,2,Semi-Furnished,6897108.0,synthetic,2026-06-30,synthetic_listed_area,Multistorey Apartment,synthetic,synthetic://generator-v2
demo-01545,Navalur,2282.0,4,5,18,1,Semi-Furnished,13199251.0,synthetic,2026-06-30,synthetic_listed_area,Multistorey Apartment,synthetic,synthetic://generator-v2
demo-01546,Porur,402.0,1,1,12,2,Furnished,3655048.0,synthetic,2026-06-30,synthetic_listed_area,Multistorey Apartment,synthetic,synthetic://generator-v2
demo-01547,Thiruporur,746.0,2,3,31,2,Unfurnished,2196827.0,synthetic,2026-06-30,synthetic_listed_area,Multistorey Apartment,synthetic,synthetic://generator-v2
demo-01548,Koyambedu,2845.0,5,4,30,0,Unfurnished,27372638.0,synthetic,2026-06-30,synthetic_listed_area,Multistorey Apartment,synthetic,synthetic://generator-v2
demo-01549,Adyar,424.0,1,1,11,1,Furnished,7975006.0,synthetic,2026-06-30,synthetic_listed_area,Multistorey Apartment,synthetic,synthetic://generator-v2
demo-01550,Karapakkam,913.0,2,2,0,1,Furnished,10194961.0,synthetic,2026-06-30,synthetic_listed_area,Multistorey Apartment,synthetic,synthetic://generator-v2
demo-01551,Thiruporur,1180.0,2,1,4,1,Furnished,5234185.0,synthetic,2026-06-30,synthetic_listed_area,Multistorey Apartment,synthetic,synthetic://generator-v2
demo-01552,Kundrathur,2344.0,4,5,3,2,Furnished,17610290.0,synthetic,2026-06-30,synthetic_listed_area,Multistorey Apartment,synthetic,synthetic://generator-v2
demo-01553,Navalur,1586.0,3,4,35,1,Furnished,11833359.0,synthetic,2026-06-30,synthetic_listed_area,Multistorey Apartment,synthetic,synthetic://generator-v2
demo-01554,Kovur,1102.0,3,2,21,0,Semi-Furnished,7494995.0,synthetic,2026-06-30,synthetic_listed_area,Multistorey Apartment,synthetic,synthetic://generator-v2
demo-01555,Chromepet,2492.0,5,4,24,1,Furnished,12423148.0,synthetic,2026-06-30,synthetic_listed_area,Multistorey Apartment,synthetic,synthetic://generator-v2
demo-01556,Thoraipakkam,1792.0,3,3,8,0,Semi-Furnished,23377575.0,synthetic,2026-06-30,synthetic_listed_area,Multistorey Apartment,synthetic,synthetic://generator-v2
demo-01557,Teynampet,2347.0,4,5,30,1,Furnished,53503670.0,synthetic,2026-06-30,synthetic_listed_area,Multistorey Apartment,synthetic,synthetic://generator-v2
demo-01558,Velachery,377.0,1,1,26,1,Semi-Furnished,4207181.0,synthetic,2026-06-30,synthetic_listed_area,Multistorey Apartment,synthetic,synthetic://generator-v2
demo-01559,Thiruporur,898.0,2,3,27,2,Semi-Furnished,4485807.0,synthetic,2026-06-30,synthetic_listed_area,Multistorey Apartment,synthetic,synthetic://generator-v2
demo-01560,Karapakkam,2144.0,5,4,16,0,Furnished,21208048.0,synthetic,2026-06-30,synthetic_listed_area,Multistorey Apartment,synthetic,synthetic://generator-v2
demo-01561,Karapakkam,1912.0,5,5,25,1,Semi-Furnished,18678510.0,synthetic,2026-06-30,synthetic_listed_area,Multistorey Apartment,synthetic,synthetic://generator-v2
demo-01562,Karapakkam,2095.0,4,3,19,0,Unfurnished,11975179.0,synthetic,2026-06-30,synthetic_listed_area,Multistorey Apartment,synthetic,synthetic://generator-v2
demo-01563,Thoraipakkam,837.0,2,1,13,1,Furnished,8690631.0,synthetic,2026-06-30,synthetic_listed_area,Multistorey Apartment,synthetic,synthetic://generator-v2
demo-01564,Kundrathur,436.0,1,2,21,1,Semi-Furnished,2594288.0,synthetic,2026-06-30,synthetic_listed_area,Multistorey Apartment,synthetic,synthetic://generator-v2
demo-01565,Kovur,1863.0,5,4,11,1,Furnished,14859940.0,synthetic,2026-06-30,synthetic_listed_area,Multistorey Apartment,synthetic,synthetic://generator-v2
demo-01566,Velachery,1898.0,4,3,34,0,Semi-Furnished,13392020.0,synthetic,2026-06-30,synthetic_listed_area,Multistorey Apartment,synthetic,synthetic://generator-v2
demo-01567,Navalur,779.0,2,2,25,0,Furnished,5364259.0,synthetic,2026-06-30,synthetic_listed_area,Multistorey Apartment,synthetic,synthetic://generator-v2
demo-01568,Thoraipakkam,1374.0,3,4,26,1,Semi-Furnished,9276885.0,synthetic,2026-06-30,synthetic_listed_area,Multistorey Apartment,synthetic,synthetic://generator-v2
demo-01569,Velachery,1543.0,4,4,25,1,Furnished,15117303.0,synthetic,2026-06-30,synthetic_listed_area,Multistorey Apartment,synthetic,synthetic://generator-v2
demo-01570,Anna Nagar,1765.0,3,2,16,0,Furnished,21347789.0,synthetic,2026-06-30,synthetic_listed_area,Multistorey Apartment,synthetic,synthetic://generator-v2
demo-01571,Kodambakkam,1931.0,5,6,34,1,Unfurnished,24498040.0,synthetic,2026-06-30,synthetic_listed_area,Multistorey Apartment,synthetic,synthetic://generator-v2
demo-01572,Ramapuram,480.0,1,1,7,0,Furnished,6549966.0,synthetic,2026-06-30,synthetic_listed_area,Multistorey Apartment,synthetic,synthetic://generator-v2
demo-01573,Teynampet,798.0,2,3,20,1,Furnished,20362530.0,synthetic,2026-06-30,synthetic_listed_area,Multistorey Apartment,synthetic,synthetic://generator-v2
demo-01574,Chromepet,369.0,1,1,2,1,Semi-Furnished,2601544.0,synthetic,2026-06-30,synthetic_listed_area,Multistorey Apartment,synthetic,synthetic://generator-v2
demo-01575,Kilpauk,1602.0,4,5,10,2,Furnished,25595867.0,synthetic,2026-06-30,synthetic_listed_area,Multistorey Apartment,synthetic,synthetic://generator-v2
demo-01576,Kundrathur,1455.0,4,3,20,2,Furnished,8220225.0,synthetic,2026-06-30,synthetic_listed_area,Multistorey Apartment,synthetic,synthetic://generator-v2
demo-01577,Teynampet,1924.0,5,6,17,2,Semi-Furnished,45162786.0,synthetic,2026-06-30,synthetic_listed_area,Multistorey Apartment,synthetic,synthetic://generator-v2
demo-01578,Anna Nagar,1420.0,3,3,33,0,Semi-Furnished,20393396.0,synthetic,2026-06-30,synthetic_listed_area,Multistorey Apartment,synthetic,synthetic://generator-v2
demo-01579,Navalur,513.0,1,2,22,2,Furnished,3138838.0,synthetic,2026-06-30,synthetic_listed_area,Multistorey Apartment,synthetic,synthetic://generator-v2
demo-01580,Kilpauk,1116.0,3,3,14,1,Unfurnished,13004050.0,synthetic,2026-06-30,synthetic_listed_area,Multistorey Apartment,synthetic,synthetic://generator-v2
demo-01581,Egmore,460.0,1,1,15,1,Semi-Furnished,8063268.0,synthetic,2026-06-30,synthetic_listed_area,Multistorey Apartment,synthetic,synthetic://generator-v2
demo-01582,Koyambedu,1981.0,4,3,22,2,Furnished,23963627.0,synthetic,2026-06-30,synthetic_listed_area,Multistorey Apartment,synthetic,synthetic://generator-v2
demo-01583,Kovur,1634.0,4,4,28,0,Furnished,10440837.0,synthetic,2026-06-30,synthetic_listed_area,Multistorey Apartment,synthetic,synthetic://generator-v2
demo-01584,Navalur,2215.0,5,4,9,0,Unfurnished,15340597.0,synthetic,2026-06-30,synthetic_listed_area,Multistorey Apartment,synthetic,synthetic://generator-v2
demo-01585,Kilpauk,736.0,2,2,21,2,Unfurnished,13477419.0,synthetic,2026-06-30,synthetic_listed_area,Multistorey Apartment,synthetic,synthetic://generator-v2
demo-01586,Teynampet,810.0,2,1,20,1,Semi-Furnished,21675193.0,synthetic,2026-06-30,synthetic_listed_area,Multistorey Apartment,synthetic,synthetic://generator-v2
demo-01587,Anna Nagar,467.0,1,1,0,1,Furnished,8469562.0,synthetic,2026-06-30,synthetic_listed_area,Multistorey Apartment,synthetic,synthetic://generator-v2
demo-01588,Thiruporur,1793.0,3,2,32,0,Semi-Furnished,6580750.0,synthetic,2026-06-30,synthetic_listed_area,Multistorey Apartment,synthetic,synthetic://generator-v2
demo-01589,Adyar,1797.0,3,2,20,1,Unfurnished,34064213.0,synthetic,2026-06-30,synthetic_listed_area,Multistorey Apartment,synthetic,synthetic://generator-v2
demo-01590,Ramapuram,2380.0,4,4,8,0,Unfurnished,28068769.0,synthetic,2026-06-30,synthetic_listed_area,Multistorey Apartment,synthetic,synthetic://generator-v2
demo-01591,Kilpauk,1823.0,4,4,22,1,Semi-Furnished,27669942.0,synthetic,2026-06-30,synthetic_listed_area,Multistorey Apartment,synthetic,synthetic://generator-v2
demo-01592,Kodambakkam,370.0,1,1,24,1,Semi-Furnished,4903840.0,synthetic,2026-06-30,synthetic_listed_area,Multistorey Apartment,synthetic,synthetic://generator-v2
demo-01593,Adyar,862.0,2,2,32,2,Unfurnished,10591487.0,synthetic,2026-06-30,synthetic_listed_area,Multistorey Apartment,synthetic,synthetic://generator-v2
demo-01594,Porur,1228.0,3,3,1,2,Semi-Furnished,8209462.0,synthetic,2026-06-30,synthetic_listed_area,Multistorey Apartment,synthetic,synthetic://generator-v2
demo-01595,Chromepet,707.0,2,2,14,0,Semi-Furnished,4164873.0,synthetic,2026-06-30,synthetic_listed_area,Multistorey Apartment,synthetic,synthetic://generator-v2
demo-01596,Porur,374.0,1,1,6,0,Unfurnished,2792658.0,synthetic,2026-06-30,synthetic_listed_area,Multistorey Apartment,synthetic,synthetic://generator-v2
demo-01597,Ramapuram,2316.0,5,6,20,1,Unfurnished,25582068.0,synthetic,2026-06-30,synthetic_listed_area,Multistorey Apartment,synthetic,synthetic://generator-v2
demo-01598,Thiruporur,1740.0,4,4,18,2,Semi-Furnished,7135665.0,synthetic,2026-06-30,synthetic_listed_area,Multistorey Apartment,synthetic,synthetic://generator-v2
demo-01599,Ramapuram,1185.0,3,3,17,0,Furnished,13944149.0,synthetic,2026-06-30,synthetic_listed_area,Multistorey Apartment,synthetic,synthetic://generator-v2
demo-01600,Kilpauk,1058.0,2,3,35,1,Furnished,12192900.0,synthetic,2026-06-30,synthetic_listed_area,Multistorey Apartment,synthetic,synthetic://generator-v2
demo-01601,Ramapuram,2196.0,5,5,19,1,Semi-Furnished,23194508.0,synthetic,2026-06-30,synthetic_listed_area,Multistorey Apartment,synthetic,synthetic://generator-v2
demo-01602,Thiruporur,563.0,1,2,14,0,Unfurnished,1871621.0,synthetic,2026-06-30,synthetic_listed_area,Multistorey Apartment,synthetic,synthetic://generator-v2
demo-01603,Kilpauk,1231.0,3,3,2,1,Furnished,22098711.0,synthetic,2026-06-30,synthetic_listed_area,Multistorey Apartment,synthetic,synthetic://generator-v2
demo-01604,Chromepet,2423.0,5,4,10,0,Furnished,12026678.0,synthetic,2026-06-30,synthetic_listed_area,Multistorey Apartment,synthetic,synthetic://generator-v2
demo-01605,Thoraipakkam,1980.0,5,5,32,1,Unfurnished,18190587.0,synthetic,2026-06-30,synthetic_listed_area,Multistorey Apartment,synthetic,synthetic://generator-v2
demo-01606,Chromepet,948.0,2,3,16,2,Semi-Furnished,4763236.0,synthetic,2026-06-30,synthetic_listed_area,Multistorey Apartment,synthetic,synthetic://generator-v2
demo-01607,Navalur,1552.0,4,3,32,1,Unfurnished,9644348.0,synthetic,2026-06-30,synthetic_listed_area,Multistorey Apartment,synthetic,synthetic://generator-v2
demo-01608,Karapakkam,390.0,1,1,19,0,Furnished,3970112.0,synthetic,2026-06-30,synthetic_listed_area,Multistorey Apartment,synthetic,synthetic://generator-v2
demo-01609,Chromepet,503.0,1,1,19,2,Furnished,3195336.0,synthetic,2026-06-30,synthetic_listed_area,Multistorey Apartment,synthetic,synthetic://generator-v2
demo-01610,Teynampet,832.0,2,3,15,0,Unfurnished,17464184.0,synthetic,2026-06-30,synthetic_listed_area,Multistorey Apartment,synthetic,synthetic://generator-v2
demo-01611,Chromepet,1965.0,5,5,20,2,Furnished,11027355.0,synthetic,2026-06-30,synthetic_listed_area,Multistorey Apartment,synthetic,synthetic://generator-v2
demo-01612,Porur,2330.0,4,4,2,2,Semi-Furnished,16052744.0,synthetic,2026-06-30,synthetic_listed_area,Multistorey Apartment,synthetic,synthetic://generator-v2
demo-01613,Porur,1082.0,3,3,2,1,Semi-Furnished,7139790.0,synthetic,2026-06-30,synthetic_listed_area,Multistorey Apartment,synthetic,synthetic://generator-v2
demo-01614,Anna Nagar,983.0,2,2,17,0,Unfurnished,14422367.0,synthetic,2026-06-30,synthetic_listed_area,Multistorey Apartment,synthetic,synthetic://generator-v2
demo-01615,Chromepet,487.0,1,1,21,2,Furnished,3185616.0,synthetic,2026-06-30,synthetic_listed_area,Multistorey Apartment,synthetic,synthetic://generator-v2
demo-01616,Teynampet,825.0,2,2,19,2,Semi-Furnished,23474569.0,synthetic,2026-06-30,synthetic_listed_area,Multistorey Apartment,synthetic,synthetic://generator-v2
demo-01617,Koyambedu,463.0,1,2,15,1,Furnished,6421876.0,synthetic,2026-06-30,synthetic_listed_area,Multistorey Apartment,synthetic,synthetic://generator-v2
demo-01618,Chromepet,372.0,1,2,10,2,Unfurnished,2297653.0,synthetic,2026-06-30,synthetic_listed_area,Multistorey Apartment,synthetic,synthetic://generator-v2
demo-01619,Velachery,2121.0,4,5,25,2,Semi-Furnished,18685901.0,synthetic,2026-06-30,synthetic_listed_area,Multistorey Apartment,synthetic,synthetic://generator-v2
demo-01620,Karapakkam,405.0,1,1,21,2,Unfurnished,3073125.0,synthetic,2026-06-30,synthetic_listed_area,Multistorey Apartment,synthetic,synthetic://generator-v2
demo-01621,Adyar,398.0,1,1,1,0,Furnished,7450170.0,synthetic,2026-06-30,synthetic_listed_area,Multistorey Apartment,synthetic,synthetic://generator-v2
demo-01622,Thoraipakkam,1286.0,3,2,16,1,Semi-Furnished,10905731.0,synthetic,2026-06-30,synthetic_listed_area,Multistorey Apartment,synthetic,synthetic://generator-v2
demo-01623,Adyar,1151.0,2,1,25,0,Furnished,17279314.0,synthetic,2026-06-30,synthetic_listed_area,Multistorey Apartment,synthetic,synthetic://generator-v2
demo-01624,Kundrathur,1647.0,3,4,28,0,Unfurnished,7835460.0,synthetic,2026-06-30,synthetic_listed_area,Multistorey Apartment,synthetic,synthetic://generator-v2
demo-01625,Velachery,587.0,1,1,10,1,Furnished,5961828.0,synthetic,2026-06-30,synthetic_listed_area,Multistorey Apartment,synthetic,synthetic://generator-v2
demo-01626,Kundrathur,1026.0,2,1,33,0,Unfurnished,6939474.0,synthetic,2026-06-30,synthetic_listed_area,Multistorey Apartment,synthetic,synthetic://generator-v2
demo-01627,Kundrathur,1547.0,3,4,23,0,Semi-Furnished,6485103.0,synthetic,2026-06-30,synthetic_listed_area,Multistorey Apartment,synthetic,synthetic://generator-v2
demo-01628,Kodambakkam,1880.0,4,5,15,2,Unfurnished,23561215.0,synthetic,2026-06-30,synthetic_listed_area,Multistorey Apartment,synthetic,synthetic://generator-v2
demo-01629,Chromepet,1729.0,3,3,22,1,Unfurnished,8026560.0,synthetic,2026-06-30,synthetic_listed_area,Multistorey Apartment,synthetic,synthetic://generator-v2
demo-01630,Kundrathur,1433.0,3,4,31,1,Semi-Furnished,6550239.0,synthetic,2026-06-30,synthetic_listed_area,Multistorey Apartment,synthetic,synthetic://generator-v2
demo-01631,Thoraipakkam,1316.0,3,4,8,0,Unfurnished,12832767.0,synthetic,2026-06-30,synthetic_listed_area,Multistorey Apartment,synthetic,synthetic://generator-v2
demo-01632,Anna Nagar,1020.0,2,2,5,2,Semi-Furnished,19015743.0,synthetic,2026-06-30,synthetic_listed_area,Multistorey Apartment,synthetic,synthetic://generator-v2
demo-01633,Thiruporur,973.0,2,3,15,1,Furnished,3899274.0,synthetic,2026-06-30,synthetic_listed_area,Multistorey Apartment,synthetic,synthetic://generator-v2
demo-01634,Kovur,1143.0,3,2,3,1,Unfurnished,7854443.0,synthetic,2026-06-30,synthetic_listed_area,Multistorey Apartment,synthetic,synthetic://generator-v2
demo-01635,Kundrathur,448.0,1,1,30,0,Furnished,2085983.0,synthetic,2026-06-30,synthetic_listed_area,Multistorey Apartment,synthetic,synthetic://generator-v2
demo-01636,Chromepet,1713.0,4,4,34,0,Unfurnished,7202351.0,synthetic,2026-06-30,synthetic_listed_area,Multistorey Apartment,synthetic,synthetic://generator-v2
demo-01637,Navalur,2247.0,4,5,21,0,Unfurnished,14303567.0,synthetic,2026-06-30,synthetic_listed_area,Multistorey Apartment,synthetic,synthetic://generator-v2
demo-01638,Egmore,889.0,2,2,35,0,Semi-Furnished,12863432.0,synthetic,2026-06-30,synthetic_listed_area,Multistorey Apartment,synthetic,synthetic://generator-v2
demo-01639,Karapakkam,1111.0,2,2,2,2,Semi-Furnished,11460657.0,synthetic,2026-06-30,synthetic_listed_area,Multistorey Apartment,synthetic,synthetic://generator-v2
demo-01640,Ramapuram,921.0,2,1,22,1,Semi-Furnished,10257844.0,synthetic,2026-06-30,synthetic_listed_area,Multistorey Apartment,synthetic,synthetic://generator-v2
demo-01641,Adyar,2154.0,4,4,15,1,Unfurnished,36002181.0,synthetic,2026-06-30,synthetic_listed_area,Multistorey Apartment,synthetic,synthetic://generator-v2
demo-01642,Kovur,1535.0,4,3,9,2,Semi-Furnished,10475530.0,synthetic,2026-06-30,synthetic_listed_area,Multistorey Apartment,synthetic,synthetic://generator-v2
demo-01643,Navalur,581.0,1,1,11,2,Unfurnished,3578616.0,synthetic,2026-06-30,synthetic_listed_area,Multistorey Apartment,synthetic,synthetic://generator-v2
demo-01644,Chromepet,1410.0,3,3,19,0,Unfurnished,8474428.0,synthetic,2026-06-30,synthetic_listed_area,Multistorey Apartment,synthetic,synthetic://generator-v2
demo-01645,Kilpauk,415.0,1,2,23,1,Furnished,5587083.0,synthetic,2026-06-30,synthetic_listed_area,Multistorey Apartment,synthetic,synthetic://generator-v2
demo-01646,Kilpauk,1231.0,3,3,5,1,Unfurnished,21356449.0,synthetic,2026-06-30,synthetic_listed_area,Multistorey Apartment,synthetic,synthetic://generator-v2
demo-01647,Porur,833.0,2,1,22,0,Semi-Furnished,6942114.0,synthetic,2026-06-30,synthetic_listed_area,Multistorey Apartment,synthetic,synthetic://generator-v2
demo-01648,Velachery,883.0,2,2,33,2,Semi-Furnished,7437712.0,synthetic,2026-06-30,synthetic_listed_area,Multistorey Apartment,synthetic,synthetic://generator-v2
demo-01649,Thiruporur,1588.0,3,2,0,1,Unfurnished,6178423.0,synthetic,2026-06-30,synthetic_listed_area,Multistorey Apartment,synthetic,synthetic://generator-v2
demo-01650,Egmore,1175.0,2,2,31,1,Furnished,19332657.0,synthetic,2026-06-30,synthetic_listed_area,Multistorey Apartment,synthetic,synthetic://generator-v2
demo-01651,Adyar,1035.0,2,1,21,1,Semi-Furnished,18347314.0,synthetic,2026-06-30,synthetic_listed_area,Multistorey Apartment,synthetic,synthetic://generator-v2
demo-01652,Adyar,1947.0,4,3,12,2,Furnished,35552931.0,synthetic,2026-06-30,synthetic_listed_area,Multistorey Apartment,synthetic,synthetic://generator-v2
demo-01653,Navalur,2311.0,5,6,26,0,Semi-Furnished,14732289.0,synthetic,2026-06-30,synthetic_listed_area,Multistorey Apartment,synthetic,synthetic://generator-v2
demo-01654,Chromepet,557.0,1,1,22,1,Furnished,3555043.0,synthetic,2026-06-30,synthetic_listed_area,Multistorey Apartment,synthetic,synthetic://generator-v2
demo-01655,Egmore,1125.0,2,2,27,2,Furnished,20721392.0,synthetic,2026-06-30,synthetic_listed_area,Multistorey Apartment,synthetic,synthetic://generator-v2
demo-01656,Thiruporur,2116.0,5,6,2,2,Unfurnished,9026169.0,synthetic,2026-06-30,synthetic_listed_area,Multistorey Apartment,synthetic,synthetic://generator-v2
demo-01657,Thiruporur,1765.0,3,3,2,1,Furnished,6624271.0,synthetic,2026-06-30,synthetic_listed_area,Multistorey Apartment,synthetic,synthetic://generator-v2
demo-01658,Thiruporur,898.0,2,3,23,0,Furnished,3759786.0,synthetic,2026-06-30,synthetic_listed_area,Multistorey Apartment,synthetic,synthetic://generator-v2
demo-01659,Karapakkam,1650.0,3,3,10,2,Semi-Furnished,14426761.0,synthetic,2026-06-30,synthetic_listed_area,Multistorey Apartment,synthetic,synthetic://generator-v2
demo-01660,Navalur,592.0,1,2,8,2,Unfurnished,4788906.0,synthetic,2026-06-30,synthetic_listed_area,Multistorey Apartment,synthetic,synthetic://generator-v2
demo-01661,Navalur,526.0,1,1,15,1,Semi-Furnished,4046623.0,synthetic,2026-06-30,synthetic_listed_area,Multistorey Apartment,synthetic,synthetic://generator-v2
demo-01662,Egmore,1562.0,4,3,26,1,Furnished,20865608.0,synthetic,2026-06-30,synthetic_listed_area,Multistorey Apartment,synthetic,synthetic://generator-v2
demo-01663,Kundrathur,1490.0,3,4,6,1,Semi-Furnished,8623235.0,synthetic,2026-06-30,synthetic_listed_area,Multistorey Apartment,synthetic,synthetic://generator-v2
demo-01664,Koyambedu,1519.0,4,5,35,0,Unfurnished,16748998.0,synthetic,2026-06-30,synthetic_listed_area,Multistorey Apartment,synthetic,synthetic://generator-v2
demo-01665,Kodambakkam,1095.0,2,3,15,0,Semi-Furnished,14986910.0,synthetic,2026-06-30,synthetic_listed_area,Multistorey Apartment,synthetic,synthetic://generator-v2
demo-01666,Ramapuram,2102.0,5,4,5,2,Furnished,26254086.0,synthetic,2026-06-30,synthetic_listed_area,Multistorey Apartment,synthetic,synthetic://generator-v2
demo-01667,Porur,1571.0,3,4,2,2,Unfurnished,9923135.0,synthetic,2026-06-30,synthetic_listed_area,Multistorey Apartment,synthetic,synthetic://generator-v2
demo-01668,Kundrathur,2310.0,4,4,30,0,Semi-Furnished,12967052.0,synthetic,2026-06-30,synthetic_listed_area,Multistorey Apartment,synthetic,synthetic://generator-v2
demo-01669,Ramapuram,395.0,1,2,4,1,Unfurnished,4774256.0,synthetic,2026-06-30,synthetic_listed_area,Multistorey Apartment,synthetic,synthetic://generator-v2
demo-01670,Ramapuram,448.0,1,2,15,2,Furnished,4394181.0,synthetic,2026-06-30,synthetic_listed_area,Multistorey Apartment,synthetic,synthetic://generator-v2
demo-01671,Kundrathur,2047.0,4,3,24,0,Furnished,9488777.0,synthetic,2026-06-30,synthetic_listed_area,Multistorey Apartment,synthetic,synthetic://generator-v2
demo-01672,Karapakkam,2275.0,5,5,18,0,Furnished,21393804.0,synthetic,2026-06-30,synthetic_listed_area,Multistorey Apartment,synthetic,synthetic://generator-v2
demo-01673,Ramapuram,1969.0,5,4,9,0,Semi-Furnished,23964475.0,synthetic,2026-06-30,synthetic_listed_area,Multistorey Apartment,synthetic,synthetic://generator-v2
demo-01674,Ramapuram,715.0,2,1,3,0,Unfurnished,7604703.0,synthetic,2026-06-30,synthetic_listed_area,Multistorey Apartment,synthetic,synthetic://generator-v2
demo-01675,Velachery,452.0,1,1,25,1,Semi-Furnished,4511671.0,synthetic,2026-06-30,synthetic_listed_area,Multistorey Apartment,synthetic,synthetic://generator-v2
demo-01676,Chromepet,2562.0,5,5,17,1,Furnished,12466269.0,synthetic,2026-06-30,synthetic_listed_area,Multistorey Apartment,synthetic,synthetic://generator-v2
demo-01677,Kovur,1974.0,4,4,1,2,Unfurnished,12538913.0,synthetic,2026-06-30,synthetic_listed_area,Multistorey Apartment,synthetic,synthetic://generator-v2
demo-01678,Thoraipakkam,778.0,2,3,6,2,Unfurnished,6379763.0,synthetic,2026-06-30,synthetic_listed_area,Multistorey Apartment,synthetic,synthetic://generator-v2
demo-01679,Koyambedu,1851.0,4,3,20,2,Furnished,20768976.0,synthetic,2026-06-30,synthetic_listed_area,Multistorey Apartment,synthetic,synthetic://generator-v2
demo-01680,Velachery,2212.0,5,4,6,2,Semi-Furnished,28060684.0,synthetic,2026-06-30,synthetic_listed_area,Multistorey Apartment,synthetic,synthetic://generator-v2
demo-01681,Adyar,837.0,2,3,14,2,Unfurnished,19323724.0,synthetic,2026-06-30,synthetic_listed_area,Multistorey Apartment,synthetic,synthetic://generator-v2
demo-01682,Adyar,2129.0,4,3,4,1,Unfurnished,40849706.0,synthetic,2026-06-30,synthetic_listed_area,Multistorey Apartment,synthetic,synthetic://generator-v2
demo-01683,Teynampet,1710.0,4,3,28,2,Semi-Furnished,39706241.0,synthetic,2026-06-30,synthetic_listed_area,Multistorey Apartment,synthetic,synthetic://generator-v2
demo-01684,Kodambakkam,1455.0,3,3,22,0,Semi-Furnished,16958780.0,synthetic,2026-06-30,synthetic_listed_area,Multistorey Apartment,synthetic,synthetic://generator-v2
demo-01685,Koyambedu,2323.0,4,3,28,2,Furnished,29452849.0,synthetic,2026-06-30,synthetic_listed_area,Multistorey Apartment,synthetic,synthetic://generator-v2
demo-01686,Kovur,970.0,2,1,1,0,Furnished,5898204.0,synthetic,2026-06-30,synthetic_listed_area,Multistorey Apartment,synthetic,synthetic://generator-v2
demo-01687,Kodambakkam,2521.0,5,4,13,1,Semi-Furnished,30442016.0,synthetic,2026-06-30,synthetic_listed_area,Multistorey Apartment,synthetic,synthetic://generator-v2
demo-01688,Thoraipakkam,1842.0,5,5,9,0,Semi-Furnished,23055749.0,synthetic,2026-06-30,synthetic_listed_area,Multistorey Apartment,synthetic,synthetic://generator-v2
demo-01689,Anna Nagar,1973.0,5,6,22,1,Furnished,25977820.0,synthetic,2026-06-30,synthetic_listed_area,Multistorey Apartment,synthetic,synthetic://generator-v2
demo-01690,Teynampet,1501.0,4,5,29,2,Furnished,35331295.0,synthetic,2026-06-30,synthetic_listed_area,Multistorey Apartment,synthetic,synthetic://generator-v2
demo-01691,Thoraipakkam,541.0,1,2,8,0,Unfurnished,5528443.0,synthetic,2026-06-30,synthetic_listed_area,Multistorey Apartment,synthetic,synthetic://generator-v2
demo-01692,Porur,1118.0,2,3,27,1,Furnished,8294069.0,synthetic,2026-06-30,synthetic_listed_area,Multistorey Apartment,synthetic,synthetic://generator-v2
demo-01693,Kodambakkam,1190.0,3,3,20,0,Furnished,13822473.0,synthetic,2026-06-30,synthetic_listed_area,Multistorey Apartment,synthetic,synthetic://generator-v2
demo-01694,Chromepet,2024.0,5,5,29,0,Unfurnished,10680067.0,synthetic,2026-06-30,synthetic_listed_area,Multistorey Apartment,synthetic,synthetic://generator-v2
demo-01695,Porur,1292.0,3,4,2,1,Furnished,11910428.0,synthetic,2026-06-30,synthetic_listed_area,Multistorey Apartment,synthetic,synthetic://generator-v2
demo-01696,Kovur,1493.0,3,2,35,1,Unfurnished,10848977.0,synthetic,2026-06-30,synthetic_listed_area,Multistorey Apartment,synthetic,synthetic://generator-v2
demo-01697,Chromepet,505.0,1,2,15,0,Semi-Furnished,2934947.0,synthetic,2026-06-30,synthetic_listed_area,Multistorey Apartment,synthetic,synthetic://generator-v2
demo-01698,Kodambakkam,2087.0,4,5,10,1,Semi-Furnished,27576169.0,synthetic,2026-06-30,synthetic_listed_area,Multistorey Apartment,synthetic,synthetic://generator-v2
demo-01699,Velachery,1153.0,2,2,6,2,Furnished,15185763.0,synthetic,2026-06-30,synthetic_listed_area,Multistorey Apartment,synthetic,synthetic://generator-v2
demo-01700,Karapakkam,424.0,1,1,35,1,Furnished,3256486.0,synthetic,2026-06-30,synthetic_listed_area,Multistorey Apartment,synthetic,synthetic://generator-v2
demo-01701,Egmore,2573.0,5,6,31,2,Semi-Furnished,35114180.0,synthetic,2026-06-30,synthetic_listed_area,Multistorey Apartment,synthetic,synthetic://generator-v2
demo-01702,Porur,490.0,1,2,4,2,Semi-Furnished,4180259.0,synthetic,2026-06-30,synthetic_listed_area,Multistorey Apartment,synthetic,synthetic://generator-v2
demo-01703,Egmore,426.0,1,1,16,1,Furnished,8973584.0,synthetic,2026-06-30,synthetic_listed_area,Multistorey Apartment,synthetic,synthetic://generator-v2
demo-01704,Thoraipakkam,577.0,1,2,26,1,Furnished,5879961.0,synthetic,2026-06-30,synthetic_listed_area,Multistorey Apartment,synthetic,synthetic://generator-v2
demo-01705,Thiruporur,1122.0,3,3,21,2,Furnished,4595690.0,synthetic,2026-06-30,synthetic_listed_area,Multistorey Apartment,synthetic,synthetic://generator-v2
demo-01706,Velachery,528.0,1,1,6,1,Furnished,4638876.0,synthetic,2026-06-30,synthetic_listed_area,Multistorey Apartment,synthetic,synthetic://generator-v2
demo-01707,Thoraipakkam,2660.0,5,4,12,1,Furnished,28311419.0,synthetic,2026-06-30,synthetic_listed_area,Multistorey Apartment,synthetic,synthetic://generator-v2
demo-01708,Karapakkam,1736.0,3,4,13,0,Furnished,19258565.0,synthetic,2026-06-30,synthetic_listed_area,Multistorey Apartment,synthetic,synthetic://generator-v2
demo-01709,Egmore,959.0,2,2,10,0,Furnished,15323674.0,synthetic,2026-06-30,synthetic_listed_area,Multistorey Apartment,synthetic,synthetic://generator-v2
demo-01710,Kilpauk,430.0,1,1,34,0,Unfurnished,5257280.0,synthetic,2026-06-30,synthetic_listed_area,Multistorey Apartment,synthetic,synthetic://generator-v2
demo-01711,Kovur,1671.0,3,3,7,1,Semi-Furnished,11160087.0,synthetic,2026-06-30,synthetic_listed_area,Multistorey Apartment,synthetic,synthetic://generator-v2
demo-01712,Thiruporur,543.0,1,1,25,2,Unfurnished,1883762.0,synthetic,2026-06-30,synthetic_listed_area,Multistorey Apartment,synthetic,synthetic://generator-v2
demo-01713,Ramapuram,2375.0,5,4,32,0,Semi-Furnished,23263887.0,synthetic,2026-06-30,synthetic_listed_area,Multistorey Apartment,synthetic,synthetic://generator-v2
demo-01714,Navalur,1084.0,2,2,28,0,Semi-Furnished,7767698.0,synthetic,2026-06-30,synthetic_listed_area,Multistorey Apartment,synthetic,synthetic://generator-v2
demo-01715,Thiruporur,1251.0,3,3,28,0,Unfurnished,4748501.0,synthetic,2026-06-30,synthetic_listed_area,Multistorey Apartment,synthetic,synthetic://generator-v2
demo-01716,Navalur,497.0,1,2,5,1,Furnished,3667594.0,synthetic,2026-06-30,synthetic_listed_area,Multistorey Apartment,synthetic,synthetic://generator-v2
demo-01717,Kodambakkam,566.0,1,1,4,0,Furnished,6439519.0,synthetic,2026-06-30,synthetic_listed_area,Multistorey Apartment,synthetic,synthetic://generator-v2
demo-01718,Kovur,859.0,2,1,28,0,Semi-Furnished,5293177.0,synthetic,2026-06-30,synthetic_listed_area,Multistorey Apartment,synthetic,synthetic://generator-v2
demo-01719,Koyambedu,471.0,1,1,26,0,Furnished,5143482.0,synthetic,2026-06-30,synthetic_listed_area,Multistorey Apartment,synthetic,synthetic://generator-v2
demo-01720,Anna Nagar,2351.0,4,5,26,0,Unfurnished,40506059.0,synthetic,2026-06-30,synthetic_listed_area,Multistorey Apartment,synthetic,synthetic://generator-v2
demo-01721,Ramapuram,2748.0,5,4,15,0,Semi-Furnished,37507257.0,synthetic,2026-06-30,synthetic_listed_area,Multistorey Apartment,synthetic,synthetic://generator-v2
demo-01722,Porur,2859.0,5,6,18,2,Unfurnished,27043653.0,synthetic,2026-06-30,synthetic_listed_area,Multistorey Apartment,synthetic,synthetic://generator-v2
demo-01723,Ramapuram,893.0,2,1,0,2,Unfurnished,9481018.0,synthetic,2026-06-30,synthetic_listed_area,Multistorey Apartment,synthetic,synthetic://generator-v2
demo-01724,Kundrathur,2397.0,4,4,10,1,Unfurnished,14018523.0,synthetic,2026-06-30,synthetic_listed_area,Multistorey Apartment,synthetic,synthetic://generator-v2
demo-01725,Teynampet,1164.0,3,3,19,0,Semi-Furnished,33787705.0,synthetic,2026-06-30,synthetic_listed_area,Multistorey Apartment,synthetic,synthetic://generator-v2
demo-01726,Velachery,480.0,1,2,4,0,Semi-Furnished,5403458.0,synthetic,2026-06-30,synthetic_listed_area,Multistorey Apartment,synthetic,synthetic://generator-v2
demo-01727,Kundrathur,470.0,1,2,4,0,Furnished,2651298.0,synthetic,2026-06-30,synthetic_listed_area,Multistorey Apartment,synthetic,synthetic://generator-v2
demo-01728,Kovur,1649.0,3,4,1,1,Semi-Furnished,14264230.0,synthetic,2026-06-30,synthetic_listed_area,Multistorey Apartment,synthetic,synthetic://generator-v2
demo-01729,Anna Nagar,1731.0,3,4,7,1,Furnished,29002766.0,synthetic,2026-06-30,synthetic_listed_area,Multistorey Apartment,synthetic,synthetic://generator-v2
demo-01730,Teynampet,533.0,1,2,35,0,Semi-Furnished,12558915.0,synthetic,2026-06-30,synthetic_listed_area,Multistorey Apartment,synthetic,synthetic://generator-v2
demo-01731,Thoraipakkam,2534.0,5,4,25,1,Unfurnished,19132871.0,synthetic,2026-06-30,synthetic_listed_area,Multistorey Apartment,synthetic,synthetic://generator-v2
demo-01732,Porur,1827.0,4,4,34,0,Unfurnished,12511966.0,synthetic,2026-06-30,synthetic_listed_area,Multistorey Apartment,synthetic,synthetic://generator-v2
demo-01733,Thiruporur,1433.0,3,4,9,1,Unfurnished,5780758.0,synthetic,2026-06-30,synthetic_listed_area,Multistorey Apartment,synthetic,synthetic://generator-v2
demo-01734,Thiruporur,2387.0,5,4,21,2,Semi-Furnished,10156123.0,synthetic,2026-06-30,synthetic_listed_area,Multistorey Apartment,synthetic,synthetic://generator-v2
demo-01735,Teynampet,1775.0,5,5,32,0,Semi-Furnished,43309673.0,synthetic,2026-06-30,synthetic_listed_area,Multistorey Apartment,synthetic,synthetic://generator-v2
demo-01736,Koyambedu,2379.0,5,5,12,1,Furnished,31899776.0,synthetic,2026-06-30,synthetic_listed_area,Multistorey Apartment,synthetic,synthetic://generator-v2
demo-01737,Anna Nagar,1128.0,2,3,23,1,Unfurnished,15817763.0,synthetic,2026-06-30,synthetic_listed_area,Multistorey Apartment,synthetic,synthetic://generator-v2
demo-01738,Adyar,2637.0,5,4,24,2,Unfurnished,48117713.0,synthetic,2026-06-30,synthetic_listed_area,Multistorey Apartment,synthetic,synthetic://generator-v2
demo-01739,Egmore,1647.0,3,2,29,1,Furnished,26837437.0,synthetic,2026-06-30,synthetic_listed_area,Multistorey Apartment,synthetic,synthetic://generator-v2
demo-01740,Kovur,1790.0,4,3,34,1,Unfurnished,8400864.0,synthetic,2026-06-30,synthetic_listed_area,Multistorey Apartment,synthetic,synthetic://generator-v2
demo-01741,Ramapuram,2411.0,5,5,22,2,Semi-Furnished,27376381.0,synthetic,2026-06-30,synthetic_listed_area,Multistorey Apartment,synthetic,synthetic://generator-v2
demo-01742,Kovur,358.0,1,1,20,1,Unfurnished,2015569.0,synthetic,2026-06-30,synthetic_listed_area,Multistorey Apartment,synthetic,synthetic://generator-v2
demo-01743,Adyar,1337.0,3,3,31,1,Semi-Furnished,17779120.0,synthetic,2026-06-30,synthetic_listed_area,Multistorey Apartment,synthetic,synthetic://generator-v2
demo-01744,Egmore,469.0,1,1,24,0,Furnished,6984226.0,synthetic,2026-06-30,synthetic_listed_area,Multistorey Apartment,synthetic,synthetic://generator-v2
demo-01745,Velachery,828.0,2,1,13,1,Unfurnished,8170364.0,synthetic,2026-06-30,synthetic_listed_area,Multistorey Apartment,synthetic,synthetic://generator-v2
demo-01746,Velachery,1073.0,3,3,22,0,Semi-Furnished,9528939.0,synthetic,2026-06-30,synthetic_listed_area,Multistorey Apartment,synthetic,synthetic://generator-v2
demo-01747,Kodambakkam,2613.0,5,4,19,1,Semi-Furnished,24700987.0,synthetic,2026-06-30,synthetic_listed_area,Multistorey Apartment,synthetic,synthetic://generator-v2
demo-01748,Teynampet,2294.0,5,6,8,0,Furnished,63271345.0,synthetic,2026-06-30,synthetic_listed_area,Multistorey Apartment,synthetic,synthetic://generator-v2
demo-01749,Ramapuram,908.0,2,1,18,0,Furnished,11451995.0,synthetic,2026-06-30,synthetic_listed_area,Multistorey Apartment,synthetic,synthetic://generator-v2
demo-01750,Thoraipakkam,825.0,2,3,22,1,Unfurnished,7326418.0,synthetic,2026-06-30,synthetic_listed_area,Multistorey Apartment,synthetic,synthetic://generator-v2
demo-01751,Thoraipakkam,1453.0,3,3,32,1,Semi-Furnished,12802565.0,synthetic,2026-06-30,synthetic_listed_area,Multistorey Apartment,synthetic,synthetic://generator-v2
demo-01752,Navalur,2298.0,5,6,20,2,Furnished,20212765.0,synthetic,2026-06-30,synthetic_listed_area,Multistorey Apartment,synthetic,synthetic://generator-v2
demo-01753,Kodambakkam,2342.0,5,6,5,0,Unfurnished,34226899.0,synthetic,2026-06-30,synthetic_listed_area,Multistorey Apartment,synthetic,synthetic://generator-v2
demo-01754,Navalur,990.0,2,2,35,2,Furnished,7818272.0,synthetic,2026-06-30,synthetic_listed_area,Multistorey Apartment,synthetic,synthetic://generator-v2
demo-01755,Kilpauk,352.0,1,2,20,0,Unfurnished,3417280.0,synthetic,2026-06-30,synthetic_listed_area,Multistorey Apartment,synthetic,synthetic://generator-v2
demo-01756,Kilpauk,2308.0,4,3,10,2,Semi-Furnished,45885090.0,synthetic,2026-06-30,synthetic_listed_area,Multistorey Apartment,synthetic,synthetic://generator-v2
demo-01757,Navalur,736.0,2,1,27,2,Furnished,5846792.0,synthetic,2026-06-30,synthetic_listed_area,Multistorey Apartment,synthetic,synthetic://generator-v2
demo-01758,Kundrathur,463.0,1,1,13,2,Semi-Furnished,3539931.0,synthetic,2026-06-30,synthetic_listed_area,Multistorey Apartment,synthetic,synthetic://generator-v2
demo-01759,Kundrathur,402.0,1,2,13,0,Furnished,2014031.0,synthetic,2026-06-30,synthetic_listed_area,Multistorey Apartment,synthetic,synthetic://generator-v2
demo-01760,Kodambakkam,1443.0,3,4,30,2,Semi-Furnished,13491619.0,synthetic,2026-06-30,synthetic_listed_area,Multistorey Apartment,synthetic,synthetic://generator-v2
demo-01761,Kodambakkam,840.0,2,2,31,0,Unfurnished,9236638.0,synthetic,2026-06-30,synthetic_listed_area,Multistorey Apartment,synthetic,synthetic://generator-v2
demo-01762,Adyar,1695.0,3,2,18,2,Furnished,29833586.0,synthetic,2026-06-30,synthetic_listed_area,Multistorey Apartment,synthetic,synthetic://generator-v2
demo-01763,Navalur,898.0,2,3,13,1,Semi-Furnished,7478838.0,synthetic,2026-06-30,synthetic_listed_area,Multistorey Apartment,synthetic,synthetic://generator-v2
demo-01764,Kundrathur,2039.0,4,4,31,1,Unfurnished,10993935.0,synthetic,2026-06-30,synthetic_listed_area,Multistorey Apartment,synthetic,synthetic://generator-v2
demo-01765,Thoraipakkam,1649.0,4,3,6,1,Unfurnished,17173163.0,synthetic,2026-06-30,synthetic_listed_area,Multistorey Apartment,synthetic,synthetic://generator-v2
demo-01766,Koyambedu,1065.0,3,2,26,0,Semi-Furnished,11624091.0,synthetic,2026-06-30,synthetic_listed_area,Multistorey Apartment,synthetic,synthetic://generator-v2
demo-01767,Kovur,451.0,1,2,21,2,Semi-Furnished,3129772.0,synthetic,2026-06-30,synthetic_listed_area,Multistorey Apartment,synthetic,synthetic://generator-v2
demo-01768,Anna Nagar,1452.0,3,4,30,2,Furnished,20394176.0,synthetic,2026-06-30,synthetic_listed_area,Multistorey Apartment,synthetic,synthetic://generator-v2
demo-01769,Egmore,1860.0,4,5,15,2,Unfurnished,31471337.0,synthetic,2026-06-30,synthetic_listed_area,Multistorey Apartment,synthetic,synthetic://generator-v2
demo-01770,Kilpauk,1181.0,2,1,29,2,Semi-Furnished,18776197.0,synthetic,2026-06-30,synthetic_listed_area,Multistorey Apartment,synthetic,synthetic://generator-v2
demo-01771,Kodambakkam,1053.0,2,3,0,2,Furnished,18634363.0,synthetic,2026-06-30,synthetic_listed_area,Multistorey Apartment,synthetic,synthetic://generator-v2
demo-01772,Kodambakkam,1797.0,3,2,27,2,Furnished,25729217.0,synthetic,2026-06-30,synthetic_listed_area,Multistorey Apartment,synthetic,synthetic://generator-v2
demo-01773,Kodambakkam,848.0,2,3,2,1,Furnished,12071514.0,synthetic,2026-06-30,synthetic_listed_area,Multistorey Apartment,synthetic,synthetic://generator-v2
demo-01774,Teynampet,1642.0,3,4,23,2,Unfurnished,31682144.0,synthetic,2026-06-30,synthetic_listed_area,Multistorey Apartment,synthetic,synthetic://generator-v2
demo-01775,Chromepet,978.0,2,2,7,0,Unfurnished,5846163.0,synthetic,2026-06-30,synthetic_listed_area,Multistorey Apartment,synthetic,synthetic://generator-v2
demo-01776,Kilpauk,1006.0,2,1,34,2,Semi-Furnished,12229433.0,synthetic,2026-06-30,synthetic_listed_area,Multistorey Apartment,synthetic,synthetic://generator-v2
demo-01777,Chromepet,2386.0,4,5,27,1,Semi-Furnished,12975359.0,synthetic,2026-06-30,synthetic_listed_area,Multistorey Apartment,synthetic,synthetic://generator-v2
demo-01778,Kilpauk,1540.0,3,2,3,1,Unfurnished,22532112.0,synthetic,2026-06-30,synthetic_listed_area,Multistorey Apartment,synthetic,synthetic://generator-v2
demo-01779,Porur,1724.0,3,3,32,1,Unfurnished,11180171.0,synthetic,2026-06-30,synthetic_listed_area,Multistorey Apartment,synthetic,synthetic://generator-v2
demo-01780,Adyar,2126.0,4,3,9,0,Unfurnished,32782241.0,synthetic,2026-06-30,synthetic_listed_area,Multistorey Apartment,synthetic,synthetic://generator-v2
demo-01781,Kilpauk,764.0,2,2,19,1,Semi-Furnished,9466130.0,synthetic,2026-06-30,synthetic_listed_area,Multistorey Apartment,synthetic,synthetic://generator-v2
demo-01782,Adyar,525.0,1,2,3,1,Furnished,12247764.0,synthetic,2026-06-30,synthetic_listed_area,Multistorey Apartment,synthetic,synthetic://generator-v2
demo-01783,Velachery,2355.0,5,6,3,0,Unfurnished,20799055.0,synthetic,2026-06-30,synthetic_listed_area,Multistorey Apartment,synthetic,synthetic://generator-v2
demo-01784,Ramapuram,580.0,1,1,8,2,Unfurnished,6579710.0,synthetic,2026-06-30,synthetic_listed_area,Multistorey Apartment,synthetic,synthetic://generator-v2
demo-01785,Karapakkam,1655.0,3,2,19,0,Unfurnished,15989785.0,synthetic,2026-06-30,synthetic_listed_area,Multistorey Apartment,synthetic,synthetic://generator-v2
demo-01786,Egmore,752.0,2,3,19,2,Furnished,15464375.0,synthetic,2026-06-30,synthetic_listed_area,Multistorey Apartment,synthetic,synthetic://generator-v2
demo-01787,Anna Nagar,767.0,2,2,30,0,Furnished,11913735.0,synthetic,2026-06-30,synthetic_listed_area,Multistorey Apartment,synthetic,synthetic://generator-v2
demo-01788,Koyambedu,367.0,1,1,5,0,Semi-Furnished,4979733.0,synthetic,2026-06-30,synthetic_listed_area,Multistorey Apartment,synthetic,synthetic://generator-v2
demo-01789,Ramapuram,2367.0,5,6,26,0,Unfurnished,25088725.0,synthetic,2026-06-30,synthetic_listed_area,Multistorey Apartment,synthetic,synthetic://generator-v2
demo-01790,Kundrathur,1111.0,3,4,0,0,Unfurnished,7598156.0,synthetic,2026-06-30,synthetic_listed_area,Multistorey Apartment,synthetic,synthetic://generator-v2
demo-01791,Thiruporur,1062.0,2,1,10,0,Furnished,4850225.0,synthetic,2026-06-30,synthetic_listed_area,Multistorey Apartment,synthetic,synthetic://generator-v2
demo-01792,Kilpauk,1952.0,4,3,6,2,Semi-Furnished,25088738.0,synthetic,2026-06-30,synthetic_listed_area,Multistorey Apartment,synthetic,synthetic://generator-v2
demo-01793,Karapakkam,559.0,1,1,4,2,Unfurnished,5128160.0,synthetic,2026-06-30,synthetic_listed_area,Multistorey Apartment,synthetic,synthetic://generator-v2
demo-01794,Koyambedu,1260.0,3,3,21,1,Furnished,16963039.0,synthetic,2026-06-30,synthetic_listed_area,Multistorey Apartment,synthetic,synthetic://generator-v2
demo-01795,Egmore,1439.0,3,2,32,0,Semi-Furnished,20596566.0,synthetic,2026-06-30,synthetic_listed_area,Multistorey Apartment,synthetic,synthetic://generator-v2
demo-01796,Velachery,1138.0,3,3,24,2,Semi-Furnished,12913954.0,synthetic,2026-06-30,synthetic_listed_area,Multistorey Apartment,synthetic,synthetic://generator-v2
demo-01797,Egmore,571.0,1,2,30,1,Semi-Furnished,9080406.0,synthetic,2026-06-30,synthetic_listed_area,Multistorey Apartment,synthetic,synthetic://generator-v2
demo-01798,Koyambedu,1969.0,5,4,21,1,Unfurnished,23057824.0,synthetic,2026-06-30,synthetic_listed_area,Multistorey Apartment,synthetic,synthetic://generator-v2
demo-01799,Koyambedu,751.0,2,3,1,2,Furnished,12519208.0,synthetic,2026-06-30,synthetic_listed_area,Multistorey Apartment,synthetic,synthetic://generator-v2
demo-01800,Adyar,1605.0,4,3,12,1,Furnished,29285829.0,synthetic,2026-06-30,synthetic_listed_area,Multistorey Apartment,synthetic,synthetic://generator-v2
demo-01801,Kovur,2206.0,4,3,29,1,Unfurnished,13255221.0,synthetic,2026-06-30,synthetic_listed_area,Multistorey Apartment,synthetic,synthetic://generator-v2
demo-01802,Kovur,753.0,2,3,1,2,Furnished,6537080.0,synthetic,2026-06-30,synthetic_listed_area,Multistorey Apartment,synthetic,synthetic://generator-v2
demo-01803,Karapakkam,504.0,1,1,3,1,Unfurnished,4045026.0,synthetic,2026-06-30,synthetic_listed_area,Multistorey Apartment,synthetic,synthetic://generator-v2
demo-01804,Chromepet,1073.0,2,3,30,2,Semi-Furnished,5701149.0,synthetic,2026-06-30,synthetic_listed_area,Multistorey Apartment,synthetic,synthetic://generator-v2
demo-01805,Adyar,2689.0,5,5,2,2,Furnished,61112094.0,synthetic,2026-06-30,synthetic_listed_area,Multistorey Apartment,synthetic,synthetic://generator-v2
demo-01806,Adyar,1988.0,5,5,34,2,Unfurnished,30796702.0,synthetic,2026-06-30,synthetic_listed_area,Multistorey Apartment,synthetic,synthetic://generator-v2
demo-01807,Koyambedu,1827.0,5,6,27,0,Furnished,25605974.0,synthetic,2026-06-30,synthetic_listed_area,Multistorey Apartment,synthetic,synthetic://generator-v2
demo-01808,Anna Nagar,924.0,2,3,23,0,Unfurnished,10430320.0,synthetic,2026-06-30,synthetic_listed_area,Multistorey Apartment,synthetic,synthetic://generator-v2
demo-01809,Velachery,1602.0,4,5,19,1,Furnished,12453167.0,synthetic,2026-06-30,synthetic_listed_area,Multistorey Apartment,synthetic,synthetic://generator-v2
demo-01810,Karapakkam,525.0,1,1,3,1,Semi-Furnished,5782085.0,synthetic,2026-06-30,synthetic_listed_area,Multistorey Apartment,synthetic,synthetic://generator-v2
demo-01811,Porur,1757.0,4,5,14,2,Unfurnished,14766388.0,synthetic,2026-06-30,synthetic_listed_area,Multistorey Apartment,synthetic,synthetic://generator-v2
demo-01812,Porur,1387.0,3,2,29,0,Furnished,9367174.0,synthetic,2026-06-30,synthetic_listed_area,Multistorey Apartment,synthetic,synthetic://generator-v2
demo-01813,Koyambedu,1513.0,4,4,32,2,Unfurnished,17401261.0,synthetic,2026-06-30,synthetic_listed_area,Multistorey Apartment,synthetic,synthetic://generator-v2
demo-01814,Thoraipakkam,1968.0,4,3,16,2,Furnished,23021344.0,synthetic,2026-06-30,synthetic_listed_area,Multistorey Apartment,synthetic,synthetic://generator-v2
demo-01815,Anna Nagar,1982.0,5,4,30,2,Furnished,25892009.0,synthetic,2026-06-30,synthetic_listed_area,Multistorey Apartment,synthetic,synthetic://generator-v2
demo-01816,Egmore,1559.0,3,2,27,2,Unfurnished,23123576.0,synthetic,2026-06-30,synthetic_listed_area,Multistorey Apartment,synthetic,synthetic://generator-v2
demo-01817,Karapakkam,736.0,2,2,2,2,Semi-Furnished,7707558.0,synthetic,2026-06-30,synthetic_listed_area,Multistorey Apartment,synthetic,synthetic://generator-v2
demo-01818,Chromepet,1782.0,3,4,22,1,Semi-Furnished,11479535.0,synthetic,2026-06-30,synthetic_listed_area,Multistorey Apartment,synthetic,synthetic://generator-v2
demo-01819,Kilpauk,521.0,1,1,22,1,Semi-Furnished,6416169.0,synthetic,2026-06-30,synthetic_listed_area,Multistorey Apartment,synthetic,synthetic://generator-v2
demo-01820,Kilpauk,395.0,1,2,19,1,Semi-Furnished,5633879.0,synthetic,2026-06-30,synthetic_listed_area,Multistorey Apartment,synthetic,synthetic://generator-v2
demo-01821,Teynampet,1061.0,3,3,27,2,Unfurnished,25469251.0,synthetic,2026-06-30,synthetic_listed_area,Multistorey Apartment,synthetic,synthetic://generator-v2
demo-01822,Kilpauk,2168.0,5,5,32,0,Semi-Furnished,30040325.0,synthetic,2026-06-30,synthetic_listed_area,Multistorey Apartment,synthetic,synthetic://generator-v2
demo-01823,Thiruporur,1165.0,3,2,19,1,Unfurnished,4527675.0,synthetic,2026-06-30,synthetic_listed_area,Multistorey Apartment,synthetic,synthetic://generator-v2
demo-01824,Teynampet,1618.0,4,5,11,1,Furnished,43564245.0,synthetic,2026-06-30,synthetic_listed_area,Multistorey Apartment,synthetic,synthetic://generator-v2
demo-01825,Thoraipakkam,568.0,1,1,35,1,Furnished,6099500.0,synthetic,2026-06-30,synthetic_listed_area,Multistorey Apartment,synthetic,synthetic://generator-v2
demo-01826,Anna Nagar,1502.0,3,2,34,1,Unfurnished,18289448.0,synthetic,2026-06-30,synthetic_listed_area,Multistorey Apartment,synthetic,synthetic://generator-v2
demo-01827,Velachery,1576.0,4,5,24,2,Furnished,14444877.0,synthetic,2026-06-30,synthetic_listed_area,Multistorey Apartment,synthetic,synthetic://generator-v2
demo-01828,Navalur,978.0,2,2,23,0,Furnished,5769272.0,synthetic,2026-06-30,synthetic_listed_area,Multistorey Apartment,synthetic,synthetic://generator-v2
demo-01829,Velachery,414.0,1,1,3,2,Unfurnished,3918707.0,synthetic,2026-06-30,synthetic_listed_area,Multistorey Apartment,synthetic,synthetic://generator-v2
demo-01830,Kodambakkam,594.0,1,1,14,2,Furnished,8652142.0,synthetic,2026-06-30,synthetic_listed_area,Multistorey Apartment,synthetic,synthetic://generator-v2
demo-01831,Velachery,1791.0,5,5,7,2,Furnished,20022862.0,synthetic,2026-06-30,synthetic_listed_area,Multistorey Apartment,synthetic,synthetic://generator-v2
demo-01832,Navalur,2132.0,4,3,18,2,Unfurnished,16906260.0,synthetic,2026-06-30,synthetic_listed_area,Multistorey Apartment,synthetic,synthetic://generator-v2
demo-01833,Anna Nagar,1086.0,2,3,29,1,Semi-Furnished,16179728.0,synthetic,2026-06-30,synthetic_listed_area,Multistorey Apartment,synthetic,synthetic://generator-v2
demo-01834,Kodambakkam,734.0,2,3,8,0,Furnished,13193834.0,synthetic,2026-06-30,synthetic_listed_area,Multistorey Apartment,synthetic,synthetic://generator-v2
demo-01835,Chromepet,393.0,1,1,35,1,Semi-Furnished,1864757.0,synthetic,2026-06-30,synthetic_listed_area,Multistorey Apartment,synthetic,synthetic://generator-v2
demo-01836,Velachery,2230.0,5,5,4,0,Unfurnished,17973507.0,synthetic,2026-06-30,synthetic_listed_area,Multistorey Apartment,synthetic,synthetic://generator-v2
demo-01837,Kilpauk,567.0,1,1,3,0,Semi-Furnished,7952076.0,synthetic,2026-06-30,synthetic_listed_area,Multistorey Apartment,synthetic,synthetic://generator-v2
demo-01838,Egmore,1937.0,4,5,35,2,Semi-Furnished,27864794.0,synthetic,2026-06-30,synthetic_listed_area,Multistorey Apartment,synthetic,synthetic://generator-v2
demo-01839,Kundrathur,1028.0,2,2,3,1,Furnished,5485434.0,synthetic,2026-06-30,synthetic_listed_area,Multistorey Apartment,synthetic,synthetic://generator-v2
demo-01840,Kovur,1092.0,2,1,26,1,Semi-Furnished,6797000.0,synthetic,2026-06-30,synthetic_listed_area,Multistorey Apartment,synthetic,synthetic://generator-v2
demo-01841,Anna Nagar,1114.0,2,2,27,2,Semi-Furnished,18773240.0,synthetic,2026-06-30,synthetic_listed_area,Multistorey Apartment,synthetic,synthetic://generator-v2
demo-01842,Teynampet,2345.0,5,5,11,0,Furnished,81324871.0,synthetic,2026-06-30,synthetic_listed_area,Multistorey Apartment,synthetic,synthetic://generator-v2
demo-01843,Thiruporur,477.0,1,1,2,2,Semi-Furnished,2330166.0,synthetic,2026-06-30,synthetic_listed_area,Multistorey Apartment,synthetic,synthetic://generator-v2
demo-01844,Ramapuram,1059.0,2,3,11,1,Furnished,16205736.0,synthetic,2026-06-30,synthetic_listed_area,Multistorey Apartment,synthetic,synthetic://generator-v2
demo-01845,Navalur,832.0,2,2,2,1,Furnished,6796685.0,synthetic,2026-06-30,synthetic_listed_area,Multistorey Apartment,synthetic,synthetic://generator-v2
demo-01846,Kodambakkam,1127.0,2,2,24,1,Furnished,11369391.0,synthetic,2026-06-30,synthetic_listed_area,Multistorey Apartment,synthetic,synthetic://generator-v2
demo-01847,Kundrathur,355.0,1,1,31,1,Unfurnished,1908694.0,synthetic,2026-06-30,synthetic_listed_area,Multistorey Apartment,synthetic,synthetic://generator-v2
demo-01848,Koyambedu,1995.0,5,5,35,1,Furnished,17514407.0,synthetic,2026-06-30,synthetic_listed_area,Multistorey Apartment,synthetic,synthetic://generator-v2
demo-01849,Chromepet,1100.0,2,1,28,1,Furnished,5671524.0,synthetic,2026-06-30,synthetic_listed_area,Multistorey Apartment,synthetic,synthetic://generator-v2
demo-01850,Anna Nagar,1305.0,3,4,27,0,Unfurnished,18811113.0,synthetic,2026-06-30,synthetic_listed_area,Multistorey Apartment,synthetic,synthetic://generator-v2
demo-01851,Karapakkam,775.0,2,1,31,0,Semi-Furnished,6152511.0,synthetic,2026-06-30,synthetic_listed_area,Multistorey Apartment,synthetic,synthetic://generator-v2
demo-01852,Kovur,1983.0,5,6,27,1,Semi-Furnished,11811593.0,synthetic,2026-06-30,synthetic_listed_area,Multistorey Apartment,synthetic,synthetic://generator-v2
demo-01853,Chromepet,965.0,2,2,23,0,Semi-Furnished,4623575.0,synthetic,2026-06-30,synthetic_listed_area,Multistorey Apartment,synthetic,synthetic://generator-v2
demo-01854,Anna Nagar,1123.0,2,3,35,1,Furnished,15444139.0,synthetic,2026-06-30,synthetic_listed_area,Multistorey Apartment,synthetic,synthetic://generator-v2
demo-01855,Thiruporur,735.0,2,2,11,2,Furnished,3725532.0,synthetic,2026-06-30,synthetic_listed_area,Multistorey Apartment,synthetic,synthetic://generator-v2
demo-01856,Kodambakkam,715.0,2,1,14,0,Unfurnished,8870366.0,synthetic,2026-06-30,synthetic_listed_area,Multistorey Apartment,synthetic,synthetic://generator-v2
demo-01857,Kundrathur,466.0,1,2,32,0,Semi-Furnished,1961373.0,synthetic,2026-06-30,synthetic_listed_area,Multistorey Apartment,synthetic,synthetic://generator-v2
demo-01858,Koyambedu,2356.0,4,5,11,0,Furnished,25950276.0,synthetic,2026-06-30,synthetic_listed_area,Multistorey Apartment,synthetic,synthetic://generator-v2
demo-01859,Ramapuram,420.0,1,1,10,2,Semi-Furnished,4335890.0,synthetic,2026-06-30,synthetic_listed_area,Multistorey Apartment,synthetic,synthetic://generator-v2
demo-01860,Ramapuram,1180.0,2,1,5,2,Furnished,15274620.0,synthetic,2026-06-30,synthetic_listed_area,Multistorey Apartment,synthetic,synthetic://generator-v2
demo-01861,Kilpauk,1144.0,2,2,9,0,Semi-Furnished,18441436.0,synthetic,2026-06-30,synthetic_listed_area,Multistorey Apartment,synthetic,synthetic://generator-v2
demo-01862,Thiruporur,842.0,2,3,21,1,Furnished,3091255.0,synthetic,2026-06-30,synthetic_listed_area,Multistorey Apartment,synthetic,synthetic://generator-v2
demo-01863,Kodambakkam,2217.0,4,4,31,2,Furnished,20112655.0,synthetic,2026-06-30,synthetic_listed_area,Multistorey Apartment,synthetic,synthetic://generator-v2
demo-01864,Thiruporur,1564.0,3,2,4,2,Unfurnished,7267893.0,synthetic,2026-06-30,synthetic_listed_area,Multistorey Apartment,synthetic,synthetic://generator-v2
demo-01865,Kodambakkam,2390.0,5,6,24,1,Furnished,26527565.0,synthetic,2026-06-30,synthetic_listed_area,Multistorey Apartment,synthetic,synthetic://generator-v2
demo-01866,Anna Nagar,911.0,2,2,27,0,Unfurnished,13423353.0,synthetic,2026-06-30,synthetic_listed_area,Multistorey Apartment,synthetic,synthetic://generator-v2
demo-01867,Ramapuram,2769.0,5,5,32,2,Furnished,25555864.0,synthetic,2026-06-30,synthetic_listed_area,Multistorey Apartment,synthetic,synthetic://generator-v2
demo-01868,Adyar,548.0,1,1,27,2,Furnished,8255201.0,synthetic,2026-06-30,synthetic_listed_area,Multistorey Apartment,synthetic,synthetic://generator-v2
demo-01869,Teynampet,1618.0,3,2,5,1,Unfurnished,46857635.0,synthetic,2026-06-30,synthetic_listed_area,Multistorey Apartment,synthetic,synthetic://generator-v2
demo-01870,Adyar,2398.0,4,3,17,0,Unfurnished,54374018.0,synthetic,2026-06-30,synthetic_listed_area,Multistorey Apartment,synthetic,synthetic://generator-v2
demo-01871,Egmore,1409.0,3,3,34,2,Semi-Furnished,24654329.0,synthetic,2026-06-30,synthetic_listed_area,Multistorey Apartment,synthetic,synthetic://generator-v2
demo-01872,Navalur,2759.0,5,5,32,0,Unfurnished,18016051.0,synthetic,2026-06-30,synthetic_listed_area,Multistorey Apartment,synthetic,synthetic://generator-v2
demo-01873,Velachery,1131.0,2,1,22,2,Semi-Furnished,11047180.0,synthetic,2026-06-30,synthetic_listed_area,Multistorey Apartment,synthetic,synthetic://generator-v2
demo-01874,Kodambakkam,403.0,1,1,34,2,Unfurnished,3579164.0,synthetic,2026-06-30,synthetic_listed_area,Multistorey Apartment,synthetic,synthetic://generator-v2
demo-01875,Chromepet,1442.0,4,5,24,1,Unfurnished,6864923.0,synthetic,2026-06-30,synthetic_listed_area,Multistorey Apartment,synthetic,synthetic://generator-v2
demo-01876,Egmore,451.0,1,1,2,1,Semi-Furnished,6347047.0,synthetic,2026-06-30,synthetic_listed_area,Multistorey Apartment,synthetic,synthetic://generator-v2
demo-01877,Thoraipakkam,2257.0,4,3,32,0,Furnished,25879398.0,synthetic,2026-06-30,synthetic_listed_area,Multistorey Apartment,synthetic,synthetic://generator-v2
demo-01878,Ramapuram,1689.0,4,4,6,2,Unfurnished,23697549.0,synthetic,2026-06-30,synthetic_listed_area,Multistorey Apartment,synthetic,synthetic://generator-v2
demo-01879,Anna Nagar,2625.0,5,6,13,0,Unfurnished,41049452.0,synthetic,2026-06-30,synthetic_listed_area,Multistorey Apartment,synthetic,synthetic://generator-v2
demo-01880,Kodambakkam,1056.0,3,4,8,0,Unfurnished,13868861.0,synthetic,2026-06-30,synthetic_listed_area,Multistorey Apartment,synthetic,synthetic://generator-v2
demo-01881,Karapakkam,2194.0,5,5,25,2,Unfurnished,15211958.0,synthetic,2026-06-30,synthetic_listed_area,Multistorey Apartment,synthetic,synthetic://generator-v2
demo-01882,Egmore,504.0,1,2,1,2,Unfurnished,9554482.0,synthetic,2026-06-30,synthetic_listed_area,Multistorey Apartment,synthetic,synthetic://generator-v2
demo-01883,Thiruporur,1147.0,3,3,23,1,Unfurnished,5478213.0,synthetic,2026-06-30,synthetic_listed_area,Multistorey Apartment,synthetic,synthetic://generator-v2
demo-01884,Navalur,574.0,1,2,31,1,Semi-Furnished,3937888.0,synthetic,2026-06-30,synthetic_listed_area,Multistorey Apartment,synthetic,synthetic://generator-v2
demo-01885,Egmore,1556.0,4,3,28,1,Unfurnished,22929236.0,synthetic,2026-06-30,synthetic_listed_area,Multistorey Apartment,synthetic,synthetic://generator-v2
demo-01886,Porur,2310.0,4,3,11,0,Furnished,14438368.0,synthetic,2026-06-30,synthetic_listed_area,Multistorey Apartment,synthetic,synthetic://generator-v2
demo-01887,Kovur,2020.0,5,6,32,1,Semi-Furnished,14251067.0,synthetic,2026-06-30,synthetic_listed_area,Multistorey Apartment,synthetic,synthetic://generator-v2
demo-01888,Anna Nagar,2394.0,4,5,13,2,Furnished,38802509.0,synthetic,2026-06-30,synthetic_listed_area,Multistorey Apartment,synthetic,synthetic://generator-v2
demo-01889,Kovur,1002.0,2,3,24,1,Semi-Furnished,4972472.0,synthetic,2026-06-30,synthetic_listed_area,Multistorey Apartment,synthetic,synthetic://generator-v2
demo-01890,Egmore,371.0,1,1,18,2,Semi-Furnished,5841518.0,synthetic,2026-06-30,synthetic_listed_area,Multistorey Apartment,synthetic,synthetic://generator-v2
demo-01891,Karapakkam,1832.0,5,5,2,2,Semi-Furnished,15853503.0,synthetic,2026-06-30,synthetic_listed_area,Multistorey Apartment,synthetic,synthetic://generator-v2
demo-01892,Thiruporur,1106.0,3,2,0,2,Furnished,5223885.0,synthetic,2026-06-30,synthetic_listed_area,Multistorey Apartment,synthetic,synthetic://generator-v2
demo-01893,Ramapuram,497.0,1,1,6,2,Unfurnished,5873576.0,synthetic,2026-06-30,synthetic_listed_area,Multistorey Apartment,synthetic,synthetic://generator-v2
demo-01894,Chromepet,2762.0,5,6,33,2,Furnished,14466488.0,synthetic,2026-06-30,synthetic_listed_area,Multistorey Apartment,synthetic,synthetic://generator-v2
demo-01895,Thiruporur,2254.0,5,4,34,2,Unfurnished,8893678.0,synthetic,2026-06-30,synthetic_listed_area,Multistorey Apartment,synthetic,synthetic://generator-v2
demo-01896,Kundrathur,1384.0,3,3,14,2,Unfurnished,7518493.0,synthetic,2026-06-30,synthetic_listed_area,Multistorey Apartment,synthetic,synthetic://generator-v2
demo-01897,Thiruporur,1989.0,4,3,34,2,Furnished,8648196.0,synthetic,2026-06-30,synthetic_listed_area,Multistorey Apartment,synthetic,synthetic://generator-v2
demo-01898,Ramapuram,483.0,1,1,1,2,Furnished,5832822.0,synthetic,2026-06-30,synthetic_listed_area,Multistorey Apartment,synthetic,synthetic://generator-v2
demo-01899,Kilpauk,522.0,1,2,34,2,Unfurnished,10147278.0,synthetic,2026-06-30,synthetic_listed_area,Multistorey Apartment,synthetic,synthetic://generator-v2
demo-01900,Kundrathur,936.0,2,3,8,2,Semi-Furnished,5000912.0,synthetic,2026-06-30,synthetic_listed_area,Multistorey Apartment,synthetic,synthetic://generator-v2
demo-01901,Kundrathur,2114.0,4,4,1,1,Semi-Furnished,11148362.0,synthetic,2026-06-30,synthetic_listed_area,Multistorey Apartment,synthetic,synthetic://generator-v2
demo-01902,Ramapuram,599.0,1,2,27,2,Unfurnished,5205741.0,synthetic,2026-06-30,synthetic_listed_area,Multistorey Apartment,synthetic,synthetic://generator-v2
demo-01903,Karapakkam,438.0,1,2,13,2,Semi-Furnished,4031359.0,synthetic,2026-06-30,synthetic_listed_area,Multistorey Apartment,synthetic,synthetic://generator-v2
demo-01904,Kilpauk,1412.0,4,5,10,1,Furnished,18226350.0,synthetic,2026-06-30,synthetic_listed_area,Multistorey Apartment,synthetic,synthetic://generator-v2
demo-01905,Karapakkam,1526.0,4,5,27,0,Semi-Furnished,13118261.0,synthetic,2026-06-30,synthetic_listed_area,Multistorey Apartment,synthetic,synthetic://generator-v2
demo-01906,Kilpauk,1954.0,4,4,11,2,Semi-Furnished,24036895.0,synthetic,2026-06-30,synthetic_listed_area,Multistorey Apartment,synthetic,synthetic://generator-v2
demo-01907,Chromepet,1744.0,4,5,27,1,Furnished,10201110.0,synthetic,2026-06-30,synthetic_listed_area,Multistorey Apartment,synthetic,synthetic://generator-v2
demo-01908,Adyar,2925.0,5,4,7,1,Unfurnished,44718274.0,synthetic,2026-06-30,synthetic_listed_area,Multistorey Apartment,synthetic,synthetic://generator-v2
demo-01909,Thoraipakkam,2027.0,4,5,3,2,Semi-Furnished,21661052.0,synthetic,2026-06-30,synthetic_listed_area,Multistorey Apartment,synthetic,synthetic://generator-v2
demo-01910,Anna Nagar,1440.0,3,4,11,0,Unfurnished,23473299.0,synthetic,2026-06-30,synthetic_listed_area,Multistorey Apartment,synthetic,synthetic://generator-v2
demo-01911,Thoraipakkam,2748.0,5,5,21,1,Furnished,37334781.0,synthetic,2026-06-30,synthetic_listed_area,Multistorey Apartment,synthetic,synthetic://generator-v2
demo-01912,Adyar,829.0,2,1,8,0,Unfurnished,12808068.0,synthetic,2026-06-30,synthetic_listed_area,Multistorey Apartment,synthetic,synthetic://generator-v2
demo-01913,Teynampet,555.0,1,1,5,0,Furnished,16113902.0,synthetic,2026-06-30,synthetic_listed_area,Multistorey Apartment,synthetic,synthetic://generator-v2
demo-01914,Kilpauk,1403.0,4,5,26,2,Semi-Furnished,18118347.0,synthetic,2026-06-30,synthetic_listed_area,Multistorey Apartment,synthetic,synthetic://generator-v2
demo-01915,Koyambedu,1010.0,2,1,17,1,Unfurnished,10743105.0,synthetic,2026-06-30,synthetic_listed_area,Multistorey Apartment,synthetic,synthetic://generator-v2
demo-01916,Karapakkam,2918.0,5,6,15,0,Furnished,24779434.0,synthetic,2026-06-30,synthetic_listed_area,Multistorey Apartment,synthetic,synthetic://generator-v2
demo-01917,Koyambedu,1641.0,3,4,8,1,Unfurnished,23169377.0,synthetic,2026-06-30,synthetic_listed_area,Multistorey Apartment,synthetic,synthetic://generator-v2
demo-01918,Kovur,2817.0,5,5,0,0,Unfurnished,18681239.0,synthetic,2026-06-30,synthetic_listed_area,Multistorey Apartment,synthetic,synthetic://generator-v2
demo-01919,Kundrathur,449.0,1,2,1,2,Semi-Furnished,3632140.0,synthetic,2026-06-30,synthetic_listed_area,Multistorey Apartment,synthetic,synthetic://generator-v2
demo-01920,Kodambakkam,2224.0,4,5,24,0,Furnished,28759774.0,synthetic,2026-06-30,synthetic_listed_area,Multistorey Apartment,synthetic,synthetic://generator-v2
demo-01921,Kundrathur,1463.0,3,3,2,1,Semi-Furnished,7555920.0,synthetic,2026-06-30,synthetic_listed_area,Multistorey Apartment,synthetic,synthetic://generator-v2
demo-01922,Thiruporur,1514.0,3,4,8,1,Semi-Furnished,6219576.0,synthetic,2026-06-30,synthetic_listed_area,Multistorey Apartment,synthetic,synthetic://generator-v2
demo-01923,Kovur,729.0,2,3,32,0,Semi-Furnished,3803695.0,synthetic,2026-06-30,synthetic_listed_area,Multistorey Apartment,synthetic,synthetic://generator-v2
demo-01924,Kodambakkam,2002.0,5,4,12,2,Unfurnished,28897312.0,synthetic,2026-06-30,synthetic_listed_area,Multistorey Apartment,synthetic,synthetic://generator-v2
demo-01925,Chromepet,975.0,2,3,26,1,Unfurnished,4279939.0,synthetic,2026-06-30,synthetic_listed_area,Multistorey Apartment,synthetic,synthetic://generator-v2
demo-01926,Kodambakkam,1824.0,5,4,12,1,Unfurnished,19575939.0,synthetic,2026-06-30,synthetic_listed_area,Multistorey Apartment,synthetic,synthetic://generator-v2
demo-01927,Chromepet,1606.0,3,3,33,1,Unfurnished,7691714.0,synthetic,2026-06-30,synthetic_listed_area,Multistorey Apartment,synthetic,synthetic://generator-v2
demo-01928,Egmore,560.0,1,2,29,2,Furnished,10419332.0,synthetic,2026-06-30,synthetic_listed_area,Multistorey Apartment,synthetic,synthetic://generator-v2
demo-01929,Velachery,2900.0,5,6,16,0,Semi-Furnished,31926325.0,synthetic,2026-06-30,synthetic_listed_area,Multistorey Apartment,synthetic,synthetic://generator-v2
demo-01930,Anna Nagar,375.0,1,1,24,2,Semi-Furnished,6561842.0,synthetic,2026-06-30,synthetic_listed_area,Multistorey Apartment,synthetic,synthetic://generator-v2
demo-01931,Koyambedu,1170.0,2,2,14,1,Furnished,16188076.0,synthetic,2026-06-30,synthetic_listed_area,Multistorey Apartment,synthetic,synthetic://generator-v2
demo-01932,Thiruporur,1835.0,5,4,33,0,Furnished,6678457.0,synthetic,2026-06-30,synthetic_listed_area,Multistorey Apartment,synthetic,synthetic://generator-v2
demo-01933,Velachery,2343.0,5,4,12,1,Furnished,26420913.0,synthetic,2026-06-30,synthetic_listed_area,Multistorey Apartment,synthetic,synthetic://generator-v2
demo-01934,Chromepet,2800.0,5,6,30,2,Semi-Furnished,13304899.0,synthetic,2026-06-30,synthetic_listed_area,Multistorey Apartment,synthetic,synthetic://generator-v2
demo-01935,Chromepet,1103.0,3,2,22,0,Furnished,5055750.0,synthetic,2026-06-30,synthetic_listed_area,Multistorey Apartment,synthetic,synthetic://generator-v2
demo-01936,Kodambakkam,1418.0,4,5,23,1,Furnished,18851704.0,synthetic,2026-06-30,synthetic_listed_area,Multistorey Apartment,synthetic,synthetic://generator-v2
demo-01937,Kundrathur,712.0,2,2,12,1,Unfurnished,3345874.0,synthetic,2026-06-30,synthetic_listed_area,Multistorey Apartment,synthetic,synthetic://generator-v2
demo-01938,Velachery,1911.0,4,3,29,2,Unfurnished,16404556.0,synthetic,2026-06-30,synthetic_listed_area,Multistorey Apartment,synthetic,synthetic://generator-v2
demo-01939,Egmore,1659.0,3,4,26,1,Semi-Furnished,27784128.0,synthetic,2026-06-30,synthetic_listed_area,Multistorey Apartment,synthetic,synthetic://generator-v2
demo-01940,Chromepet,382.0,1,1,29,2,Furnished,2268727.0,synthetic,2026-06-30,synthetic_listed_area,Multistorey Apartment,synthetic,synthetic://generator-v2
demo-01941,Karapakkam,1143.0,3,2,28,2,Furnished,11388811.0,synthetic,2026-06-30,synthetic_listed_area,Multistorey Apartment,synthetic,synthetic://generator-v2
demo-01942,Thiruporur,1476.0,3,2,5,2,Furnished,7630273.0,synthetic,2026-06-30,synthetic_listed_area,Multistorey Apartment,synthetic,synthetic://generator-v2
demo-01943,Adyar,817.0,2,3,31,1,Furnished,13708064.0,synthetic,2026-06-30,synthetic_listed_area,Multistorey Apartment,synthetic,synthetic://generator-v2
demo-01944,Kodambakkam,1065.0,2,2,30,2,Unfurnished,11531770.0,synthetic,2026-06-30,synthetic_listed_area,Multistorey Apartment,synthetic,synthetic://generator-v2
demo-01945,Chromepet,1762.0,3,3,8,0,Semi-Furnished,11086815.0,synthetic,2026-06-30,synthetic_listed_area,Multistorey Apartment,synthetic,synthetic://generator-v2
demo-01946,Chromepet,542.0,1,1,35,2,Unfurnished,2604658.0,synthetic,2026-06-30,synthetic_listed_area,Multistorey Apartment,synthetic,synthetic://generator-v2
demo-01947,Thoraipakkam,569.0,1,2,18,2,Semi-Furnished,5607565.0,synthetic,2026-06-30,synthetic_listed_area,Multistorey Apartment,synthetic,synthetic://generator-v2
demo-01948,Adyar,1920.0,4,5,11,0,Unfurnished,46966671.0,synthetic,2026-06-30,synthetic_listed_area,Multistorey Apartment,synthetic,synthetic://generator-v2
demo-01949,Kilpauk,1116.0,2,1,8,1,Unfurnished,17616508.0,synthetic,2026-06-30,synthetic_listed_area,Multistorey Apartment,synthetic,synthetic://generator-v2
demo-01950,Thoraipakkam,1583.0,4,5,13,2,Furnished,18199256.0,synthetic,2026-06-30,synthetic_listed_area,Multistorey Apartment,synthetic,synthetic://generator-v2
demo-01951,Navalur,1101.0,3,3,1,0,Furnished,8501075.0,synthetic,2026-06-30,synthetic_listed_area,Multistorey Apartment,synthetic,synthetic://generator-v2
demo-01952,Anna Nagar,1542.0,3,4,24,2,Furnished,26664151.0,synthetic,2026-06-30,synthetic_listed_area,Multistorey Apartment,synthetic,synthetic://generator-v2
demo-01953,Kovur,1089.0,3,2,25,2,Semi-Furnished,7579065.0,synthetic,2026-06-30,synthetic_listed_area,Multistorey Apartment,synthetic,synthetic://generator-v2
demo-01954,Velachery,1719.0,3,4,24,2,Unfurnished,17029053.0,synthetic,2026-06-30,synthetic_listed_area,Multistorey Apartment,synthetic,synthetic://generator-v2
demo-01955,Kodambakkam,2614.0,5,4,19,0,Semi-Furnished,32930868.0,synthetic,2026-06-30,synthetic_listed_area,Multistorey Apartment,synthetic,synthetic://generator-v2
demo-01956,Koyambedu,2940.0,5,5,13,2,Furnished,44533926.0,synthetic,2026-06-30,synthetic_listed_area,Multistorey Apartment,synthetic,synthetic://generator-v2
demo-01957,Kundrathur,857.0,2,1,26,2,Semi-Furnished,5125076.0,synthetic,2026-06-30,synthetic_listed_area,Multistorey Apartment,synthetic,synthetic://generator-v2
demo-01958,Porur,1886.0,4,3,31,0,Unfurnished,12584323.0,synthetic,2026-06-30,synthetic_listed_area,Multistorey Apartment,synthetic,synthetic://generator-v2
demo-01959,Egmore,2677.0,5,4,3,2,Semi-Furnished,52013097.0,synthetic,2026-06-30,synthetic_listed_area,Multistorey Apartment,synthetic,synthetic://generator-v2
demo-01960,Thiruporur,411.0,1,2,13,1,Furnished,1989235.0,synthetic,2026-06-30,synthetic_listed_area,Multistorey Apartment,synthetic,synthetic://generator-v2
demo-01961,Velachery,1942.0,4,3,35,2,Unfurnished,14333571.0,synthetic,2026-06-30,synthetic_listed_area,Multistorey Apartment,synthetic,synthetic://generator-v2
demo-01962,Chromepet,1545.0,3,4,31,0,Furnished,7698204.0,synthetic,2026-06-30,synthetic_listed_area,Multistorey Apartment,synthetic,synthetic://generator-v2
demo-01963,Teynampet,2974.0,5,5,35,2,Furnished,73478262.0,synthetic,2026-06-30,synthetic_listed_area,Multistorey Apartment,synthetic,synthetic://generator-v2
demo-01964,Teynampet,1609.0,3,2,6,1,Furnished,38407289.0,synthetic,2026-06-30,synthetic_listed_area,Multistorey Apartment,synthetic,synthetic://generator-v2
demo-01965,Ramapuram,1898.0,5,5,16,0,Semi-Furnished,22422454.0,synthetic,2026-06-30,synthetic_listed_area,Multistorey Apartment,synthetic,synthetic://generator-v2
demo-01966,Kodambakkam,469.0,1,1,4,1,Unfurnished,5591579.0,synthetic,2026-06-30,synthetic_listed_area,Multistorey Apartment,synthetic,synthetic://generator-v2
demo-01967,Kovur,497.0,1,1,31,2,Unfurnished,2756152.0,synthetic,2026-06-30,synthetic_listed_area,Multistorey Apartment,synthetic,synthetic://generator-v2
demo-01968,Thiruporur,1933.0,5,5,18,2,Semi-Furnished,7690340.0,synthetic,2026-06-30,synthetic_listed_area,Multistorey Apartment,synthetic,synthetic://generator-v2
demo-01969,Chromepet,1374.0,3,4,8,0,Semi-Furnished,8568832.0,synthetic,2026-06-30,synthetic_listed_area,Multistorey Apartment,synthetic,synthetic://generator-v2
demo-01970,Thiruporur,1263.0,3,4,3,2,Unfurnished,5351801.0,synthetic,2026-06-30,synthetic_listed_area,Multistorey Apartment,synthetic,synthetic://generator-v2
demo-01971,Thoraipakkam,380.0,1,1,26,1,Furnished,3662642.0,synthetic,2026-06-30,synthetic_listed_area,Multistorey Apartment,synthetic,synthetic://generator-v2
demo-01972,Porur,956.0,2,3,29,0,Furnished,6569527.0,synthetic,2026-06-30,synthetic_listed_area,Multistorey Apartment,synthetic,synthetic://generator-v2
demo-01973,Kilpauk,1957.0,5,6,31,1,Semi-Furnished,24846069.0,synthetic,2026-06-30,synthetic_listed_area,Multistorey Apartment,synthetic,synthetic://generator-v2
demo-01974,Kundrathur,995.0,2,1,34,2,Furnished,4466548.0,synthetic,2026-06-30,synthetic_listed_area,Multistorey Apartment,synthetic,synthetic://generator-v2
demo-01975,Adyar,1177.0,3,3,29,0,Semi-Furnished,21312866.0,synthetic,2026-06-30,synthetic_listed_area,Multistorey Apartment,synthetic,synthetic://generator-v2
demo-01976,Thoraipakkam,1062.0,2,3,28,0,Semi-Furnished,7345650.0,synthetic,2026-06-30,synthetic_listed_area,Multistorey Apartment,synthetic,synthetic://generator-v2
demo-01977,Kilpauk,798.0,2,1,29,0,Semi-Furnished,10412544.0,synthetic,2026-06-30,synthetic_listed_area,Multistorey Apartment,synthetic,synthetic://generator-v2
demo-01978,Adyar,574.0,1,1,35,1,Semi-Furnished,8295122.0,synthetic,2026-06-30,synthetic_listed_area,Multistorey Apartment,synthetic,synthetic://generator-v2
demo-01979,Teynampet,1783.0,5,6,16,0,Furnished,51611836.0,synthetic,2026-06-30,synthetic_listed_area,Multistorey Apartment,synthetic,synthetic://generator-v2
demo-01980,Porur,2402.0,5,4,27,2,Unfurnished,13632197.0,synthetic,2026-06-30,synthetic_listed_area,Multistorey Apartment,synthetic,synthetic://generator-v2
demo-01981,Navalur,430.0,1,2,29,0,Furnished,2803151.0,synthetic,2026-06-30,synthetic_listed_area,Multistorey Apartment,synthetic,synthetic://generator-v2
demo-01982,Adyar,813.0,2,3,4,0,Furnished,15571145.0,synthetic,2026-06-30,synthetic_listed_area,Multistorey Apartment,synthetic,synthetic://generator-v2
demo-01983,Ramapuram,1404.0,3,3,24,0,Furnished,16761920.0,synthetic,2026-06-30,synthetic_listed_area,Multistorey Apartment,synthetic,synthetic://generator-v2
demo-01984,Navalur,1121.0,2,2,12,2,Unfurnished,8953920.0,synthetic,2026-06-30,synthetic_listed_area,Multistorey Apartment,synthetic,synthetic://generator-v2
demo-01985,Teynampet,2315.0,4,4,4,2,Unfurnished,57775628.0,synthetic,2026-06-30,synthetic_listed_area,Multistorey Apartment,synthetic,synthetic://generator-v2
demo-01986,Thiruporur,852.0,2,2,6,0,Semi-Furnished,3431774.0,synthetic,2026-06-30,synthetic_listed_area,Multistorey Apartment,synthetic,synthetic://generator-v2
demo-01987,Egmore,389.0,1,1,4,1,Furnished,8694661.0,synthetic,2026-06-30,synthetic_listed_area,Multistorey Apartment,synthetic,synthetic://generator-v2
demo-01988,Egmore,1060.0,2,2,32,2,Furnished,15117705.0,synthetic,2026-06-30,synthetic_listed_area,Multistorey Apartment,synthetic,synthetic://generator-v2
demo-01989,Thoraipakkam,1486.0,3,3,27,2,Furnished,14460073.0,synthetic,2026-06-30,synthetic_listed_area,Multistorey Apartment,synthetic,synthetic://generator-v2
demo-01990,Kundrathur,400.0,1,2,3,0,Unfurnished,2238189.0,synthetic,2026-06-30,synthetic_listed_area,Multistorey Apartment,synthetic,synthetic://generator-v2
demo-01991,Kovur,2700.0,5,6,22,2,Semi-Furnished,16533598.0,synthetic,2026-06-30,synthetic_listed_area,Multistorey Apartment,synthetic,synthetic://generator-v2
demo-01992,Karapakkam,480.0,1,1,23,2,Furnished,6224796.0,synthetic,2026-06-30,synthetic_listed_area,Multistorey Apartment,synthetic,synthetic://generator-v2
demo-01993,Navalur,513.0,1,1,18,2,Semi-Furnished,3656666.0,synthetic,2026-06-30,synthetic_listed_area,Multistorey Apartment,synthetic,synthetic://generator-v2
demo-01994,Ramapuram,1320.0,3,2,21,1,Furnished,15116336.0,synthetic,2026-06-30,synthetic_listed_area,Multistorey Apartment,synthetic,synthetic://generator-v2
demo-01995,Adyar,1379.0,3,2,32,1,Unfurnished,19096211.0,synthetic,2026-06-30,synthetic_listed_area,Multistorey Apartment,synthetic,synthetic://generator-v2
demo-01996,Kundrathur,790.0,2,2,18,2,Semi-Furnished,4535923.0,synthetic,2026-06-30,synthetic_listed_area,Multistorey Apartment,synthetic,synthetic://generator-v2
demo-01997,Velachery,1078.0,2,1,23,2,Semi-Furnished,11175593.0,synthetic,2026-06-30,synthetic_listed_area,Multistorey Apartment,synthetic,synthetic://generator-v2
demo-01998,Karapakkam,389.0,1,2,20,1,Furnished,3301744.0,synthetic,2026-06-30,synthetic_listed_area,Multistorey Apartment,synthetic,synthetic://generator-v2
demo-01999,Karapakkam,2178.0,4,3,14,2,Unfurnished,19813389.0,synthetic,2026-06-30,synthetic_listed_area,Multistorey Apartment,synthetic,synthetic://generator-v2
demo-02000,Thiruporur,1099.0,2,1,32,1,Unfurnished,3475132.0,synthetic,2026-06-30,synthetic_listed_area,Multistorey Apartment,synthetic,synthetic://generator-v2
demo-02001,Anna Nagar,537.0,1,1,14,2,Unfurnished,7078772.0,synthetic,2026-06-30,synthetic_listed_area,Multistorey Apartment,synthetic,synthetic://generator-v2
demo-02002,Kodambakkam,710.0,2,1,28,0,Unfurnished,9114678.0,synthetic,2026-06-30,synthetic_listed_area,Multistorey Apartment,synthetic,synthetic://generator-v2
demo-02003,Kovur,2091.0,5,5,21,2,Furnished,13064738.0,synthetic,2026-06-30,synthetic_listed_area,Multistorey Apartment,synthetic,synthetic://generator-v2
demo-02004,Teynampet,934.0,2,3,24,1,Furnished,18010634.0,synthetic,2026-06-30,synthetic_listed_area,Multistorey Apartment,synthetic,synthetic://generator-v2
demo-02005,Chromepet,2494.0,5,6,27,1,Unfurnished,16923144.0,synthetic,2026-06-30,synthetic_listed_area,Multistorey Apartment,synthetic,synthetic://generator-v2
demo-02006,Kovur,1160.0,2,1,26,0,Furnished,6536763.0,synthetic,2026-06-30,synthetic_listed_area,Multistorey Apartment,synthetic,synthetic://generator-v2
demo-02007,Chromepet,444.0,1,1,20,1,Semi-Furnished,2497621.0,synthetic,2026-06-30,synthetic_listed_area,Multistorey Apartment,synthetic,synthetic://generator-v2
demo-02008,Teynampet,1138.0,2,2,22,0,Furnished,37025282.0,synthetic,2026-06-30,synthetic_listed_area,Multistorey Apartment,synthetic,synthetic://generator-v2
demo-02009,Navalur,782.0,2,1,18,2,Unfurnished,5631407.0,synthetic,2026-06-30,synthetic_listed_area,Multistorey Apartment,synthetic,synthetic://generator-v2
demo-02010,Koyambedu,443.0,1,2,12,2,Furnished,5783319.0,synthetic,2026-06-30,synthetic_listed_area,Multistorey Apartment,synthetic,synthetic://generator-v2
demo-02011,Kodambakkam,1089.0,3,2,26,1,Semi-Furnished,11025275.0,synthetic,2026-06-30,synthetic_listed_area,Multistorey Apartment,synthetic,synthetic://generator-v2
demo-02012,Chromepet,1071.0,2,2,31,2,Furnished,4910434.0,synthetic,2026-06-30,synthetic_listed_area,Multistorey Apartment,synthetic,synthetic://generator-v2
demo-02013,Thoraipakkam,1551.0,4,4,25,2,Semi-Furnished,14611323.0,synthetic,2026-06-30,synthetic_listed_area,Multistorey Apartment,synthetic,synthetic://generator-v2
demo-02014,Porur,1243.0,3,3,27,0,Furnished,9151189.0,synthetic,2026-06-30,synthetic_listed_area,Multistorey Apartment,synthetic,synthetic://generator-v2
demo-02015,Kilpauk,1631.0,3,3,29,0,Semi-Furnished,22744253.0,synthetic,2026-06-30,synthetic_listed_area,Multistorey Apartment,synthetic,synthetic://generator-v2
demo-02016,Kovur,1451.0,3,4,13,0,Furnished,9336987.0,synthetic,2026-06-30,synthetic_listed_area,Multistorey Apartment,synthetic,synthetic://generator-v2
demo-02017,Ramapuram,353.0,1,1,2,0,Semi-Furnished,4141347.0,synthetic,2026-06-30,synthetic_listed_area,Multistorey Apartment,synthetic,synthetic://generator-v2
demo-02018,Ramapuram,1402.0,4,4,12,1,Unfurnished,11962028.0,synthetic,2026-06-30,synthetic_listed_area,Multistorey Apartment,synthetic,synthetic://generator-v2
demo-02019,Kovur,478.0,1,2,27,1,Furnished,3209040.0,synthetic,2026-06-30,synthetic_listed_area,Multistorey Apartment,synthetic,synthetic://generator-v2
demo-02020,Kilpauk,1705.0,4,5,29,1,Furnished,24604978.0,synthetic,2026-06-30,synthetic_listed_area,Multistorey Apartment,synthetic,synthetic://generator-v2
demo-02021,Porur,1975.0,5,6,18,0,Semi-Furnished,18436549.0,synthetic,2026-06-30,synthetic_listed_area,Multistorey Apartment,synthetic,synthetic://generator-v2
demo-02022,Porur,2014.0,4,3,28,2,Unfurnished,13725919.0,synthetic,2026-06-30,synthetic_listed_area,Multistorey Apartment,synthetic,synthetic://generator-v2
demo-02023,Navalur,1221.0,3,4,2,2,Furnished,9410343.0,synthetic,2026-06-30,synthetic_listed_area,Multistorey Apartment,synthetic,synthetic://generator-v2
demo-02024,Anna Nagar,996.0,2,3,23,1,Furnished,14820749.0,synthetic,2026-06-30,synthetic_listed_area,Multistorey Apartment,synthetic,synthetic://generator-v2
demo-02025,Koyambedu,2224.0,5,6,24,0,Furnished,25206210.0,synthetic,2026-06-30,synthetic_listed_area,Multistorey Apartment,synthetic,synthetic://generator-v2
demo-02026,Navalur,793.0,2,3,18,1,Furnished,6419025.0,synthetic,2026-06-30,synthetic_listed_area,Multistorey Apartment,synthetic,synthetic://generator-v2
demo-02027,Velachery,1154.0,3,3,25,2,Semi-Furnished,10571402.0,synthetic,2026-06-30,synthetic_listed_area,Multistorey Apartment,synthetic,synthetic://generator-v2
demo-02028,Koyambedu,1637.0,4,5,17,2,Unfurnished,16851998.0,synthetic,2026-06-30,synthetic_listed_area,Multistorey Apartment,synthetic,synthetic://generator-v2
demo-02029,Kilpauk,1787.0,5,5,18,0,Unfurnished,20395056.0,synthetic,2026-06-30,synthetic_listed_area,Multistorey Apartment,synthetic,synthetic://generator-v2
demo-02030,Kundrathur,2135.0,5,6,21,2,Unfurnished,11311143.0,synthetic,2026-06-30,synthetic_listed_area,Multistorey Apartment,synthetic,synthetic://generator-v2
demo-02031,Egmore,575.0,1,1,28,2,Unfurnished,11113027.0,synthetic,2026-06-30,synthetic_listed_area,Multistorey Apartment,synthetic,synthetic://generator-v2
demo-02032,Anna Nagar,2789.0,5,6,8,1,Furnished,46881752.0,synthetic,2026-06-30,synthetic_listed_area,Multistorey Apartment,synthetic,synthetic://generator-v2
demo-02033,Porur,443.0,1,2,10,1,Furnished,3965904.0,synthetic,2026-06-30,synthetic_listed_area,Multistorey Apartment,synthetic,synthetic://generator-v2
demo-02034,Velachery,1482.0,3,4,15,1,Unfurnished,15854923.0,synthetic,2026-06-30,synthetic_listed_area,Multistorey Apartment,synthetic,synthetic://generator-v2
demo-02035,Thiruporur,2459.0,5,4,7,0,Semi-Furnished,10848815.0,synthetic,2026-06-30,synthetic_listed_area,Multistorey Apartment,synthetic,synthetic://generator-v2
demo-02036,Kundrathur,2229.0,4,5,12,1,Unfurnished,10738257.0,synthetic,2026-06-30,synthetic_listed_area,Multistorey Apartment,synthetic,synthetic://generator-v2
demo-02037,Adyar,2045.0,5,4,12,0,Semi-Furnished,37171351.0,synthetic,2026-06-30,synthetic_listed_area,Multistorey Apartment,synthetic,synthetic://generator-v2
demo-02038,Velachery,848.0,2,3,11,0,Furnished,9978843.0,synthetic,2026-06-30,synthetic_listed_area,Multistorey Apartment,synthetic,synthetic://generator-v2
demo-02039,Kovur,851.0,2,1,14,1,Furnished,6314428.0,synthetic,2026-06-30,synthetic_listed_area,Multistorey Apartment,synthetic,synthetic://generator-v2
demo-02040,Karapakkam,720.0,2,1,18,1,Furnished,7373039.0,synthetic,2026-06-30,synthetic_listed_area,Multistorey Apartment,synthetic,synthetic://generator-v2
demo-02041,Thoraipakkam,857.0,2,2,25,2,Unfurnished,7576707.0,synthetic,2026-06-30,synthetic_listed_area,Multistorey Apartment,synthetic,synthetic://generator-v2
demo-02042,Ramapuram,2278.0,4,4,10,1,Furnished,25885078.0,synthetic,2026-06-30,synthetic_listed_area,Multistorey Apartment,synthetic,synthetic://generator-v2
demo-02043,Ramapuram,1734.0,3,4,30,2,Furnished,17631219.0,synthetic,2026-06-30,synthetic_listed_area,Multistorey Apartment,synthetic,synthetic://generator-v2
demo-02044,Karapakkam,1510.0,4,4,17,2,Semi-Furnished,13797644.0,synthetic,2026-06-30,synthetic_listed_area,Multistorey Apartment,synthetic,synthetic://generator-v2
demo-02045,Velachery,1394.0,3,2,25,1,Unfurnished,14188535.0,synthetic,2026-06-30,synthetic_listed_area,Multistorey Apartment,synthetic,synthetic://generator-v2
demo-02046,Kovur,891.0,2,2,4,2,Unfurnished,4677441.0,synthetic,2026-06-30,synthetic_listed_area,Multistorey Apartment,synthetic,synthetic://generator-v2
demo-02047,Kundrathur,472.0,1,1,6,1,Furnished,2810429.0,synthetic,2026-06-30,synthetic_listed_area,Multistorey Apartment,synthetic,synthetic://generator-v2
demo-02048,Ramapuram,1466.0,3,3,16,1,Unfurnished,15285090.0,synthetic,2026-06-30,synthetic_listed_area,Multistorey Apartment,synthetic,synthetic://generator-v2
demo-02049,Porur,1775.0,5,5,13,0,Unfurnished,10834073.0,synthetic,2026-06-30,synthetic_listed_area,Multistorey Apartment,synthetic,synthetic://generator-v2
demo-02050,Chromepet,2803.0,5,6,17,0,Semi-Furnished,17819939.0,synthetic,2026-06-30,synthetic_listed_area,Multistorey Apartment,synthetic,synthetic://generator-v2
demo-02051,Kilpauk,1187.0,2,3,5,1,Unfurnished,17007339.0,synthetic,2026-06-30,synthetic_listed_area,Multistorey Apartment,synthetic,synthetic://generator-v2
demo-02052,Kodambakkam,1540.0,3,2,17,0,Furnished,18915112.0,synthetic,2026-06-30,synthetic_listed_area,Multistorey Apartment,synthetic,synthetic://generator-v2
demo-02053,Velachery,2060.0,4,3,24,1,Furnished,24495023.0,synthetic,2026-06-30,synthetic_listed_area,Multistorey Apartment,synthetic,synthetic://generator-v2
demo-02054,Ramapuram,1928.0,4,3,26,0,Unfurnished,21209614.0,synthetic,2026-06-30,synthetic_listed_area,Multistorey Apartment,synthetic,synthetic://generator-v2
demo-02055,Kodambakkam,434.0,1,1,8,0,Unfurnished,6034938.0,synthetic,2026-06-30,synthetic_listed_area,Multistorey Apartment,synthetic,synthetic://generator-v2
demo-02056,Ramapuram,1162.0,3,4,12,1,Unfurnished,13227771.0,synthetic,2026-06-30,synthetic_listed_area,Multistorey Apartment,synthetic,synthetic://generator-v2
demo-02057,Ramapuram,496.0,1,1,18,1,Furnished,5355302.0,synthetic,2026-06-30,synthetic_listed_area,Multistorey Apartment,synthetic,synthetic://generator-v2
demo-02058,Kodambakkam,361.0,1,1,18,2,Semi-Furnished,5987265.0,synthetic,2026-06-30,synthetic_listed_area,Multistorey Apartment,synthetic,synthetic://generator-v2
demo-02059,Kodambakkam,2225.0,4,4,28,2,Semi-Furnished,29448168.0,synthetic,2026-06-30,synthetic_listed_area,Multistorey Apartment,synthetic,synthetic://generator-v2
demo-02060,Thoraipakkam,455.0,1,2,14,2,Unfurnished,4185507.0,synthetic,2026-06-30,synthetic_listed_area,Multistorey Apartment,synthetic,synthetic://generator-v2
demo-02061,Kundrathur,907.0,2,3,24,0,Unfurnished,3656541.0,synthetic,2026-06-30,synthetic_listed_area,Multistorey Apartment,synthetic,synthetic://generator-v2
demo-02062,Chromepet,1295.0,3,3,31,1,Semi-Furnished,7496960.0,synthetic,2026-06-30,synthetic_listed_area,Multistorey Apartment,synthetic,synthetic://generator-v2
demo-02063,Ramapuram,2369.0,4,4,10,0,Unfurnished,25377926.0,synthetic,2026-06-30,synthetic_listed_area,Multistorey Apartment,synthetic,synthetic://generator-v2
demo-02064,Navalur,1181.0,3,3,29,0,Semi-Furnished,6588237.0,synthetic,2026-06-30,synthetic_listed_area,Multistorey Apartment,synthetic,synthetic://generator-v2
demo-02065,Koyambedu,388.0,1,2,11,0,Furnished,5314098.0,synthetic,2026-06-30,synthetic_listed_area,Multistorey Apartment,synthetic,synthetic://generator-v2
demo-02066,Ramapuram,1566.0,4,5,12,1,Unfurnished,16382699.0,synthetic,2026-06-30,synthetic_listed_area,Multistorey Apartment,synthetic,synthetic://generator-v2
demo-02067,Thoraipakkam,2573.0,5,4,23,0,Semi-Furnished,25960757.0,synthetic,2026-06-30,synthetic_listed_area,Multistorey Apartment,synthetic,synthetic://generator-v2
demo-02068,Kilpauk,2990.0,5,6,22,1,Furnished,46997787.0,synthetic,2026-06-30,synthetic_listed_area,Multistorey Apartment,synthetic,synthetic://generator-v2
demo-02069,Kovur,1635.0,4,4,19,0,Furnished,9923077.0,synthetic,2026-06-30,synthetic_listed_area,Multistorey Apartment,synthetic,synthetic://generator-v2
demo-02070,Egmore,1729.0,3,4,8,1,Unfurnished,34244002.0,synthetic,2026-06-30,synthetic_listed_area,Multistorey Apartment,synthetic,synthetic://generator-v2
demo-02071,Porur,2098.0,5,6,3,1,Unfurnished,15665293.0,synthetic,2026-06-30,synthetic_listed_area,Multistorey Apartment,synthetic,synthetic://generator-v2
demo-02072,Kodambakkam,1536.0,3,4,32,0,Furnished,16818845.0,synthetic,2026-06-30,synthetic_listed_area,Multistorey Apartment,synthetic,synthetic://generator-v2
demo-02073,Kilpauk,360.0,1,1,31,0,Furnished,4597692.0,synthetic,2026-06-30,synthetic_listed_area,Multistorey Apartment,synthetic,synthetic://generator-v2
demo-02074,Porur,2370.0,5,4,31,2,Unfurnished,18303776.0,synthetic,2026-06-30,synthetic_listed_area,Multistorey Apartment,synthetic,synthetic://generator-v2
demo-02075,Kodambakkam,1027.0,2,3,18,2,Semi-Furnished,12663964.0,synthetic,2026-06-30,synthetic_listed_area,Multistorey Apartment,synthetic,synthetic://generator-v2
demo-02076,Kovur,2420.0,5,4,31,0,Semi-Furnished,16869035.0,synthetic,2026-06-30,synthetic_listed_area,Multistorey Apartment,synthetic,synthetic://generator-v2
demo-02077,Kovur,819.0,2,1,17,2,Furnished,7131178.0,synthetic,2026-06-30,synthetic_listed_area,Multistorey Apartment,synthetic,synthetic://generator-v2
demo-02078,Karapakkam,2786.0,5,4,2,0,Furnished,25832555.0,synthetic,2026-06-30,synthetic_listed_area,Multistorey Apartment,synthetic,synthetic://generator-v2
demo-02079,Chromepet,1778.0,3,3,7,2,Semi-Furnished,7877871.0,synthetic,2026-06-30,synthetic_listed_area,Multistorey Apartment,synthetic,synthetic://generator-v2
demo-02080,Thiruporur,1394.0,3,2,9,0,Furnished,6948889.0,synthetic,2026-06-30,synthetic_listed_area,Multistorey Apartment,synthetic,synthetic://generator-v2
demo-02081,Anna Nagar,1018.0,2,1,13,1,Unfurnished,14731879.0,synthetic,2026-06-30,synthetic_listed_area,Multistorey Apartment,synthetic,synthetic://generator-v2
demo-02082,Kilpauk,2738.0,5,5,33,0,Unfurnished,31094296.0,synthetic,2026-06-30,synthetic_listed_area,Multistorey Apartment,synthetic,synthetic://generator-v2
demo-02083,Porur,410.0,1,1,11,0,Furnished,2983387.0,synthetic,2026-06-30,synthetic_listed_area,Multistorey Apartment,synthetic,synthetic://generator-v2
demo-02084,Chromepet,1698.0,3,3,22,1,Unfurnished,8987397.0,synthetic,2026-06-30,synthetic_listed_area,Multistorey Apartment,synthetic,synthetic://generator-v2
demo-02085,Porur,840.0,2,3,9,0,Furnished,7920644.0,synthetic,2026-06-30,synthetic_listed_area,Multistorey Apartment,synthetic,synthetic://generator-v2
demo-02086,Ramapuram,1632.0,3,4,23,1,Unfurnished,16714382.0,synthetic,2026-06-30,synthetic_listed_area,Multistorey Apartment,synthetic,synthetic://generator-v2
demo-02087,Porur,756.0,2,1,20,0,Semi-Furnished,6362012.0,synthetic,2026-06-30,synthetic_listed_area,Multistorey Apartment,synthetic,synthetic://generator-v2
demo-02088,Kilpauk,1688.0,4,5,5,0,Unfurnished,27832208.0,synthetic,2026-06-30,synthetic_listed_area,Multistorey Apartment,synthetic,synthetic://generator-v2
demo-02089,Adyar,967.0,2,1,16,2,Furnished,17184258.0,synthetic,2026-06-30,synthetic_listed_area,Multistorey Apartment,synthetic,synthetic://generator-v2
demo-02090,Thoraipakkam,481.0,1,1,3,2,Semi-Furnished,5134039.0,synthetic,2026-06-30,synthetic_listed_area,Multistorey Apartment,synthetic,synthetic://generator-v2
demo-02091,Kilpauk,563.0,1,1,32,2,Unfurnished,8036024.0,synthetic,2026-06-30,synthetic_listed_area,Multistorey Apartment,synthetic,synthetic://generator-v2
demo-02092,Teynampet,2396.0,4,5,25,0,Semi-Furnished,66252077.0,synthetic,2026-06-30,synthetic_listed_area,Multistorey Apartment,synthetic,synthetic://generator-v2
demo-02093,Egmore,754.0,2,1,33,1,Unfurnished,13143384.0,synthetic,2026-06-30,synthetic_listed_area,Multistorey Apartment,synthetic,synthetic://generator-v2
demo-02094,Chromepet,836.0,2,3,31,0,Furnished,4420140.0,synthetic,2026-06-30,synthetic_listed_area,Multistorey Apartment,synthetic,synthetic://generator-v2
demo-02095,Teynampet,1758.0,4,4,7,0,Unfurnished,49450114.0,synthetic,2026-06-30,synthetic_listed_area,Multistorey Apartment,synthetic,synthetic://generator-v2
demo-02096,Thoraipakkam,939.0,2,3,25,1,Semi-Furnished,9578419.0,synthetic,2026-06-30,synthetic_listed_area,Multistorey Apartment,synthetic,synthetic://generator-v2
demo-02097,Thiruporur,947.0,2,3,3,1,Semi-Furnished,4019858.0,synthetic,2026-06-30,synthetic_listed_area,Multistorey Apartment,synthetic,synthetic://generator-v2
demo-02098,Ramapuram,1128.0,2,2,34,1,Unfurnished,9039273.0,synthetic,2026-06-30,synthetic_listed_area,Multistorey Apartment,synthetic,synthetic://generator-v2
demo-02099,Karapakkam,1085.0,2,1,28,0,Unfurnished,7828938.0,synthetic,2026-06-30,synthetic_listed_area,Multistorey Apartment,synthetic,synthetic://generator-v2
demo-02100,Thoraipakkam,1419.0,4,5,24,2,Semi-Furnished,13331703.0,synthetic,2026-06-30,synthetic_listed_area,Multistorey Apartment,synthetic,synthetic://generator-v2
demo-02101,Porur,1391.0,3,3,35,2,Semi-Furnished,10077453.0,synthetic,2026-06-30,synthetic_listed_area,Multistorey Apartment,synthetic,synthetic://generator-v2
demo-02102,Chromepet,2523.0,5,5,30,0,Unfurnished,15416120.0,synthetic,2026-06-30,synthetic_listed_area,Multistorey Apartment,synthetic,synthetic://generator-v2
demo-02103,Chromepet,1860.0,4,4,31,0,Unfurnished,8033243.0,synthetic,2026-06-30,synthetic_listed_area,Multistorey Apartment,synthetic,synthetic://generator-v2
demo-02104,Thiruporur,383.0,1,1,3,1,Furnished,1637618.0,synthetic,2026-06-30,synthetic_listed_area,Multistorey Apartment,synthetic,synthetic://generator-v2
demo-02105,Karapakkam,899.0,2,1,0,1,Furnished,9043694.0,synthetic,2026-06-30,synthetic_listed_area,Multistorey Apartment,synthetic,synthetic://generator-v2
demo-02106,Teynampet,906.0,2,3,34,2,Semi-Furnished,24303200.0,synthetic,2026-06-30,synthetic_listed_area,Multistorey Apartment,synthetic,synthetic://generator-v2
demo-02107,Chromepet,1191.0,3,2,9,1,Furnished,7224203.0,synthetic,2026-06-30,synthetic_listed_area,Multistorey Apartment,synthetic,synthetic://generator-v2
demo-02108,Karapakkam,1078.0,2,2,15,0,Unfurnished,8946876.0,synthetic,2026-06-30,synthetic_listed_area,Multistorey Apartment,synthetic,synthetic://generator-v2
demo-02109,Karapakkam,2152.0,5,6,1,0,Furnished,18410124.0,synthetic,2026-06-30,synthetic_listed_area,Multistorey Apartment,synthetic,synthetic://generator-v2
demo-02110,Karapakkam,994.0,2,1,22,0,Furnished,9392270.0,synthetic,2026-06-30,synthetic_listed_area,Multistorey Apartment,synthetic,synthetic://generator-v2
demo-02111,Porur,1437.0,3,3,29,1,Unfurnished,9344300.0,synthetic,2026-06-30,synthetic_listed_area,Multistorey Apartment,synthetic,synthetic://generator-v2
demo-02112,Thoraipakkam,569.0,1,2,30,0,Semi-Furnished,4686221.0,synthetic,2026-06-30,synthetic_listed_area,Multistorey Apartment,synthetic,synthetic://generator-v2
demo-02113,Thoraipakkam,1903.0,5,6,20,2,Furnished,18995877.0,synthetic,2026-06-30,synthetic_listed_area,Multistorey Apartment,synthetic,synthetic://generator-v2
demo-02114,Ramapuram,1893.0,5,4,23,2,Semi-Furnished,22950669.0,synthetic,2026-06-30,synthetic_listed_area,Multistorey Apartment,synthetic,synthetic://generator-v2
demo-02115,Egmore,1700.0,4,4,18,0,Unfurnished,24920514.0,synthetic,2026-06-30,synthetic_listed_area,Multistorey Apartment,synthetic,synthetic://generator-v2
demo-02116,Velachery,916.0,2,1,16,2,Semi-Furnished,7982628.0,synthetic,2026-06-30,synthetic_listed_area,Multistorey Apartment,synthetic,synthetic://generator-v2
demo-02117,Kundrathur,425.0,1,1,19,1,Furnished,2708162.0,synthetic,2026-06-30,synthetic_listed_area,Multistorey Apartment,synthetic,synthetic://generator-v2
demo-02118,Kundrathur,2163.0,4,3,33,0,Unfurnished,9919381.0,synthetic,2026-06-30,synthetic_listed_area,Multistorey Apartment,synthetic,synthetic://generator-v2
demo-02119,Porur,1234.0,3,4,9,1,Semi-Furnished,10543607.0,synthetic,2026-06-30,synthetic_listed_area,Multistorey Apartment,synthetic,synthetic://generator-v2
demo-02120,Teynampet,1856.0,5,4,16,1,Semi-Furnished,52702463.0,synthetic,2026-06-30,synthetic_listed_area,Multistorey Apartment,synthetic,synthetic://generator-v2
demo-02121,Velachery,1814.0,4,5,21,0,Semi-Furnished,16352212.0,synthetic,2026-06-30,synthetic_listed_area,Multistorey Apartment,synthetic,synthetic://generator-v2
demo-02122,Kundrathur,1630.0,3,3,20,2,Unfurnished,8032090.0,synthetic,2026-06-30,synthetic_listed_area,Multistorey Apartment,synthetic,synthetic://generator-v2
demo-02123,Navalur,2813.0,5,6,1,0,Unfurnished,24979122.0,synthetic,2026-06-30,synthetic_listed_area,Multistorey Apartment,synthetic,synthetic://generator-v2
demo-02124,Ramapuram,2667.0,5,4,10,0,Furnished,35542629.0,synthetic,2026-06-30,synthetic_listed_area,Multistorey Apartment,synthetic,synthetic://generator-v2
demo-02125,Karapakkam,1468.0,3,2,23,0,Furnished,14893242.0,synthetic,2026-06-30,synthetic_listed_area,Multistorey Apartment,synthetic,synthetic://generator-v2
demo-02126,Kilpauk,531.0,1,1,24,0,Semi-Furnished,6317328.0,synthetic,2026-06-30,synthetic_listed_area,Multistorey Apartment,synthetic,synthetic://generator-v2
demo-02127,Navalur,520.0,1,2,26,0,Furnished,4377152.0,synthetic,2026-06-30,synthetic_listed_area,Multistorey Apartment,synthetic,synthetic://generator-v2
demo-02128,Anna Nagar,1226.0,3,4,35,1,Furnished,16116691.0,synthetic,2026-06-30,synthetic_listed_area,Multistorey Apartment,synthetic,synthetic://generator-v2
demo-02129,Kilpauk,1463.0,3,4,24,1,Semi-Furnished,18741422.0,synthetic,2026-06-30,synthetic_listed_area,Multistorey Apartment,synthetic,synthetic://generator-v2
demo-02130,Ramapuram,543.0,1,1,20,0,Semi-Furnished,5479513.0,synthetic,2026-06-30,synthetic_listed_area,Multistorey Apartment,synthetic,synthetic://generator-v2
demo-02131,Velachery,429.0,1,2,11,2,Furnished,4983690.0,synthetic,2026-06-30,synthetic_listed_area,Multistorey Apartment,synthetic,synthetic://generator-v2
demo-02132,Koyambedu,2054.0,4,4,13,2,Semi-Furnished,28175321.0,synthetic,2026-06-30,synthetic_listed_area,Multistorey Apartment,synthetic,synthetic://generator-v2
demo-02133,Kodambakkam,1881.0,4,5,29,2,Furnished,22313599.0,synthetic,2026-06-30,synthetic_listed_area,Multistorey Apartment,synthetic,synthetic://generator-v2
demo-02134,Kovur,476.0,1,2,16,1,Furnished,3624998.0,synthetic,2026-06-30,synthetic_listed_area,Multistorey Apartment,synthetic,synthetic://generator-v2
demo-02135,Porur,1118.0,3,4,25,2,Unfurnished,7916222.0,synthetic,2026-06-30,synthetic_listed_area,Multistorey Apartment,synthetic,synthetic://generator-v2
demo-02136,Kundrathur,517.0,1,1,4,1,Semi-Furnished,2786942.0,synthetic,2026-06-30,synthetic_listed_area,Multistorey Apartment,synthetic,synthetic://generator-v2
demo-02137,Adyar,2266.0,4,4,4,1,Furnished,40842453.0,synthetic,2026-06-30,synthetic_listed_area,Multistorey Apartment,synthetic,synthetic://generator-v2
demo-02138,Kundrathur,1927.0,5,5,7,0,Furnished,11756879.0,synthetic,2026-06-30,synthetic_listed_area,Multistorey Apartment,synthetic,synthetic://generator-v2
demo-02139,Kodambakkam,2208.0,5,6,7,2,Semi-Furnished,30173161.0,synthetic,2026-06-30,synthetic_listed_area,Multistorey Apartment,synthetic,synthetic://generator-v2
demo-02140,Porur,1087.0,3,4,21,0,Furnished,6657851.0,synthetic,2026-06-30,synthetic_listed_area,Multistorey Apartment,synthetic,synthetic://generator-v2
demo-02141,Thiruporur,1430.0,4,5,22,1,Semi-Furnished,6236528.0,synthetic,2026-06-30,synthetic_listed_area,Multistorey Apartment,synthetic,synthetic://generator-v2
demo-02142,Velachery,2987.0,5,6,20,2,Semi-Furnished,26529468.0,synthetic,2026-06-30,synthetic_listed_area,Multistorey Apartment,synthetic,synthetic://generator-v2
demo-02143,Navalur,1893.0,4,5,10,0,Unfurnished,17423584.0,synthetic,2026-06-30,synthetic_listed_area,Multistorey Apartment,synthetic,synthetic://generator-v2
demo-02144,Kodambakkam,1317.0,3,4,20,1,Unfurnished,13257464.0,synthetic,2026-06-30,synthetic_listed_area,Multistorey Apartment,synthetic,synthetic://generator-v2
demo-02145,Kovur,1675.0,4,5,4,0,Furnished,11936675.0,synthetic,2026-06-30,synthetic_listed_area,Multistorey Apartment,synthetic,synthetic://generator-v2
demo-02146,Chromepet,1785.0,3,4,17,1,Furnished,10011349.0,synthetic,2026-06-30,synthetic_listed_area,Multistorey Apartment,synthetic,synthetic://generator-v2
demo-02147,Thoraipakkam,2065.0,5,4,5,1,Furnished,20488267.0,synthetic,2026-06-30,synthetic_listed_area,Multistorey Apartment,synthetic,synthetic://generator-v2
demo-02148,Thiruporur,1594.0,3,4,2,0,Furnished,6838593.0,synthetic,2026-06-30,synthetic_listed_area,Multistorey Apartment,synthetic,synthetic://generator-v2
demo-02149,Thiruporur,2105.0,5,5,5,2,Unfurnished,11578008.0,synthetic,2026-06-30,synthetic_listed_area,Multistorey Apartment,synthetic,synthetic://generator-v2
demo-02150,Kilpauk,368.0,1,2,4,1,Semi-Furnished,6094378.0,synthetic,2026-06-30,synthetic_listed_area,Multistorey Apartment,synthetic,synthetic://generator-v2
demo-02151,Kilpauk,521.0,1,1,17,1,Semi-Furnished,6975986.0,synthetic,2026-06-30,synthetic_listed_area,Multistorey Apartment,synthetic,synthetic://generator-v2
demo-02152,Thiruporur,350.0,1,1,19,2,Furnished,1160759.0,synthetic,2026-06-30,synthetic_listed_area,Multistorey Apartment,synthetic,synthetic://generator-v2
demo-02153,Kundrathur,1557.0,3,4,21,0,Semi-Furnished,6303641.0,synthetic,2026-06-30,synthetic_listed_area,Multistorey Apartment,synthetic,synthetic://generator-v2
demo-02154,Porur,1650.0,4,4,15,1,Furnished,11967873.0,synthetic,2026-06-30,synthetic_listed_area,Multistorey Apartment,synthetic,synthetic://generator-v2
demo-02155,Koyambedu,1073.0,2,3,6,2,Furnished,13742264.0,synthetic,2026-06-30,synthetic_listed_area,Multistorey Apartment,synthetic,synthetic://generator-v2
demo-02156,Kovur,542.0,1,1,0,1,Furnished,4021595.0,synthetic,2026-06-30,synthetic_listed_area,Multistorey Apartment,synthetic,synthetic://generator-v2
demo-02157,Navalur,2655.0,5,6,25,0,Furnished,14136315.0,synthetic,2026-06-30,synthetic_listed_area,Multistorey Apartment,synthetic,synthetic://generator-v2
demo-02158,Teynampet,1424.0,4,4,35,0,Furnished,33769634.0,synthetic,2026-06-30,synthetic_listed_area,Multistorey Apartment,synthetic,synthetic://generator-v2
demo-02159,Kilpauk,2104.0,4,5,10,2,Unfurnished,37219993.0,synthetic,2026-06-30,synthetic_listed_area,Multistorey Apartment,synthetic,synthetic://generator-v2
demo-02160,Teynampet,1793.0,3,2,7,2,Semi-Furnished,64707063.0,synthetic,2026-06-30,synthetic_listed_area,Multistorey Apartment,synthetic,synthetic://generator-v2
demo-02161,Karapakkam,1232.0,3,3,11,2,Semi-Furnished,9238902.0,synthetic,2026-06-30,synthetic_listed_area,Multistorey Apartment,synthetic,synthetic://generator-v2
demo-02162,Kodambakkam,419.0,1,1,7,0,Unfurnished,4906337.0,synthetic,2026-06-30,synthetic_listed_area,Multistorey Apartment,synthetic,synthetic://generator-v2
demo-02163,Thoraipakkam,553.0,1,1,8,2,Semi-Furnished,5365982.0,synthetic,2026-06-30,synthetic_listed_area,Multistorey Apartment,synthetic,synthetic://generator-v2
demo-02164,Velachery,1950.0,5,5,17,1,Semi-Furnished,18844017.0,synthetic,2026-06-30,synthetic_listed_area,Multistorey Apartment,synthetic,synthetic://generator-v2
demo-02165,Thoraipakkam,1030.0,2,2,28,2,Semi-Furnished,8285570.0,synthetic,2026-06-30,synthetic_listed_area,Multistorey Apartment,synthetic,synthetic://generator-v2
demo-02166,Kilpauk,2155.0,4,5,25,2,Unfurnished,37370658.0,synthetic,2026-06-30,synthetic_listed_area,Multistorey Apartment,synthetic,synthetic://generator-v2
demo-02167,Thiruporur,1437.0,4,5,34,0,Semi-Furnished,5097926.0,synthetic,2026-06-30,synthetic_listed_area,Multistorey Apartment,synthetic,synthetic://generator-v2
demo-02168,Thoraipakkam,977.0,2,2,12,2,Semi-Furnished,10137581.0,synthetic,2026-06-30,synthetic_listed_area,Multistorey Apartment,synthetic,synthetic://generator-v2
demo-02169,Velachery,988.0,2,2,17,1,Unfurnished,11239142.0,synthetic,2026-06-30,synthetic_listed_area,Multistorey Apartment,synthetic,synthetic://generator-v2
demo-02170,Adyar,1703.0,4,3,13,2,Semi-Furnished,31002123.0,synthetic,2026-06-30,synthetic_listed_area,Multistorey Apartment,synthetic,synthetic://generator-v2
demo-02171,Ramapuram,569.0,1,2,1,2,Unfurnished,7140904.0,synthetic,2026-06-30,synthetic_listed_area,Multistorey Apartment,synthetic,synthetic://generator-v2
demo-02172,Velachery,1172.0,3,4,13,0,Unfurnished,9929700.0,synthetic,2026-06-30,synthetic_listed_area,Multistorey Apartment,synthetic,synthetic://generator-v2
demo-02173,Ramapuram,2205.0,5,6,9,2,Semi-Furnished,21311291.0,synthetic,2026-06-30,synthetic_listed_area,Multistorey Apartment,synthetic,synthetic://generator-v2
demo-02174,Egmore,2249.0,4,4,17,0,Semi-Furnished,35831846.0,synthetic,2026-06-30,synthetic_listed_area,Multistorey Apartment,synthetic,synthetic://generator-v2
demo-02175,Ramapuram,1591.0,4,4,5,0,Furnished,25086865.0,synthetic,2026-06-30,synthetic_listed_area,Multistorey Apartment,synthetic,synthetic://generator-v2
demo-02176,Anna Nagar,555.0,1,2,26,0,Unfurnished,8175450.0,synthetic,2026-06-30,synthetic_listed_area,Multistorey Apartment,synthetic,synthetic://generator-v2
demo-02177,Koyambedu,370.0,1,2,30,0,Semi-Furnished,4198949.0,synthetic,2026-06-30,synthetic_listed_area,Multistorey Apartment,synthetic,synthetic://generator-v2
demo-02178,Navalur,945.0,2,1,34,2,Furnished,5796112.0,synthetic,2026-06-30,synthetic_listed_area,Multistorey Apartment,synthetic,synthetic://generator-v2
demo-02179,Kovur,738.0,2,2,3,0,Unfurnished,5748539.0,synthetic,2026-06-30,synthetic_listed_area,Multistorey Apartment,synthetic,synthetic://generator-v2
demo-02180,Porur,519.0,1,1,4,1,Furnished,3654061.0,synthetic,2026-06-30,synthetic_listed_area,Multistorey Apartment,synthetic,synthetic://generator-v2
demo-02181,Karapakkam,2738.0,5,5,34,1,Furnished,18551906.0,synthetic,2026-06-30,synthetic_listed_area,Multistorey Apartment,synthetic,synthetic://generator-v2
demo-02182,Navalur,562.0,1,1,30,2,Furnished,3742589.0,synthetic,2026-06-30,synthetic_listed_area,Multistorey Apartment,synthetic,synthetic://generator-v2
demo-02183,Navalur,2381.0,4,3,21,1,Furnished,22995319.0,synthetic,2026-06-30,synthetic_listed_area,Multistorey Apartment,synthetic,synthetic://generator-v2
demo-02184,Navalur,1554.0,3,3,11,1,Unfurnished,15047995.0,synthetic,2026-06-30,synthetic_listed_area,Multistorey Apartment,synthetic,synthetic://generator-v2
demo-02185,Karapakkam,2169.0,4,3,18,2,Semi-Furnished,18684000.0,synthetic,2026-06-30,synthetic_listed_area,Multistorey Apartment,synthetic,synthetic://generator-v2
demo-02186,Kilpauk,953.0,2,1,19,1,Furnished,13231689.0,synthetic,2026-06-30,synthetic_listed_area,Multistorey Apartment,synthetic,synthetic://generator-v2
demo-02187,Karapakkam,1156.0,2,1,30,2,Unfurnished,7650575.0,synthetic,2026-06-30,synthetic_listed_area,Multistorey Apartment,synthetic,synthetic://generator-v2
demo-02188,Kovur,2044.0,4,4,19,2,Semi-Furnished,13576593.0,synthetic,2026-06-30,synthetic_listed_area,Multistorey Apartment,synthetic,synthetic://generator-v2
demo-02189,Kundrathur,1142.0,2,2,0,2,Furnished,7344754.0,synthetic,2026-06-30,synthetic_listed_area,Multistorey Apartment,synthetic,synthetic://generator-v2
demo-02190,Kodambakkam,1635.0,4,4,25,0,Furnished,22040421.0,synthetic,2026-06-30,synthetic_listed_area,Multistorey Apartment,synthetic,synthetic://generator-v2
demo-02191,Kodambakkam,474.0,1,1,27,0,Semi-Furnished,6180734.0,synthetic,2026-06-30,synthetic_listed_area,Multistorey Apartment,synthetic,synthetic://generator-v2
demo-02192,Karapakkam,532.0,1,2,10,1,Furnished,5095132.0,synthetic,2026-06-30,synthetic_listed_area,Multistorey Apartment,synthetic,synthetic://generator-v2
demo-02193,Egmore,1603.0,4,4,4,1,Furnished,34324483.0,synthetic,2026-06-30,synthetic_listed_area,Multistorey Apartment,synthetic,synthetic://generator-v2
demo-02194,Porur,1611.0,4,4,5,0,Unfurnished,11347107.0,synthetic,2026-06-30,synthetic_listed_area,Multistorey Apartment,synthetic,synthetic://generator-v2
demo-02195,Teynampet,595.0,1,1,30,1,Unfurnished,15205124.0,synthetic,2026-06-30,synthetic_listed_area,Multistorey Apartment,synthetic,synthetic://generator-v2
demo-02196,Karapakkam,2293.0,5,5,16,0,Furnished,19865468.0,synthetic,2026-06-30,synthetic_listed_area,Multistorey Apartment,synthetic,synthetic://generator-v2
demo-02197,Thiruporur,395.0,1,1,19,0,Unfurnished,1602361.0,synthetic,2026-06-30,synthetic_listed_area,Multistorey Apartment,synthetic,synthetic://generator-v2
demo-02198,Kundrathur,2164.0,5,6,34,2,Unfurnished,10626035.0,synthetic,2026-06-30,synthetic_listed_area,Multistorey Apartment,synthetic,synthetic://generator-v2
demo-02199,Chromepet,1797.0,4,5,2,0,Semi-Furnished,11732480.0,synthetic,2026-06-30,synthetic_listed_area,Multistorey Apartment,synthetic,synthetic://generator-v2
demo-02200,Kodambakkam,2529.0,5,6,7,2,Furnished,40113267.0,synthetic,2026-06-30,synthetic_listed_area,Multistorey Apartment,synthetic,synthetic://generator-v2
demo-02201,Adyar,2904.0,5,5,29,1,Furnished,39278909.0,synthetic,2026-06-30,synthetic_listed_area,Multistorey Apartment,synthetic,synthetic://generator-v2
demo-02202,Adyar,1193.0,2,2,19,2,Unfurnished,17721570.0,synthetic,2026-06-30,synthetic_listed_area,Multistorey Apartment,synthetic,synthetic://generator-v2
demo-02203,Kilpauk,2052.0,4,3,0,0,Semi-Furnished,32528221.0,synthetic,2026-06-30,synthetic_listed_area,Multistorey Apartment,synthetic,synthetic://generator-v2
demo-02204,Kovur,1050.0,2,2,25,2,Furnished,5682893.0,synthetic,2026-06-30,synthetic_listed_area,Multistorey Apartment,synthetic,synthetic://generator-v2
demo-02205,Teynampet,1291.0,3,4,4,1,Unfurnished,35006562.0,synthetic,2026-06-30,synthetic_listed_area,Multistorey Apartment,synthetic,synthetic://generator-v2
demo-02206,Chromepet,1129.0,2,1,28,2,Semi-Furnished,6013027.0,synthetic,2026-06-30,synthetic_listed_area,Multistorey Apartment,synthetic,synthetic://generator-v2
demo-02207,Thiruporur,1213.0,3,4,28,0,Semi-Furnished,5290822.0,synthetic,2026-06-30,synthetic_listed_area,Multistorey Apartment,synthetic,synthetic://generator-v2
demo-02208,Egmore,1883.0,5,6,29,2,Furnished,32658136.0,synthetic,2026-06-30,synthetic_listed_area,Multistorey Apartment,synthetic,synthetic://generator-v2
demo-02209,Chromepet,1780.0,3,3,16,0,Furnished,12363359.0,synthetic,2026-06-30,synthetic_listed_area,Multistorey Apartment,synthetic,synthetic://generator-v2
demo-02210,Porur,566.0,1,1,9,1,Furnished,4774300.0,synthetic,2026-06-30,synthetic_listed_area,Multistorey Apartment,synthetic,synthetic://generator-v2
demo-02211,Teynampet,852.0,2,3,31,0,Unfurnished,18471062.0,synthetic,2026-06-30,synthetic_listed_area,Multistorey Apartment,synthetic,synthetic://generator-v2
demo-02212,Navalur,2075.0,4,3,20,2,Semi-Furnished,15658762.0,synthetic,2026-06-30,synthetic_listed_area,Multistorey Apartment,synthetic,synthetic://generator-v2
demo-02213,Anna Nagar,1400.0,3,2,22,1,Furnished,23218000.0,synthetic,2026-06-30,synthetic_listed_area,Multistorey Apartment,synthetic,synthetic://generator-v2
demo-02214,Anna Nagar,1292.0,3,2,4,2,Semi-Furnished,25380058.0,synthetic,2026-06-30,synthetic_listed_area,Multistorey Apartment,synthetic,synthetic://generator-v2
demo-02215,Kodambakkam,1265.0,3,4,22,1,Furnished,15728350.0,synthetic,2026-06-30,synthetic_listed_area,Multistorey Apartment,synthetic,synthetic://generator-v2
demo-02216,Kovur,768.0,2,2,20,0,Semi-Furnished,3904589.0,synthetic,2026-06-30,synthetic_listed_area,Multistorey Apartment,synthetic,synthetic://generator-v2
demo-02217,Velachery,1462.0,3,2,10,1,Semi-Furnished,11645425.0,synthetic,2026-06-30,synthetic_listed_area,Multistorey Apartment,synthetic,synthetic://generator-v2
demo-02218,Karapakkam,1847.0,4,3,27,1,Unfurnished,14544184.0,synthetic,2026-06-30,synthetic_listed_area,Multistorey Apartment,synthetic,synthetic://generator-v2
demo-02219,Egmore,2390.0,5,5,4,0,Furnished,34503631.0,synthetic,2026-06-30,synthetic_listed_area,Multistorey Apartment,synthetic,synthetic://generator-v2
demo-02220,Velachery,1615.0,4,4,25,2,Furnished,19281014.0,synthetic,2026-06-30,synthetic_listed_area,Multistorey Apartment,synthetic,synthetic://generator-v2
demo-02221,Chromepet,2923.0,5,4,34,2,Furnished,17540453.0,synthetic,2026-06-30,synthetic_listed_area,Multistorey Apartment,synthetic,synthetic://generator-v2
demo-02222,Adyar,2548.0,5,4,20,1,Unfurnished,39033588.0,synthetic,2026-06-30,synthetic_listed_area,Multistorey Apartment,synthetic,synthetic://generator-v2
demo-02223,Kovur,575.0,1,2,3,1,Unfurnished,3506629.0,synthetic,2026-06-30,synthetic_listed_area,Multistorey Apartment,synthetic,synthetic://generator-v2
demo-02224,Kodambakkam,755.0,2,3,19,2,Unfurnished,10688955.0,synthetic,2026-06-30,synthetic_listed_area,Multistorey Apartment,synthetic,synthetic://generator-v2
demo-02225,Navalur,1011.0,2,1,19,2,Unfurnished,6371618.0,synthetic,2026-06-30,synthetic_listed_area,Multistorey Apartment,synthetic,synthetic://generator-v2
demo-02226,Thiruporur,562.0,1,1,19,0,Unfurnished,1881361.0,synthetic,2026-06-30,synthetic_listed_area,Multistorey Apartment,synthetic,synthetic://generator-v2
demo-02227,Thoraipakkam,433.0,1,1,9,1,Unfurnished,4042796.0,synthetic,2026-06-30,synthetic_listed_area,Multistorey Apartment,synthetic,synthetic://generator-v2
demo-02228,Karapakkam,1595.0,4,4,22,2,Furnished,14891152.0,synthetic,2026-06-30,synthetic_listed_area,Multistorey Apartment,synthetic,synthetic://generator-v2
demo-02229,Velachery,833.0,2,1,9,2,Unfurnished,8992621.0,synthetic,2026-06-30,synthetic_listed_area,Multistorey Apartment,synthetic,synthetic://generator-v2
demo-02230,Navalur,418.0,1,2,20,1,Semi-Furnished,3555372.0,synthetic,2026-06-30,synthetic_listed_area,Multistorey Apartment,synthetic,synthetic://generator-v2
demo-02231,Anna Nagar,924.0,2,3,21,2,Semi-Furnished,15806690.0,synthetic,2026-06-30,synthetic_listed_area,Multistorey Apartment,synthetic,synthetic://generator-v2
demo-02232,Thoraipakkam,863.0,2,3,23,1,Semi-Furnished,8275399.0,synthetic,2026-06-30,synthetic_listed_area,Multistorey Apartment,synthetic,synthetic://generator-v2
demo-02233,Chromepet,418.0,1,1,28,1,Furnished,2714729.0,synthetic,2026-06-30,synthetic_listed_area,Multistorey Apartment,synthetic,synthetic://generator-v2
demo-02234,Navalur,512.0,1,2,31,1,Unfurnished,3086463.0,synthetic,2026-06-30,synthetic_listed_area,Multistorey Apartment,synthetic,synthetic://generator-v2
demo-02235,Teynampet,1453.0,4,4,27,2,Furnished,30172430.0,synthetic,2026-06-30,synthetic_listed_area,Multistorey Apartment,synthetic,synthetic://generator-v2
demo-02236,Karapakkam,2175.0,5,4,28,2,Furnished,17581439.0,synthetic,2026-06-30,synthetic_listed_area,Multistorey Apartment,synthetic,synthetic://generator-v2
demo-02237,Karapakkam,1567.0,3,2,31,0,Unfurnished,11071910.0,synthetic,2026-06-30,synthetic_listed_area,Multistorey Apartment,synthetic,synthetic://generator-v2
demo-02238,Koyambedu,1576.0,4,5,8,0,Furnished,19204193.0,synthetic,2026-06-30,synthetic_listed_area,Multistorey Apartment,synthetic,synthetic://generator-v2
demo-02239,Thoraipakkam,2026.0,5,6,10,1,Semi-Furnished,18781490.0,synthetic,2026-06-30,synthetic_listed_area,Multistorey Apartment,synthetic,synthetic://generator-v2
demo-02240,Egmore,2001.0,5,6,19,2,Furnished,34411857.0,synthetic,2026-06-30,synthetic_listed_area,Multistorey Apartment,synthetic,synthetic://generator-v2
demo-02241,Porur,350.0,1,1,16,1,Unfurnished,2759283.0,synthetic,2026-06-30,synthetic_listed_area,Multistorey Apartment,synthetic,synthetic://generator-v2
demo-02242,Kovur,2342.0,5,5,25,1,Unfurnished,17677334.0,synthetic,2026-06-30,synthetic_listed_area,Multistorey Apartment,synthetic,synthetic://generator-v2
demo-02243,Anna Nagar,360.0,1,2,0,0,Semi-Furnished,4800326.0,synthetic,2026-06-30,synthetic_listed_area,Multistorey Apartment,synthetic,synthetic://generator-v2
demo-02244,Ramapuram,418.0,1,1,5,0,Furnished,4195428.0,synthetic,2026-06-30,synthetic_listed_area,Multistorey Apartment,synthetic,synthetic://generator-v2
demo-02245,Thiruporur,1796.0,3,2,26,2,Unfurnished,6112233.0,synthetic,2026-06-30,synthetic_listed_area,Multistorey Apartment,synthetic,synthetic://generator-v2
demo-02246,Kundrathur,2318.0,4,3,29,1,Furnished,12927991.0,synthetic,2026-06-30,synthetic_listed_area,Multistorey Apartment,synthetic,synthetic://generator-v2
demo-02247,Chromepet,404.0,1,1,10,2,Furnished,2583938.0,synthetic,2026-06-30,synthetic_listed_area,Multistorey Apartment,synthetic,synthetic://generator-v2
demo-02248,Chromepet,855.0,2,3,11,0,Semi-Furnished,4728036.0,synthetic,2026-06-30,synthetic_listed_area,Multistorey Apartment,synthetic,synthetic://generator-v2
demo-02249,Kovur,932.0,2,1,20,0,Furnished,6672852.0,synthetic,2026-06-30,synthetic_listed_area,Multistorey Apartment,synthetic,synthetic://generator-v2
demo-02250,Koyambedu,1122.0,2,1,17,2,Furnished,16360020.0,synthetic,2026-06-30,synthetic_listed_area,Multistorey Apartment,synthetic,synthetic://generator-v2
demo-02251,Kundrathur,2753.0,5,4,6,2,Unfurnished,15617562.0,synthetic,2026-06-30,synthetic_listed_area,Multistorey Apartment,synthetic,synthetic://generator-v2
demo-02252,Karapakkam,763.0,2,3,18,2,Furnished,6491258.0,synthetic,2026-06-30,synthetic_listed_area,Multistorey Apartment,synthetic,synthetic://generator-v2
demo-02253,Koyambedu,762.0,2,2,29,0,Furnished,9013510.0,synthetic,2026-06-30,synthetic_listed_area,Multistorey Apartment,synthetic,synthetic://generator-v2
demo-02254,Kilpauk,454.0,1,2,26,2,Unfurnished,6094690.0,synthetic,2026-06-30,synthetic_listed_area,Multistorey Apartment,synthetic,synthetic://generator-v2
demo-02255,Porur,568.0,1,1,29,1,Semi-Furnished,3748011.0,synthetic,2026-06-30,synthetic_listed_area,Multistorey Apartment,synthetic,synthetic://generator-v2
demo-02256,Teynampet,571.0,1,1,23,2,Semi-Furnished,13957719.0,synthetic,2026-06-30,synthetic_listed_area,Multistorey Apartment,synthetic,synthetic://generator-v2
demo-02257,Porur,1131.0,3,4,31,2,Furnished,9029895.0,synthetic,2026-06-30,synthetic_listed_area,Multistorey Apartment,synthetic,synthetic://generator-v2
demo-02258,Adyar,1481.0,3,4,8,1,Furnished,29398759.0,synthetic,2026-06-30,synthetic_listed_area,Multistorey Apartment,synthetic,synthetic://generator-v2
demo-02259,Velachery,1167.0,3,3,1,0,Semi-Furnished,13908495.0,synthetic,2026-06-30,synthetic_listed_area,Multistorey Apartment,synthetic,synthetic://generator-v2
demo-02260,Adyar,2608.0,5,4,4,2,Unfurnished,58794983.0,synthetic,2026-06-30,synthetic_listed_area,Multistorey Apartment,synthetic,synthetic://generator-v2
demo-02261,Velachery,1737.0,3,2,35,1,Unfurnished,15033023.0,synthetic,2026-06-30,synthetic_listed_area,Multistorey Apartment,synthetic,synthetic://generator-v2
demo-02262,Adyar,464.0,1,1,23,1,Unfurnished,7078328.0,synthetic,2026-06-30,synthetic_listed_area,Multistorey Apartment,synthetic,synthetic://generator-v2
demo-02263,Koyambedu,742.0,2,2,8,1,Semi-Furnished,11047823.0,synthetic,2026-06-30,synthetic_listed_area,Multistorey Apartment,synthetic,synthetic://generator-v2
demo-02264,Anna Nagar,990.0,2,1,30,2,Furnished,15273454.0,synthetic,2026-06-30,synthetic_listed_area,Multistorey Apartment,synthetic,synthetic://generator-v2
demo-02265,Anna Nagar,2261.0,5,4,11,0,Unfurnished,47792809.0,synthetic,2026-06-30,synthetic_listed_area,Multistorey Apartment,synthetic,synthetic://generator-v2
demo-02266,Porur,1105.0,2,2,21,2,Furnished,8735101.0,synthetic,2026-06-30,synthetic_listed_area,Multistorey Apartment,synthetic,synthetic://generator-v2
demo-02267,Ramapuram,435.0,1,1,8,1,Semi-Furnished,5441012.0,synthetic,2026-06-30,synthetic_listed_area,Multistorey Apartment,synthetic,synthetic://generator-v2
demo-02268,Chromepet,2275.0,4,4,3,0,Unfurnished,14806010.0,synthetic,2026-06-30,synthetic_listed_area,Multistorey Apartment,synthetic,synthetic://generator-v2
demo-02269,Velachery,1255.0,3,2,9,0,Unfurnished,11901627.0,synthetic,2026-06-30,synthetic_listed_area,Multistorey Apartment,synthetic,synthetic://generator-v2
demo-02270,Kilpauk,389.0,1,1,8,1,Unfurnished,5798400.0,synthetic,2026-06-30,synthetic_listed_area,Multistorey Apartment,synthetic,synthetic://generator-v2
demo-02271,Kilpauk,1706.0,4,3,19,2,Furnished,27352394.0,synthetic,2026-06-30,synthetic_listed_area,Multistorey Apartment,synthetic,synthetic://generator-v2
demo-02272,Kilpauk,717.0,2,2,0,1,Unfurnished,12509324.0,synthetic,2026-06-30,synthetic_listed_area,Multistorey Apartment,synthetic,synthetic://generator-v2
demo-02273,Kovur,2102.0,5,4,8,0,Furnished,17326797.0,synthetic,2026-06-30,synthetic_listed_area,Multistorey Apartment,synthetic,synthetic://generator-v2
demo-02274,Egmore,2575.0,5,5,20,1,Semi-Furnished,46094724.0,synthetic,2026-06-30,synthetic_listed_area,Multistorey Apartment,synthetic,synthetic://generator-v2
demo-02275,Kovur,771.0,2,3,14,0,Unfurnished,4650860.0,synthetic,2026-06-30,synthetic_listed_area,Multistorey Apartment,synthetic,synthetic://generator-v2
demo-02276,Egmore,1134.0,3,4,22,0,Unfurnished,17653933.0,synthetic,2026-06-30,synthetic_listed_area,Multistorey Apartment,synthetic,synthetic://generator-v2
demo-02277,Adyar,1149.0,3,4,23,2,Semi-Furnished,16455515.0,synthetic,2026-06-30,synthetic_listed_area,Multistorey Apartment,synthetic,synthetic://generator-v2
demo-02278,Kodambakkam,1478.0,4,5,34,2,Semi-Furnished,20973099.0,synthetic,2026-06-30,synthetic_listed_area,Multistorey Apartment,synthetic,synthetic://generator-v2
demo-02279,Porur,569.0,1,2,30,0,Furnished,3647213.0,synthetic,2026-06-30,synthetic_listed_area,Multistorey Apartment,synthetic,synthetic://generator-v2
demo-02280,Ramapuram,1172.0,2,3,8,1,Semi-Furnished,15182656.0,synthetic,2026-06-30,synthetic_listed_area,Multistorey Apartment,synthetic,synthetic://generator-v2
demo-02281,Kodambakkam,362.0,1,1,24,1,Unfurnished,4408055.0,synthetic,2026-06-30,synthetic_listed_area,Multistorey Apartment,synthetic,synthetic://generator-v2
demo-02282,Kilpauk,2160.0,4,4,22,1,Unfurnished,31405852.0,synthetic,2026-06-30,synthetic_listed_area,Multistorey Apartment,synthetic,synthetic://generator-v2
demo-02283,Teynampet,534.0,1,2,21,2,Semi-Furnished,13934714.0,synthetic,2026-06-30,synthetic_listed_area,Multistorey Apartment,synthetic,synthetic://generator-v2
demo-02284,Porur,1798.0,3,4,28,0,Semi-Furnished,10929350.0,synthetic,2026-06-30,synthetic_listed_area,Multistorey Apartment,synthetic,synthetic://generator-v2
demo-02285,Thiruporur,1748.0,4,4,5,2,Furnished,7150490.0,synthetic,2026-06-30,synthetic_listed_area,Multistorey Apartment,synthetic,synthetic://generator-v2
demo-02286,Thoraipakkam,2107.0,5,4,13,1,Furnished,28092222.0,synthetic,2026-06-30,synthetic_listed_area,Multistorey Apartment,synthetic,synthetic://generator-v2
demo-02287,Teynampet,927.0,2,1,29,0,Semi-Furnished,22737693.0,synthetic,2026-06-30,synthetic_listed_area,Multistorey Apartment,synthetic,synthetic://generator-v2
demo-02288,Thoraipakkam,564.0,1,1,32,2,Semi-Furnished,5984129.0,synthetic,2026-06-30,synthetic_listed_area,Multistorey Apartment,synthetic,synthetic://generator-v2
demo-02289,Kovur,2129.0,4,5,1,2,Furnished,19687518.0,synthetic,2026-06-30,synthetic_listed_area,Multistorey Apartment,synthetic,synthetic://generator-v2
demo-02290,Kodambakkam,468.0,1,1,16,1,Unfurnished,5511826.0,synthetic,2026-06-30,synthetic_listed_area,Multistorey Apartment,synthetic,synthetic://generator-v2
demo-02291,Kilpauk,411.0,1,1,9,2,Semi-Furnished,6939950.0,synthetic,2026-06-30,synthetic_listed_area,Multistorey Apartment,synthetic,synthetic://generator-v2
demo-02292,Egmore,2659.0,5,6,6,0,Unfurnished,48593992.0,synthetic,2026-06-30,synthetic_listed_area,Multistorey Apartment,synthetic,synthetic://generator-v2
demo-02293,Ramapuram,2818.0,5,5,2,1,Semi-Furnished,28883324.0,synthetic,2026-06-30,synthetic_listed_area,Multistorey Apartment,synthetic,synthetic://generator-v2
demo-02294,Ramapuram,1800.0,4,4,19,1,Furnished,19246882.0,synthetic,2026-06-30,synthetic_listed_area,Multistorey Apartment,synthetic,synthetic://generator-v2
demo-02295,Teynampet,2586.0,5,6,24,2,Unfurnished,70633105.0,synthetic,2026-06-30,synthetic_listed_area,Multistorey Apartment,synthetic,synthetic://generator-v2
demo-02296,Chromepet,450.0,1,1,19,1,Unfurnished,2405882.0,synthetic,2026-06-30,synthetic_listed_area,Multistorey Apartment,synthetic,synthetic://generator-v2
demo-02297,Koyambedu,470.0,1,1,13,2,Unfurnished,5618950.0,synthetic,2026-06-30,synthetic_listed_area,Multistorey Apartment,synthetic,synthetic://generator-v2
demo-02298,Egmore,962.0,2,3,27,0,Unfurnished,14752608.0,synthetic,2026-06-30,synthetic_listed_area,Multistorey Apartment,synthetic,synthetic://generator-v2
demo-02299,Thoraipakkam,544.0,1,1,23,1,Unfurnished,6694055.0,synthetic,2026-06-30,synthetic_listed_area,Multistorey Apartment,synthetic,synthetic://generator-v2
demo-02300,Karapakkam,2972.0,5,5,32,0,Furnished,19372817.0,synthetic,2026-06-30,synthetic_listed_area,Multistorey Apartment,synthetic,synthetic://generator-v2
demo-02301,Chromepet,461.0,1,1,12,1,Furnished,3130380.0,synthetic,2026-06-30,synthetic_listed_area,Multistorey Apartment,synthetic,synthetic://generator-v2
demo-02302,Kundrathur,1307.0,3,4,8,0,Semi-Furnished,7014251.0,synthetic,2026-06-30,synthetic_listed_area,Multistorey Apartment,synthetic,synthetic://generator-v2
demo-02303,Thiruporur,2217.0,5,4,16,2,Furnished,8762559.0,synthetic,2026-06-30,synthetic_listed_area,Multistorey Apartment,synthetic,synthetic://generator-v2
demo-02304,Thoraipakkam,1534.0,4,3,18,0,Furnished,14943583.0,synthetic,2026-06-30,synthetic_listed_area,Multistorey Apartment,synthetic,synthetic://generator-v2
demo-02305,Anna Nagar,848.0,2,3,16,2,Furnished,14813138.0,synthetic,2026-06-30,synthetic_listed_area,Multistorey Apartment,synthetic,synthetic://generator-v2
demo-02306,Kilpauk,1115.0,3,3,29,2,Furnished,17627204.0,synthetic,2026-06-30,synthetic_listed_area,Multistorey Apartment,synthetic,synthetic://generator-v2
demo-02307,Chromepet,1371.0,3,2,1,1,Unfurnished,9088598.0,synthetic,2026-06-30,synthetic_listed_area,Multistorey Apartment,synthetic,synthetic://generator-v2
demo-02308,Kilpauk,1567.0,4,4,18,2,Semi-Furnished,27102344.0,synthetic,2026-06-30,synthetic_listed_area,Multistorey Apartment,synthetic,synthetic://generator-v2
demo-02309,Kundrathur,1310.0,3,2,15,2,Semi-Furnished,8458053.0,synthetic,2026-06-30,synthetic_listed_area,Multistorey Apartment,synthetic,synthetic://generator-v2
demo-02310,Karapakkam,1097.0,2,2,7,0,Semi-Furnished,11608878.0,synthetic,2026-06-30,synthetic_listed_area,Multistorey Apartment,synthetic,synthetic://generator-v2
demo-02311,Anna Nagar,1646.0,4,3,23,2,Furnished,23382158.0,synthetic,2026-06-30,synthetic_listed_area,Multistorey Apartment,synthetic,synthetic://generator-v2
demo-02312,Koyambedu,2515.0,5,5,28,1,Unfurnished,29575526.0,synthetic,2026-06-30,synthetic_listed_area,Multistorey Apartment,synthetic,synthetic://generator-v2
demo-02313,Adyar,1726.0,3,4,19,2,Furnished,33363189.0,synthetic,2026-06-30,synthetic_listed_area,Multistorey Apartment,synthetic,synthetic://generator-v2
demo-02314,Egmore,492.0,1,1,3,2,Furnished,9037565.0,synthetic,2026-06-30,synthetic_listed_area,Multistorey Apartment,synthetic,synthetic://generator-v2
demo-02315,Adyar,1195.0,3,4,2,2,Unfurnished,18725189.0,synthetic,2026-06-30,synthetic_listed_area,Multistorey Apartment,synthetic,synthetic://generator-v2
demo-02316,Anna Nagar,2181.0,5,4,15,1,Semi-Furnished,25647673.0,synthetic,2026-06-30,synthetic_listed_area,Multistorey Apartment,synthetic,synthetic://generator-v2
demo-02317,Kovur,2488.0,5,5,24,0,Furnished,15924438.0,synthetic,2026-06-30,synthetic_listed_area,Multistorey Apartment,synthetic,synthetic://generator-v2
demo-02318,Thiruporur,1430.0,3,4,11,0,Unfurnished,6007675.0,synthetic,2026-06-30,synthetic_listed_area,Multistorey Apartment,synthetic,synthetic://generator-v2
demo-02319,Teynampet,387.0,1,2,11,0,Unfurnished,8873316.0,synthetic,2026-06-30,synthetic_listed_area,Multistorey Apartment,synthetic,synthetic://generator-v2
demo-02320,Anna Nagar,1385.0,3,2,30,2,Furnished,23041905.0,synthetic,2026-06-30,synthetic_listed_area,Multistorey Apartment,synthetic,synthetic://generator-v2
demo-02321,Adyar,2429.0,5,4,0,1,Unfurnished,47418787.0,synthetic,2026-06-30,synthetic_listed_area,Multistorey Apartment,synthetic,synthetic://generator-v2
demo-02322,Kilpauk,2084.0,5,6,2,1,Furnished,42398749.0,synthetic,2026-06-30,synthetic_listed_area,Multistorey Apartment,synthetic,synthetic://generator-v2
demo-02323,Porur,503.0,1,2,5,1,Furnished,4402600.0,synthetic,2026-06-30,synthetic_listed_area,Multistorey Apartment,synthetic,synthetic://generator-v2
demo-02324,Ramapuram,735.0,2,2,35,0,Semi-Furnished,5942718.0,synthetic,2026-06-30,synthetic_listed_area,Multistorey Apartment,synthetic,synthetic://generator-v2
demo-02325,Teynampet,1302.0,3,2,17,1,Semi-Furnished,36984130.0,synthetic,2026-06-30,synthetic_listed_area,Multistorey Apartment,synthetic,synthetic://generator-v2
demo-02326,Kilpauk,551.0,1,1,5,1,Semi-Furnished,9703579.0,synthetic,2026-06-30,synthetic_listed_area,Multistorey Apartment,synthetic,synthetic://generator-v2
demo-02327,Chromepet,2074.0,5,5,11,2,Semi-Furnished,12165281.0,synthetic,2026-06-30,synthetic_listed_area,Multistorey Apartment,synthetic,synthetic://generator-v2
demo-02328,Adyar,501.0,1,1,34,0,Semi-Furnished,6309959.0,synthetic,2026-06-30,synthetic_listed_area,Multistorey Apartment,synthetic,synthetic://generator-v2
demo-02329,Chromepet,1810.0,4,3,24,2,Semi-Furnished,10545121.0,synthetic,2026-06-30,synthetic_listed_area,Multistorey Apartment,synthetic,synthetic://generator-v2
demo-02330,Anna Nagar,2146.0,5,4,8,0,Furnished,30788032.0,synthetic,2026-06-30,synthetic_listed_area,Multistorey Apartment,synthetic,synthetic://generator-v2
demo-02331,Thiruporur,2316.0,4,5,8,1,Furnished,11955305.0,synthetic,2026-06-30,synthetic_listed_area,Multistorey Apartment,synthetic,synthetic://generator-v2
demo-02332,Karapakkam,1743.0,4,3,2,1,Furnished,17179846.0,synthetic,2026-06-30,synthetic_listed_area,Multistorey Apartment,synthetic,synthetic://generator-v2
demo-02333,Teynampet,818.0,2,3,27,2,Unfurnished,25363623.0,synthetic,2026-06-30,synthetic_listed_area,Multistorey Apartment,synthetic,synthetic://generator-v2
demo-02334,Kundrathur,2887.0,5,5,4,1,Unfurnished,12406504.0,synthetic,2026-06-30,synthetic_listed_area,Multistorey Apartment,synthetic,synthetic://generator-v2
demo-02335,Kundrathur,1609.0,3,3,10,0,Furnished,9274604.0,synthetic,2026-06-30,synthetic_listed_area,Multistorey Apartment,synthetic,synthetic://generator-v2
demo-02336,Kovur,520.0,1,2,12,1,Semi-Furnished,4246899.0,synthetic,2026-06-30,synthetic_listed_area,Multistorey Apartment,synthetic,synthetic://generator-v2
demo-02337,Teynampet,725.0,2,1,22,1,Semi-Furnished,16687962.0,synthetic,2026-06-30,synthetic_listed_area,Multistorey Apartment,synthetic,synthetic://generator-v2
demo-02338,Adyar,766.0,2,3,21,1,Unfurnished,12397332.0,synthetic,2026-06-30,synthetic_listed_area,Multistorey Apartment,synthetic,synthetic://generator-v2
demo-02339,Anna Nagar,1529.0,3,2,28,0,Unfurnished,19411186.0,synthetic,2026-06-30,synthetic_listed_area,Multistorey Apartment,synthetic,synthetic://generator-v2
demo-02340,Kovur,805.0,2,2,10,0,Unfurnished,4852489.0,synthetic,2026-06-30,synthetic_listed_area,Multistorey Apartment,synthetic,synthetic://generator-v2
demo-02341,Kodambakkam,1219.0,3,3,13,1,Semi-Furnished,16369581.0,synthetic,2026-06-30,synthetic_listed_area,Multistorey Apartment,synthetic,synthetic://generator-v2
demo-02342,Kundrathur,1634.0,3,3,13,0,Semi-Furnished,7394746.0,synthetic,2026-06-30,synthetic_listed_area,Multistorey Apartment,synthetic,synthetic://generator-v2
demo-02343,Ramapuram,843.0,2,1,1,1,Semi-Furnished,9968803.0,synthetic,2026-06-30,synthetic_listed_area,Multistorey Apartment,synthetic,synthetic://generator-v2
demo-02344,Kundrathur,1472.0,4,5,26,0,Unfurnished,7507067.0,synthetic,2026-06-30,synthetic_listed_area,Multistorey Apartment,synthetic,synthetic://generator-v2
demo-02345,Karapakkam,718.0,2,1,19,2,Unfurnished,6176886.0,synthetic,2026-06-30,synthetic_listed_area,Multistorey Apartment,synthetic,synthetic://generator-v2
demo-02346,Kilpauk,1843.0,4,4,17,0,Furnished,24428953.0,synthetic,2026-06-30,synthetic_listed_area,Multistorey Apartment,synthetic,synthetic://generator-v2
demo-02347,Ramapuram,1009.0,2,2,35,1,Semi-Furnished,10908678.0,synthetic,2026-06-30,synthetic_listed_area,Multistorey Apartment,synthetic,synthetic://generator-v2
demo-02348,Egmore,2836.0,5,5,6,2,Unfurnished,58734448.0,synthetic,2026-06-30,synthetic_listed_area,Multistorey Apartment,synthetic,synthetic://generator-v2
demo-02349,Koyambedu,755.0,2,2,34,1,Semi-Furnished,7149233.0,synthetic,2026-06-30,synthetic_listed_area,Multistorey Apartment,synthetic,synthetic://generator-v2
demo-02350,Kundrathur,399.0,1,2,24,0,Semi-Furnished,1672159.0,synthetic,2026-06-30,synthetic_listed_area,Multistorey Apartment,synthetic,synthetic://generator-v2
demo-02351,Ramapuram,482.0,1,2,7,0,Semi-Furnished,4812003.0,synthetic,2026-06-30,synthetic_listed_area,Multistorey Apartment,synthetic,synthetic://generator-v2
demo-02352,Ramapuram,2205.0,5,4,24,1,Unfurnished,23577381.0,synthetic,2026-06-30,synthetic_listed_area,Multistorey Apartment,synthetic,synthetic://generator-v2
demo-02353,Kovur,2353.0,5,5,27,0,Furnished,15147116.0,synthetic,2026-06-30,synthetic_listed_area,Multistorey Apartment,synthetic,synthetic://generator-v2
demo-02354,Kilpauk,1162.0,2,2,13,2,Unfurnished,19516384.0,synthetic,2026-06-30,synthetic_listed_area,Multistorey Apartment,synthetic,synthetic://generator-v2
demo-02355,Kodambakkam,1945.0,4,4,12,2,Furnished,25750536.0,synthetic,2026-06-30,synthetic_listed_area,Multistorey Apartment,synthetic,synthetic://generator-v2
demo-02356,Kodambakkam,1361.0,3,4,30,2,Semi-Furnished,14190848.0,synthetic,2026-06-30,synthetic_listed_area,Multistorey Apartment,synthetic,synthetic://generator-v2
demo-02357,Egmore,597.0,1,1,5,2,Semi-Furnished,13082955.0,synthetic,2026-06-30,synthetic_listed_area,Multistorey Apartment,synthetic,synthetic://generator-v2
demo-02358,Navalur,1099.0,3,3,0,1,Semi-Furnished,8568894.0,synthetic,2026-06-30,synthetic_listed_area,Multistorey Apartment,synthetic,synthetic://generator-v2
demo-02359,Egmore,2332.0,4,3,23,0,Semi-Furnished,39514824.0,synthetic,2026-06-30,synthetic_listed_area,Multistorey Apartment,synthetic,synthetic://generator-v2
demo-02360,Porur,2377.0,5,5,32,1,Semi-Furnished,12955750.0,synthetic,2026-06-30,synthetic_listed_area,Multistorey Apartment,synthetic,synthetic://generator-v2
demo-02361,Ramapuram,2380.0,5,5,18,0,Semi-Furnished,23120044.0,synthetic,2026-06-30,synthetic_listed_area,Multistorey Apartment,synthetic,synthetic://generator-v2
demo-02362,Velachery,580.0,1,1,4,2,Unfurnished,6820390.0,synthetic,2026-06-30,synthetic_listed_area,Multistorey Apartment,synthetic,synthetic://generator-v2
demo-02363,Chromepet,954.0,2,3,19,1,Semi-Furnished,5083961.0,synthetic,2026-06-30,synthetic_listed_area,Multistorey Apartment,synthetic,synthetic://generator-v2
demo-02364,Ramapuram,1379.0,3,2,9,1,Unfurnished,16961039.0,synthetic,2026-06-30,synthetic_listed_area,Multistorey Apartment,synthetic,synthetic://generator-v2
demo-02365,Anna Nagar,418.0,1,1,29,2,Unfurnished,4251721.0,synthetic,2026-06-30,synthetic_listed_area,Multistorey Apartment,synthetic,synthetic://generator-v2
demo-02366,Kilpauk,1544.0,3,3,22,1,Furnished,21307443.0,synthetic,2026-06-30,synthetic_listed_area,Multistorey Apartment,synthetic,synthetic://generator-v2
demo-02367,Chromepet,492.0,1,1,12,1,Unfurnished,2882752.0,synthetic,2026-06-30,synthetic_listed_area,Multistorey Apartment,synthetic,synthetic://generator-v2
demo-02368,Chromepet,404.0,1,2,22,0,Semi-Furnished,2850481.0,synthetic,2026-06-30,synthetic_listed_area,Multistorey Apartment,synthetic,synthetic://generator-v2
demo-02369,Chromepet,527.0,1,2,24,0,Unfurnished,2449209.0,synthetic,2026-06-30,synthetic_listed_area,Multistorey Apartment,synthetic,synthetic://generator-v2
demo-02370,Adyar,1022.0,2,2,24,0,Semi-Furnished,18169441.0,synthetic,2026-06-30,synthetic_listed_area,Multistorey Apartment,synthetic,synthetic://generator-v2
demo-02371,Teynampet,1797.0,4,4,13,1,Semi-Furnished,56742900.0,synthetic,2026-06-30,synthetic_listed_area,Multistorey Apartment,synthetic,synthetic://generator-v2
demo-02372,Anna Nagar,351.0,1,1,20,2,Unfurnished,4687350.0,synthetic,2026-06-30,synthetic_listed_area,Multistorey Apartment,synthetic,synthetic://generator-v2
demo-02373,Kodambakkam,2308.0,5,5,1,0,Furnished,31639813.0,synthetic,2026-06-30,synthetic_listed_area,Multistorey Apartment,synthetic,synthetic://generator-v2
demo-02374,Porur,703.0,2,3,14,1,Unfurnished,5281468.0,synthetic,2026-06-30,synthetic_listed_area,Multistorey Apartment,synthetic,synthetic://generator-v2
demo-02375,Velachery,369.0,1,2,13,0,Semi-Furnished,2915002.0,synthetic,2026-06-30,synthetic_listed_area,Multistorey Apartment,synthetic,synthetic://generator-v2
demo-02376,Thiruporur,915.0,2,3,19,0,Semi-Furnished,3379148.0,synthetic,2026-06-30,synthetic_listed_area,Multistorey Apartment,synthetic,synthetic://generator-v2
demo-02377,Chromepet,1482.0,4,4,34,0,Semi-Furnished,9048374.0,synthetic,2026-06-30,synthetic_listed_area,Multistorey Apartment,synthetic,synthetic://generator-v2
demo-02378,Velachery,419.0,1,1,34,1,Semi-Furnished,3775312.0,synthetic,2026-06-30,synthetic_listed_area,Multistorey Apartment,synthetic,synthetic://generator-v2
demo-02379,Porur,514.0,1,1,17,1,Semi-Furnished,3729526.0,synthetic,2026-06-30,synthetic_listed_area,Multistorey Apartment,synthetic,synthetic://generator-v2
demo-02380,Egmore,2136.0,5,6,23,1,Unfurnished,35599540.0,synthetic,2026-06-30,synthetic_listed_area,Multistorey Apartment,synthetic,synthetic://generator-v2
demo-02381,Kovur,1798.0,3,4,3,1,Furnished,14504910.0,synthetic,2026-06-30,synthetic_listed_area,Multistorey Apartment,synthetic,synthetic://generator-v2
demo-02382,Thoraipakkam,1158.0,2,2,17,1,Unfurnished,12486334.0,synthetic,2026-06-30,synthetic_listed_area,Multistorey Apartment,synthetic,synthetic://generator-v2
demo-02383,Kodambakkam,1985.0,4,5,24,0,Semi-Furnished,21842947.0,synthetic,2026-06-30,synthetic_listed_area,Multistorey Apartment,synthetic,synthetic://generator-v2
demo-02384,Egmore,2959.0,5,4,24,2,Semi-Furnished,61501618.0,synthetic,2026-06-30,synthetic_listed_area,Multistorey Apartment,synthetic,synthetic://generator-v2
demo-02385,Thiruporur,1134.0,2,1,34,1,Semi-Furnished,4833132.0,synthetic,2026-06-30,synthetic_listed_area,Multistorey Apartment,synthetic,synthetic://generator-v2
demo-02386,Velachery,1289.0,3,3,16,0,Unfurnished,12875581.0,synthetic,2026-06-30,synthetic_listed_area,Multistorey Apartment,synthetic,synthetic://generator-v2
demo-02387,Velachery,537.0,1,1,32,1,Furnished,4254939.0,synthetic,2026-06-30,synthetic_listed_area,Multistorey Apartment,synthetic,synthetic://generator-v2
demo-02388,Velachery,768.0,2,1,35,1,Semi-Furnished,5622788.0,synthetic,2026-06-30,synthetic_listed_area,Multistorey Apartment,synthetic,synthetic://generator-v2
demo-02389,Thiruporur,1563.0,3,4,20,2,Unfurnished,5893009.0,synthetic,2026-06-30,synthetic_listed_area,Multistorey Apartment,synthetic,synthetic://generator-v2
demo-02390,Kovur,473.0,1,1,3,0,Unfurnished,3298719.0,synthetic,2026-06-30,synthetic_listed_area,Multistorey Apartment,synthetic,synthetic://generator-v2
demo-02391,Egmore,1771.0,5,5,13,2,Semi-Furnished,25876593.0,synthetic,2026-06-30,synthetic_listed_area,Multistorey Apartment,synthetic,synthetic://generator-v2
demo-02392,Navalur,2093.0,5,6,27,1,Semi-Furnished,15480711.0,synthetic,2026-06-30,synthetic_listed_area,Multistorey Apartment,synthetic,synthetic://generator-v2
demo-02393,Egmore,1178.0,2,2,20,0,Semi-Furnished,23520834.0,synthetic,2026-06-30,synthetic_listed_area,Multistorey Apartment,synthetic,synthetic://generator-v2
demo-02394,Koyambedu,858.0,2,2,33,1,Furnished,10456120.0,synthetic,2026-06-30,synthetic_listed_area,Multistorey Apartment,synthetic,synthetic://generator-v2
demo-02395,Porur,395.0,1,1,29,2,Furnished,2597201.0,synthetic,2026-06-30,synthetic_listed_area,Multistorey Apartment,synthetic,synthetic://generator-v2
demo-02396,Velachery,1191.0,3,3,2,0,Furnished,11506858.0,synthetic,2026-06-30,synthetic_listed_area,Multistorey Apartment,synthetic,synthetic://generator-v2
demo-02397,Karapakkam,470.0,1,2,31,2,Furnished,4220782.0,synthetic,2026-06-30,synthetic_listed_area,Multistorey Apartment,synthetic,synthetic://generator-v2
demo-02398,Karapakkam,1121.0,2,2,12,2,Furnished,10841201.0,synthetic,2026-06-30,synthetic_listed_area,Multistorey Apartment,synthetic,synthetic://generator-v2
demo-02399,Ramapuram,1619.0,3,3,29,2,Furnished,17833502.0,synthetic,2026-06-30,synthetic_listed_area,Multistorey Apartment,synthetic,synthetic://generator-v2
