record_id,district,locality_as_listed,property_type,asset_scope,rate_inr_per_sqft,rate_basis,source_rate_inr_per_sqft,advertised_price_inr,area_value_original,area_unit_original,area_sqft,area_basis_source,rate_difference_pct,price_kind,verification_status,arithmetic_check,review_reasons,source_publisher,source_id,source_url,observed_on,price_effective_date,source_portal_city,queried_district,district_assignment_status,district_mapping_source_url,sample_scope,confidence_note
TN-dafe410a397f,Ariyalur,Ariyalur,agricultural_land,land,27.55,advertised_total_divided_by_source_area,28,6000000,217800,sqft,217800,plot_area,1.64,asking_price,advertised_not_independently_verified,consistent_within_rounding_tolerance,,Magicbricks,S039,https://www.magicbricks.com/agricultural-land-for-sale-in-ariyalur-pppfs,2026-09-27,,ariyalur,Ariyalur,portal_locality_assignment_not_cadastral_verified,,individual_advertisement_not_locality_or_district_benchmark,"Asking price only; seller, title, availability, legal use and transaction price not verified."
TN-815cd3ef476d,Ariyalur,Ariyalur,agricultural_land,land,153.02,advertised_total_divided_by_source_area,153,40000000,261400,sqft,261400,plot_area,-0.0145,asking_price,advertised_not_independently_verified,consistent_within_rounding_tolerance,,Magicbricks,S039,https://www.magicbricks.com/agricultural-land-for-sale-in-ariyalur-pppfs,2026-09-27,,ariyalur,Ariyalur,portal_locality_assignment_not_cadastral_verified,,individual_advertisement_not_locality_or_district_benchmark,"Asking price only; seller, title, availability, legal use and transaction price not verified."
TN-f1aac5bf007c,Ariyalur,Sellmathur sreet,apartment,built_property,22727.27,advertised_total_divided_by_source_area,22727,25000000,1100,sqft,1100,super_area,-0.0012,asking_price,advertised_not_independently_verified,consistent_within_rounding_tolerance,,Magicbricks,S001,https://www.magicbricks.com/property-for-sale-in-ariyalur-pppfs,2026-09-27,,ariyalur,Ariyalur,portal_locality_assignment_not_cadastral_verified,,individual_advertisement_not_locality_or_district_benchmark,"Asking price only; seller, title, availability, legal use and transaction price not verified."
TN-61ead2365579,Ariyalur,Kayarlabath,residential_plot,land,2500,advertised_total_divided_by_source_area,2500,5600000,2240,sqft,2240,plot_area,0,asking_price,advertised_not_independently_verified,consistent_within_rounding_tolerance,,Magicbricks,S001,https://www.magicbricks.com/property-for-sale-in-ariyalur-pppfs,2026-09-27,,ariyalur,Ariyalur,portal_locality_assignment_not_cadastral_verified,,individual_advertisement_not_locality_or_district_benchmark,"Asking price only; seller, title, availability, legal use and transaction price not verified."
TN-ada7a33d1428,Ariyalur,"Keezhapalur, Ariyalur",residential_plot,land,600,advertised_total_divided_by_source_area,600,720000,1200,sqft,1200,plot_area,0,asking_price,advertised_not_independently_verified,consistent_within_rounding_tolerance,,Housing.com,S119,https://housing.com/in/buy/ariyalur/plots-fid/,2026-09-27,,ariyalur,Ariyalur,portal_locality_assignment_not_cadastral_verified,,individual_advertisement_not_locality_or_district_benchmark,"Asking price only; seller, title, availability, legal use and transaction price not verified."
TN-dc3cd734fe07,Ariyalur,Rajajinagar,residential_plot,land,2500,advertised_total_divided_by_source_area,2500,4500000,1800,sqft,1800,plot_area,0,asking_price,advertised_not_independently_verified,consistent_within_rounding_tolerance,,Magicbricks,S001,https://www.magicbricks.com/property-for-sale-in-ariyalur-pppfs,2026-09-27,,ariyalur,Ariyalur,portal_locality_assignment_not_cadastral_verified,,individual_advertisement_not_locality_or_district_benchmark,"Asking price only; seller, title, availability, legal use and transaction price not verified."
TN-40ce79913a11,Ariyalur,Thathanur,residential_plot,land,1750,advertised_total_divided_by_source_area,1750,1400000,800,sqft,800,plot_area,0,asking_price,advertised_not_independently_verified,consistent_within_rounding_tolerance,,Magicbricks,S001,https://www.magicbricks.com/property-for-sale-in-ariyalur-pppfs,2026-09-27,,ariyalur,Ariyalur,portal_locality_assignment_not_cadastral_verified,,individual_advertisement_not_locality_or_district_benchmark,"Asking price only; seller, title, availability, legal use and transaction price not verified."
TN-492143b2d18e,Ariyalur,"Valajanagaram, Ariyalur",residential_plot,land,1499.54,advertised_total_divided_by_source_area,1500,1627000,1085,sqft,1085,plot_area,0.0307,asking_price,advertised_not_independently_verified,consistent_within_rounding_tolerance,,Housing.com,S119,https://housing.com/in/buy/ariyalur/plots-fid/,2026-09-27,,ariyalur,Ariyalur,portal_locality_assignment_not_cadastral_verified,,individual_advertisement_not_locality_or_district_benchmark,"Asking price only; seller, title, availability, legal use and transaction price not verified."
TN-87bf9c76d0e8,Ariyalur,T Palur,villa,built_property,1666.67,advertised_total_divided_by_source_area,1667,2000000,1200,sqft,1200,carpet_area,0.02,asking_price,advertised_not_independently_verified,consistent_within_rounding_tolerance,,Magicbricks,S001,https://www.magicbricks.com/property-for-sale-in-ariyalur-pppfs,2026-09-27,,ariyalur,Ariyalur,portal_locality_assignment_not_cadastral_verified,,individual_advertisement_not_locality_or_district_benchmark,"Asking price only; seller, title, availability, legal use and transaction price not verified."
TN-f98bca52d953,Chengalpattu,Acharapakkam,agricultural_land,land,229.62,advertised_total_divided_by_source_area,230,8000000,34840,sqft,34840,plot_area,0.165,asking_price,advertised_not_independently_verified,consistent_within_rounding_tolerance,,Magicbricks,S040,https://www.magicbricks.com/agricultural-land-for-sale-in-chengalpattu-pppfs,2026-09-27,,chengalpattu,Chengalpattu,portal_locality_assignment_not_cadastral_verified,,individual_advertisement_not_locality_or_district_benchmark,"Asking price only; seller, title, availability, legal use and transaction price not verified."
TN-e9019beb87b2,Chengalpattu,Chengalpattu,agricultural_land,land,250,advertised_total_divided_by_source_area,250,2500000,10000,sqft,10000,plot_area,0,asking_price,advertised_not_independently_verified,consistent_within_rounding_tolerance,,Magicbricks,S040,https://www.magicbricks.com/agricultural-land-for-sale-in-chengalpattu-pppfs,2026-09-27,,chengalpattu,Chengalpattu,portal_locality_assignment_not_cadastral_verified,,individual_advertisement_not_locality_or_district_benchmark,"Asking price only; seller, title, availability, legal use and transaction price not verified."
TN-b033ad18497a,Chengalpattu,Cheyyur,agricultural_land,land,500,advertised_total_divided_by_source_area,499,1250000,2500,sqft,2500,plot_area,-0.2,asking_price,advertised_not_independently_verified,consistent_within_rounding_tolerance,,Magicbricks,S041,https://www.magicbricks.com/agricultural-land-for-sale-in-chennai-pppfs,2026-09-27,,chennai,Chennai,locality_reassigned_using_official_district_source,https://chengalpattu.nic.in/departments/revenue/,individual_advertisement_not_locality_or_district_benchmark,"Asking price only; seller, title, availability, legal use and transaction price not verified."
TN-ac2ba8f28c34,Chengalpattu,Maduranthakam,agricultural_land,land,198.96,advertised_total_divided_by_source_area,199,1910000,9600,sqft,9600,plot_area,0.0209,asking_price,advertised_not_independently_verified,consistent_within_rounding_tolerance,,Magicbricks,S040,https://www.magicbricks.com/agricultural-land-for-sale-in-chengalpattu-pppfs,2026-09-27,,chengalpattu,Chengalpattu,portal_locality_assignment_not_cadastral_verified,,individual_advertisement_not_locality_or_district_benchmark,"Asking price only; seller, title, availability, legal use and transaction price not verified."
TN-a27d7188167b,Chengalpattu,Maduranthakam,agricultural_land,land,270,advertised_total_divided_by_source_area,270,2700000,10000,sqft,10000,plot_area,0,asking_price,advertised_not_independently_verified,consistent_within_rounding_tolerance,,Magicbricks,S040,https://www.magicbricks.com/agricultural-land-for-sale-in-chengalpattu-pppfs,2026-09-27,,chengalpattu,Chengalpattu,portal_locality_assignment_not_cadastral_verified,,individual_advertisement_not_locality_or_district_benchmark,"Asking price only; seller, title, availability, legal use and transaction price not verified."
TN-e71a5a47693a,Chengalpattu,Nenmeli,agricultural_land,land,688.67,advertised_total_divided_by_source_area,689,480000000,697000,sqft,697000,plot_area,0.0485,asking_price,advertised_not_independently_verified,consistent_within_rounding_tolerance,,Magicbricks,S040,https://www.magicbricks.com/agricultural-land-for-sale-in-chengalpattu-pppfs,2026-09-27,,chengalpattu,Chengalpattu,portal_locality_assignment_not_cadastral_verified,,individual_advertisement_not_locality_or_district_benchmark,"Asking price only; seller, title, availability, legal use and transaction price not verified."
TN-1b41f129b13d,Chengalpattu,Paranur,agricultural_land,land,240,advertised_total_divided_by_source_area,240,2400000,10000,sqft,10000,plot_area,0,asking_price,advertised_not_independently_verified,consistent_within_rounding_tolerance,,Magicbricks,S040,https://www.magicbricks.com/agricultural-land-for-sale-in-chengalpattu-pppfs,2026-09-27,,chengalpattu,Chengalpattu,portal_locality_assignment_not_cadastral_verified,,individual_advertisement_not_locality_or_district_benchmark,"Asking price only; seller, title, availability, legal use and transaction price not verified."
TN-bb7bc820e1d7,Chengalpattu,J C K Nagar,commercial_land,land,998.72,advertised_total_divided_by_source_area,999,31100000,31140,sqft,31140,plot_area,0.0285,asking_price,advertised_not_independently_verified,consistent_within_rounding_tolerance,,Magicbricks,S078,https://www.magicbricks.com/commercial-property-for-sale-in-chengalpattu-pppfs,2026-09-27,,chengalpattu,Chengalpattu,portal_locality_assignment_not_cadastral_verified,,individual_advertisement_not_locality_or_district_benchmark,"Asking price only; seller, title, availability, legal use and transaction price not verified."
TN-71b836ee566b,Chengalpattu,Mamandur On road GST commercial plot,commercial_land,land,5000,advertised_total_divided_by_source_area,5000,32500000,6500,sqft,6500,plot_area,0,asking_price,advertised_not_independently_verified,consistent_within_rounding_tolerance,,Magicbricks,S078,https://www.magicbricks.com/commercial-property-for-sale-in-chengalpattu-pppfs,2026-09-27,,chengalpattu,Chengalpattu,portal_locality_assignment_not_cadastral_verified,,individual_advertisement_not_locality_or_district_benchmark,"Asking price only; seller, title, availability, legal use and transaction price not verified."
TN-5c14c3f10f6a,Chengalpattu,Singaperumal Koil,commercial_land,land,320.87,advertised_total_divided_by_source_area,321,10900000,33970,sqft,33970,plot_area,0.0401,asking_price,advertised_not_independently_verified,consistent_within_rounding_tolerance,,Magicbricks,S078,https://www.magicbricks.com/commercial-property-for-sale-in-chengalpattu-pppfs,2026-09-27,,chengalpattu,Chengalpattu,portal_locality_assignment_not_cadastral_verified,,individual_advertisement_not_locality_or_district_benchmark,"Asking price only; seller, title, availability, legal use and transaction price not verified."
TN-e113ff8dec3c,Chengalpattu,Illaur,industrial_land,land,97.76,advertised_total_divided_by_source_area,98,62500000,639300,sqft,639300,plot_area,0.2422,asking_price,advertised_not_independently_verified,consistent_within_rounding_tolerance,,Magicbricks,S078,https://www.magicbricks.com/commercial-property-for-sale-in-chengalpattu-pppfs,2026-09-27,,chengalpattu,Chengalpattu,portal_locality_assignment_not_cadastral_verified,,individual_advertisement_not_locality_or_district_benchmark,"Asking price only; seller, title, availability, legal use and transaction price not verified."
TN-5d12906c6422,Chengalpattu,"Anna Nagar, Chengalpattu",residential_plot,land,700,advertised_total_divided_by_source_area,700,2800000,4000,sqft,4000,plot_area,0,asking_price,advertised_not_independently_verified,consistent_within_rounding_tolerance,,Housing.com,S159,https://housing.com/in/buy/chennai/chengalpattu-gid/plots-fid/,2026-09-27,,chengalpattu,Chengalpattu,portal_locality_assignment_not_cadastral_verified,,individual_advertisement_not_locality_or_district_benchmark,"Asking price only; seller, title, availability, legal use and transaction price not verified."
TN-45962a236732,Chengalpattu,Athur,residential_plot,land,449.39,advertised_total_divided_by_source_area,449,9500000,21140,sqft,21140,plot_area,-0.0857,asking_price,advertised_not_independently_verified,consistent_within_rounding_tolerance,,Magicbricks,S002,https://www.magicbricks.com/property-for-sale-in-chengalpattu-pppfs,2026-09-27,,chengalpattu,Chengalpattu,portal_locality_assignment_not_cadastral_verified,,individual_advertisement_not_locality_or_district_benchmark,"Asking price only; seller, title, availability, legal use and transaction price not verified."
TN-50072888ce25,Chengalpattu,"Gokulapuram, Chengalpattu",residential_plot,land,3298.54,advertised_total_divided_by_source_area,3300,3381000,1025,sqft,1025,plot_area,0.0444,asking_price,advertised_not_independently_verified,consistent_within_rounding_tolerance,,Housing.com,S159,https://housing.com/in/buy/chennai/chengalpattu-gid/plots-fid/,2026-09-27,,chengalpattu,Chengalpattu,portal_locality_assignment_not_cadastral_verified,,individual_advertisement_not_locality_or_district_benchmark,"Asking price only; seller, title, availability, legal use and transaction price not verified."
TN-fd20ddcad117,Chengalpattu,"Gokulapuram, Chengalpattu",residential_plot,land,3299,advertised_total_divided_by_source_area,3300,3299000,1000,sqft,1000,plot_area,0.0303,asking_price,advertised_not_independently_verified,consistent_within_rounding_tolerance,,Housing.com,S159,https://housing.com/in/buy/chennai/chengalpattu-gid/plots-fid/,2026-09-27,,chengalpattu,Chengalpattu,portal_locality_assignment_not_cadastral_verified,,individual_advertisement_not_locality_or_district_benchmark,"Asking price only; seller, title, availability, legal use and transaction price not verified."
TN-057c276cda05,Chengalpattu,"Nenmeli, Chengalpattu",residential_plot,land,700,advertised_total_divided_by_source_area,700,560000,800,sqft,800,plot_area,0,asking_price,advertised_not_independently_verified,consistent_within_rounding_tolerance,,Housing.com,S159,https://housing.com/in/buy/chennai/chengalpattu-gid/plots-fid/,2026-09-27,,chengalpattu,Chengalpattu,portal_locality_assignment_not_cadastral_verified,,individual_advertisement_not_locality_or_district_benchmark,"Asking price only; seller, title, availability, legal use and transaction price not verified."
TN-5879c3d580ed,Chengalpattu,"Nenmeli, Chengalpattu",residential_plot,land,1498.89,advertised_total_divided_by_source_area,1500,2698000,1800,sqft,1800,plot_area,0.0741,asking_price,advertised_not_independently_verified,consistent_within_rounding_tolerance,,Housing.com,S159,https://housing.com/in/buy/chennai/chengalpattu-gid/plots-fid/,2026-09-27,,chengalpattu,Chengalpattu,portal_locality_assignment_not_cadastral_verified,,individual_advertisement_not_locality_or_district_benchmark,"Asking price only; seller, title, availability, legal use and transaction price not verified."
TN-5bce02393c70,Chengalpattu,"Nenmeli, Chengalpattu",residential_plot,land,7985.83,advertised_total_divided_by_source_area,7990,9583000,1200,sqft,1200,plot_area,0.0522,asking_price,advertised_not_independently_verified,consistent_within_rounding_tolerance,,Housing.com,S159,https://housing.com/in/buy/chennai/chengalpattu-gid/plots-fid/,2026-09-27,,chengalpattu,Chengalpattu,portal_locality_assignment_not_cadastral_verified,,individual_advertisement_not_locality_or_district_benchmark,"Asking price only; seller, title, availability, legal use and transaction price not verified."
TN-b977e57a77e7,Chengalpattu,Paranur,residential_plot,land,1500,advertised_total_divided_by_source_area,1500,5400000,3600,sqft,3600,plot_area,0,asking_price,advertised_not_independently_verified,consistent_within_rounding_tolerance,,Magicbricks,S002,https://www.magicbricks.com/property-for-sale-in-chengalpattu-pppfs,2026-09-27,,chengalpattu,Chengalpattu,portal_locality_assignment_not_cadastral_verified,,individual_advertisement_not_locality_or_district_benchmark,"Asking price only; seller, title, availability, legal use and transaction price not verified."
TN-c25f16b68070,Chengalpattu,Paranur,residential_plot,land,4166.67,advertised_total_divided_by_source_area,4167,5000000,1200,sqft,1200,plot_area,0.008,asking_price,advertised_not_independently_verified,consistent_within_rounding_tolerance,,Magicbricks,S002,https://www.magicbricks.com/property-for-sale-in-chengalpattu-pppfs,2026-09-27,,chengalpattu,Chengalpattu,portal_locality_assignment_not_cadastral_verified,,individual_advertisement_not_locality_or_district_benchmark,"Asking price only; seller, title, availability, legal use and transaction price not verified."
TN-ebeedd9c9df9,Chengalpattu,Tirukazhukundram,residential_plot,land,1833.33,advertised_total_divided_by_source_area,1833,1100000,600,sqft,600,plot_area,-0.0182,asking_price,advertised_not_independently_verified,consistent_within_rounding_tolerance,,Magicbricks,S002,https://www.magicbricks.com/property-for-sale-in-chengalpattu-pppfs,2026-09-27,,chengalpattu,Chengalpattu,portal_locality_assignment_not_cadastral_verified,,individual_advertisement_not_locality_or_district_benchmark,"Asking price only; seller, title, availability, legal use and transaction price not verified."
TN-c30b32b46a8e,Chennai,Neelankarai,apartment,built_property,10833.33,advertised_total_divided_by_source_area,10833,13000000,1200,sqft,1200,super_area,-0.0031,asking_price,advertised_not_independently_verified,consistent_within_rounding_tolerance,,Magicbricks,S160,https://www.magicbricks.com/property-for-sale-in-neelankarai-chennai-pppfs,2026-09-27,,neelankarai-chennai,Chennai,portal_locality_assignment_not_cadastral_verified,,individual_advertisement_not_locality_or_district_benchmark,"Asking price only; seller, title, availability, legal use and transaction price not verified."
TN-6a97b2960122,Chennai,Saligramam,commercial_office,built_property,15000,advertised_total_divided_by_source_area,15000,12000000,800,sqft,800,super_area,0,asking_price,advertised_not_independently_verified,consistent_within_rounding_tolerance,,Magicbricks,S079,https://www.magicbricks.com/commercial-property-for-sale-in-chennai-pppfs,2026-09-27,,chennai,Chennai,portal_locality_assignment_not_cadastral_verified,,individual_advertisement_not_locality_or_district_benchmark,"Asking price only; seller, title, availability, legal use and transaction price not verified."
TN-d47bf69c892b,Chennai,Mount Road,commercial_retail,built_property,44333.33,advertised_total_divided_by_source_area,44333,66500000,1500,sqft,1500,carpet_area,-0.0008,asking_price,advertised_not_independently_verified,consistent_within_rounding_tolerance,,Magicbricks,S079,https://www.magicbricks.com/commercial-property-for-sale-in-chennai-pppfs,2026-09-27,,chennai,Chennai,portal_locality_assignment_not_cadastral_verified,,individual_advertisement_not_locality_or_district_benchmark,"Asking price only; seller, title, availability, legal use and transaction price not verified."
TN-33089a619db2,Chennai,Neelankarai,independent_house,built_property,18888.89,advertised_total_divided_by_source_area,18889,85000000,4500,sqft,4500,super_area,0.0006,asking_price,advertised_not_independently_verified,consistent_within_rounding_tolerance,,Magicbricks,S160,https://www.magicbricks.com/property-for-sale-in-neelankarai-chennai-pppfs,2026-09-27,,neelankarai-chennai,Chennai,portal_locality_assignment_not_cadastral_verified,,individual_advertisement_not_locality_or_district_benchmark,"Asking price only; seller, title, availability, legal use and transaction price not verified."
TN-1eed0575ea73,Chennai,Neelankarai,residential_plot,land,1872.43,advertised_total_divided_by_source_area,1872,182000000,97200,sqft,97200,plot_area,-0.0229,asking_price,advertised_not_independently_verified,consistent_within_rounding_tolerance,,Magicbricks,S160,https://www.magicbricks.com/property-for-sale-in-neelankarai-chennai-pppfs,2026-09-27,,neelankarai-chennai,Chennai,portal_locality_assignment_not_cadastral_verified,,individual_advertisement_not_locality_or_district_benchmark,"Asking price only; seller, title, availability, legal use and transaction price not verified."
TN-32f68bdc38c9,Chennai,Neelankarai,residential_plot,land,12479.47,advertised_total_divided_by_source_area,12500,38000000,3045,sqft,3045,plot_area,0.1645,asking_price,advertised_not_independently_verified,consistent_within_rounding_tolerance,,Magicbricks,S160,https://www.magicbricks.com/property-for-sale-in-neelankarai-chennai-pppfs,2026-09-27,,neelankarai-chennai,Chennai,portal_locality_assignment_not_cadastral_verified,,individual_advertisement_not_locality_or_district_benchmark,"Asking price only; seller, title, availability, legal use and transaction price not verified."
TN-7a20716927f4,Chennai,Neelankarai,residential_plot,land,14583.33,advertised_total_divided_by_source_area,14583,70000000,4800,sqft,4800,plot_area,-0.0023,asking_price,advertised_not_independently_verified,consistent_within_rounding_tolerance,,Magicbricks,S160,https://www.magicbricks.com/property-for-sale-in-neelankarai-chennai-pppfs,2026-09-27,,neelankarai-chennai,Chennai,portal_locality_assignment_not_cadastral_verified,,individual_advertisement_not_locality_or_district_benchmark,"Asking price only; seller, title, availability, legal use and transaction price not verified."
TN-09ece5fc4c8f,Chennai,Neelankarai,villa,built_property,25714.29,advertised_total_divided_by_source_area,25714,180000000,7000,sqft,7000,super_area,-0.0011,asking_price,advertised_not_independently_verified,consistent_within_rounding_tolerance,,Magicbricks,S160,https://www.magicbricks.com/property-for-sale-in-neelankarai-chennai-pppfs,2026-09-27,,neelankarai-chennai,Chennai,portal_locality_assignment_not_cadastral_verified,,individual_advertisement_not_locality_or_district_benchmark,"Asking price only; seller, title, availability, legal use and transaction price not verified."
TN-f7585c7b9b54,Coimbatore,Chinna Thadagam,agricultural_land,land,1721.96,advertised_total_divided_by_source_area,1722,15000000,8711,sqft,8711,plot_area,0.0023,asking_price,advertised_not_independently_verified,consistent_within_rounding_tolerance,,Magicbricks,S042,https://www.magicbricks.com/agricultural-land-for-sale-in-coimbatore-pppfs,2026-09-27,,coimbatore,Coimbatore,portal_locality_assignment_not_cadastral_verified,,individual_advertisement_not_locality_or_district_benchmark,"Asking price only; seller, title, availability, legal use and transaction price not verified."
TN-120cc685cf0a,Coimbatore,Coimbatore,agricultural_land,land,596.88,advertised_total_divided_by_source_area,597,6500000,10890,sqft,10890,plot_area,0.0205,asking_price,advertised_not_independently_verified,consistent_within_rounding_tolerance,,Magicbricks,S042,https://www.magicbricks.com/agricultural-land-for-sale-in-coimbatore-pppfs,2026-09-27,,coimbatore,Coimbatore,portal_locality_assignment_not_cadastral_verified,,individual_advertisement_not_locality_or_district_benchmark,"Asking price only; seller, title, availability, legal use and transaction price not verified."
TN-733d9e302aef,Coimbatore,Irugur,agricultural_land,land,1071.16,advertised_total_divided_by_source_area,1071,140000000,130700,sqft,130700,plot_area,-0.0145,asking_price,advertised_not_independently_verified,consistent_within_rounding_tolerance,,Magicbricks,S042,https://www.magicbricks.com/agricultural-land-for-sale-in-coimbatore-pppfs,2026-09-27,,coimbatore,Coimbatore,portal_locality_assignment_not_cadastral_verified,,individual_advertisement_not_locality_or_district_benchmark,"Asking price only; seller, title, availability, legal use and transaction price not verified."
TN-8b1a98252d5f,Coimbatore,Kinathukadavu,agricultural_land,land,688.71,advertised_total_divided_by_source_area,689,7500000,10890,sqft,10890,plot_area,0.0428,asking_price,advertised_not_independently_verified,consistent_within_rounding_tolerance,,Magicbricks,S042,https://www.magicbricks.com/agricultural-land-for-sale-in-coimbatore-pppfs,2026-09-27,,coimbatore,Coimbatore,portal_locality_assignment_not_cadastral_verified,,individual_advertisement_not_locality_or_district_benchmark,"Asking price only; seller, title, availability, legal use and transaction price not verified."
TN-c6e68b48c0d1,Coimbatore,Nagaraja Puram,agricultural_land,land,4132.23,advertised_total_divided_by_source_area,4133,45000000,10890,sqft,10890,plot_area,0.0186,asking_price,advertised_not_independently_verified,consistent_within_rounding_tolerance,,Magicbricks,S042,https://www.magicbricks.com/agricultural-land-for-sale-in-coimbatore-pppfs,2026-09-27,,coimbatore,Coimbatore,portal_locality_assignment_not_cadastral_verified,,individual_advertisement_not_locality_or_district_benchmark,"Asking price only; seller, title, availability, legal use and transaction price not verified."
TN-b0569680af53,Coimbatore,Sirumugai,agricultural_land,land,229.57,advertised_total_divided_by_source_area,230,2500000,10890,sqft,10890,plot_area,0.188,asking_price,advertised_not_independently_verified,consistent_within_rounding_tolerance,,Magicbricks,S042,https://www.magicbricks.com/agricultural-land-for-sale-in-coimbatore-pppfs,2026-09-27,,coimbatore,Coimbatore,portal_locality_assignment_not_cadastral_verified,,individual_advertisement_not_locality_or_district_benchmark,"Asking price only; seller, title, availability, legal use and transaction price not verified."
TN-8151271b4f74,Coimbatore,Irugur,commercial_land,land,9182.74,advertised_total_divided_by_source_area,9183,200000000,21780,sqft,21780,plot_area,0.0029,asking_price,advertised_not_independently_verified,consistent_within_rounding_tolerance,,Magicbricks,S080,https://www.magicbricks.com/commercial-property-for-sale-in-coimbatore-pppfs,2026-09-27,,coimbatore,Coimbatore,portal_locality_assignment_not_cadastral_verified,,individual_advertisement_not_locality_or_district_benchmark,"Asking price only; seller, title, availability, legal use and transaction price not verified."
TN-596807e23b3f,Coimbatore,Idikarai,independent_house,built_property,6493.51,advertised_total_divided_by_source_area,6494,9000000,1386,sqft,1386,super_area,0.0076,asking_price,advertised_not_independently_verified,consistent_within_rounding_tolerance,,Magicbricks,S004,https://www.magicbricks.com/property-for-sale-in-coimbatore-pppfs,2026-09-27,,coimbatore,Coimbatore,portal_locality_assignment_not_cadastral_verified,,individual_advertisement_not_locality_or_district_benchmark,"Asking price only; seller, title, availability, legal use and transaction price not verified."
TN-3f0dadd0e21a,Coimbatore,Othakal Mandapam,independent_house,built_property,3533.33,advertised_total_divided_by_source_area,3533,5300000,1500,sqft,1500,super_area,-0.0094,asking_price,advertised_not_independently_verified,consistent_within_rounding_tolerance,,Magicbricks,S004,https://www.magicbricks.com/property-for-sale-in-coimbatore-pppfs,2026-09-27,,coimbatore,Coimbatore,portal_locality_assignment_not_cadastral_verified,,individual_advertisement_not_locality_or_district_benchmark,"Asking price only; seller, title, availability, legal use and transaction price not verified."
TN-44c9910da9dc,Coimbatore,Senthampalayam,industrial_land,land,1145.83,advertised_total_divided_by_source_area,1146,2750000,2400,sqft,2400,plot_area,0.0145,asking_price,advertised_not_independently_verified,consistent_within_rounding_tolerance,,Magicbricks,S080,https://www.magicbricks.com/commercial-property-for-sale-in-coimbatore-pppfs,2026-09-27,,coimbatore,Coimbatore,portal_locality_assignment_not_cadastral_verified,,individual_advertisement_not_locality_or_district_benchmark,"Asking price only; seller, title, availability, legal use and transaction price not verified."
TN-7c2ba54129ae,Coimbatore,Idigarai,residential_plot,land,2866.67,advertised_total_divided_by_source_area,2865,6880000,2400,sqft,2400,plot_area,-0.0581,asking_price,advertised_not_independently_verified,consistent_within_rounding_tolerance,,Magicbricks,S004,https://www.magicbricks.com/property-for-sale-in-coimbatore-pppfs,2026-09-27,,coimbatore,Coimbatore,portal_locality_assignment_not_cadastral_verified,,individual_advertisement_not_locality_or_district_benchmark,"Asking price only; seller, title, availability, legal use and transaction price not verified."
TN-299378200e6a,Coimbatore,"Kondaiyapalayam, Coimbatore",residential_plot,land,2272,advertised_total_divided_by_source_area,2270,3408000,1500,sqft,1500,plot_area,-0.088,asking_price,advertised_not_independently_verified,consistent_within_rounding_tolerance,,Housing.com,S122,https://housing.com/in/buy/coimbatore/plots-fid/,2026-09-27,,coimbatore,Coimbatore,portal_locality_assignment_not_cadastral_verified,,individual_advertisement_not_locality_or_district_benchmark,"Asking price only; seller, title, availability, legal use and transaction price not verified."
TN-3bac86eb06a5,Coimbatore,Thudiyalur,residential_plot,land,3831.27,advertised_total_divided_by_source_area,3831,4950000,1292,sqft,1292,plot_area,-0.007,asking_price,advertised_not_independently_verified,consistent_within_rounding_tolerance,,Magicbricks,S004,https://www.magicbricks.com/property-for-sale-in-coimbatore-pppfs,2026-09-27,,coimbatore,Coimbatore,portal_locality_assignment_not_cadastral_verified,,individual_advertisement_not_locality_or_district_benchmark,"Asking price only; seller, title, availability, legal use and transaction price not verified."
TN-7fad363d7f37,Cuddalore,Chidambaram,agricultural_land,land,114.78,advertised_total_divided_by_source_area,115,25000000,217800,sqft,217800,plot_area,0.188,asking_price,advertised_not_independently_verified,consistent_within_rounding_tolerance,,Magicbricks,S043,https://www.magicbricks.com/agricultural-land-for-sale-in-cuddalore-pppfs,2026-09-27,,cuddalore,Cuddalore,portal_locality_assignment_not_cadastral_verified,,individual_advertisement_not_locality_or_district_benchmark,"Asking price only; seller, title, availability, legal use and transaction price not verified."
TN-5c2745441124,Cuddalore,Cuddalore,agricultural_land,land,229.61,advertised_total_divided_by_source_area,230,8500000,37020,sqft,37020,plot_area,0.1718,asking_price,advertised_not_independently_verified,consistent_within_rounding_tolerance,,Magicbricks,S043,https://www.magicbricks.com/agricultural-land-for-sale-in-cuddalore-pppfs,2026-09-27,,cuddalore,Cuddalore,portal_locality_assignment_not_cadastral_verified,,individual_advertisement_not_locality_or_district_benchmark,"Asking price only; seller, title, availability, legal use and transaction price not verified."
TN-246b7e0b0f9e,Cuddalore,Cuddalore Old Town,agricultural_land,land,69.04,advertised_total_divided_by_source_area,69,4000000,57934,sqft,57934,plot_area,-0.0638,asking_price,advertised_not_independently_verified,consistent_within_rounding_tolerance,,Magicbricks,S043,https://www.magicbricks.com/agricultural-land-for-sale-in-cuddalore-pppfs,2026-09-27,,cuddalore,Cuddalore,portal_locality_assignment_not_cadastral_verified,,individual_advertisement_not_locality_or_district_benchmark,"Asking price only; seller, title, availability, legal use and transaction price not verified."
TN-716bfbcfa22a,Cuddalore,Devanampattinam,agricultural_land,land,264,advertised_total_divided_by_source_area,264,172500000,653400,sqft,653400,plot_area,-0.0014,asking_price,advertised_not_independently_verified,consistent_within_rounding_tolerance,,Magicbricks,S043,https://www.magicbricks.com/agricultural-land-for-sale-in-cuddalore-pppfs,2026-09-27,,cuddalore,Cuddalore,portal_locality_assignment_not_cadastral_verified,,individual_advertisement_not_locality_or_district_benchmark,"Asking price only; seller, title, availability, legal use and transaction price not verified."
TN-32e58dad9628,Cuddalore,Kurinjipadi,agricultural_land,land,24.24,advertised_total_divided_by_source_area,24,2000000,82520,sqft,82520,plot_area,-0.976,asking_price,advertised_not_independently_verified,consistent_within_rounding_tolerance,,Magicbricks,S043,https://www.magicbricks.com/agricultural-land-for-sale-in-cuddalore-pppfs,2026-09-27,,cuddalore,Cuddalore,portal_locality_assignment_not_cadastral_verified,,individual_advertisement_not_locality_or_district_benchmark,"Asking price only; seller, title, availability, legal use and transaction price not verified."
TN-d148d5205970,Cuddalore,Neyveli,apartment,built_property,7692.31,advertised_total_divided_by_source_area,7692,20000000,2600,sqft,2600,super_area,-0.004,asking_price,advertised_not_independently_verified,consistent_within_rounding_tolerance,,Magicbricks,S005,https://www.magicbricks.com/property-for-sale-in-cuddalore-pppfs,2026-09-27,,cuddalore,Cuddalore,portal_locality_assignment_not_cadastral_verified,,individual_advertisement_not_locality_or_district_benchmark,"Asking price only; seller, title, availability, legal use and transaction price not verified."
TN-6176fadab6b6,Cuddalore,Cuddalore,builder_floor,built_property,3538.46,advertised_total_divided_by_source_area,3538,23000000,6500,sqft,6500,super_area,-0.013,asking_price,advertised_not_independently_verified,consistent_within_rounding_tolerance,,Magicbricks,S005,https://www.magicbricks.com/property-for-sale-in-cuddalore-pppfs,2026-09-27,,cuddalore,Cuddalore,portal_locality_assignment_not_cadastral_verified,,individual_advertisement_not_locality_or_district_benchmark,"Asking price only; seller, title, availability, legal use and transaction price not verified."
TN-9999c85be26d,Cuddalore,Chidambaram,commercial_land,land,5000,advertised_total_divided_by_source_area,5000,10000000,2000,sqft,2000,plot_area,0,asking_price,advertised_not_independently_verified,consistent_within_rounding_tolerance,,Magicbricks,S081,https://www.magicbricks.com/commercial-property-for-sale-in-cuddalore-pppfs,2026-09-27,,cuddalore,Cuddalore,portal_locality_assignment_not_cadastral_verified,,individual_advertisement_not_locality_or_district_benchmark,"Asking price only; seller, title, availability, legal use and transaction price not verified."
TN-9adc2e84083a,Cuddalore,Unnamalai chavadi,commercial_land,land,2500,advertised_total_divided_by_source_area,2500,10000000,4000,sqft,4000,plot_area,0,asking_price,advertised_not_independently_verified,consistent_within_rounding_tolerance,,Magicbricks,S081,https://www.magicbricks.com/commercial-property-for-sale-in-cuddalore-pppfs,2026-09-27,,cuddalore,Cuddalore,portal_locality_assignment_not_cadastral_verified,,individual_advertisement_not_locality_or_district_benchmark,"Asking price only; seller, title, availability, legal use and transaction price not verified."
TN-7dab91a2d6d0,Cuddalore,Vadalur,commercial_land,land,3461.54,advertised_total_divided_by_source_area,3462,4500000,1300,sqft,1300,plot_area,0.0133,asking_price,advertised_not_independently_verified,consistent_within_rounding_tolerance,,Magicbricks,S081,https://www.magicbricks.com/commercial-property-for-sale-in-cuddalore-pppfs,2026-09-27,,cuddalore,Cuddalore,portal_locality_assignment_not_cadastral_verified,,individual_advertisement_not_locality_or_district_benchmark,"Asking price only; seller, title, availability, legal use and transaction price not verified."
TN-8e4c4509eb78,Cuddalore,Mixed Commercial &amp; Residential property for Sale,industrial_building,built_property,3055.56,advertised_total_divided_by_source_area,3056,22000000,7200,sqft,7200,super_area,0.0145,asking_price,advertised_not_independently_verified,consistent_within_rounding_tolerance,,Magicbricks,S081,https://www.magicbricks.com/commercial-property-for-sale-in-cuddalore-pppfs,2026-09-27,,cuddalore,Cuddalore,portal_locality_assignment_not_cadastral_verified,,individual_advertisement_not_locality_or_district_benchmark,"Asking price only; seller, title, availability, legal use and transaction price not verified."
TN-eb1510c5a916,Cuddalore,"Chidambaram, Cuddalore",residential_plot,land,1000,advertised_total_divided_by_source_area,1000,1200000,1200,sqft,1200,plot_area,0,asking_price,advertised_not_independently_verified,consistent_within_rounding_tolerance,,Housing.com,S123,https://housing.com/in/buy/cuddalore/plots-fid/,2026-09-27,,cuddalore,Cuddalore,portal_locality_assignment_not_cadastral_verified,,individual_advertisement_not_locality_or_district_benchmark,"Asking price only; seller, title, availability, legal use and transaction price not verified."
TN-69af054dba52,Cuddalore,"Chidambaram, Cuddalore",residential_plot,land,1300,advertised_total_divided_by_source_area,1300,1950000,1500,sqft,1500,plot_area,0,asking_price,advertised_not_independently_verified,consistent_within_rounding_tolerance,,Housing.com,S123,https://housing.com/in/buy/cuddalore/plots-fid/,2026-09-27,,cuddalore,Cuddalore,portal_locality_assignment_not_cadastral_verified,,individual_advertisement_not_locality_or_district_benchmark,"Asking price only; seller, title, availability, legal use and transaction price not verified."
TN-2bcae6091670,Cuddalore,"Chidambaram, Cuddalore",residential_plot,land,2790.01,advertised_total_divided_by_source_area,2790,3800000,1362,sqft,1362,plot_area,-0.0005,asking_price,advertised_not_independently_verified,consistent_within_rounding_tolerance,,Housing.com,S123,https://housing.com/in/buy/cuddalore/plots-fid/,2026-09-27,,cuddalore,Cuddalore,portal_locality_assignment_not_cadastral_verified,,individual_advertisement_not_locality_or_district_benchmark,"Asking price only; seller, title, availability, legal use and transaction price not verified."
TN-cf6c421568fd,Cuddalore,"Cuddalore Town, Cuddalore",residential_plot,land,1150,advertised_total_divided_by_source_area,1150,1725000,1500,sqft,1500,plot_area,0,asking_price,advertised_not_independently_verified,consistent_within_rounding_tolerance,,Housing.com,S123,https://housing.com/in/buy/cuddalore/plots-fid/,2026-09-27,,cuddalore,Cuddalore,portal_locality_assignment_not_cadastral_verified,,individual_advertisement_not_locality_or_district_benchmark,"Asking price only; seller, title, availability, legal use and transaction price not verified."
TN-3f662ba91bc8,Cuddalore,Gunduuppalavadi,residential_plot,land,2333.33,advertised_total_divided_by_source_area,2333,4200000,1800,sqft,1800,plot_area,-0.0143,asking_price,advertised_not_independently_verified,consistent_within_rounding_tolerance,,Magicbricks,S005,https://www.magicbricks.com/property-for-sale-in-cuddalore-pppfs,2026-09-27,,cuddalore,Cuddalore,portal_locality_assignment_not_cadastral_verified,,individual_advertisement_not_locality_or_district_benchmark,"Asking price only; seller, title, availability, legal use and transaction price not verified."
TN-048a7aafbc4b,Cuddalore,Tiruvandipuram,residential_plot,land,2500,advertised_total_divided_by_source_area,2500,4500000,1800,sqft,1800,plot_area,0,asking_price,advertised_not_independently_verified,consistent_within_rounding_tolerance,,Magicbricks,S005,https://www.magicbricks.com/property-for-sale-in-cuddalore-pppfs,2026-09-27,,cuddalore,Cuddalore,portal_locality_assignment_not_cadastral_verified,,individual_advertisement_not_locality_or_district_benchmark,"Asking price only; seller, title, availability, legal use and transaction price not verified."
TN-25cfee93975e,Cuddalore,"Virudhachalam, Cuddalore",residential_plot,land,675,advertised_total_divided_by_source_area,675,1350000,2000,sqft,2000,plot_area,0,asking_price,advertised_not_independently_verified,consistent_within_rounding_tolerance,,Housing.com,S123,https://housing.com/in/buy/cuddalore/plots-fid/,2026-09-27,,cuddalore,Cuddalore,portal_locality_assignment_not_cadastral_verified,,individual_advertisement_not_locality_or_district_benchmark,"Asking price only; seller, title, availability, legal use and transaction price not verified."
TN-62ee8081e987,Cuddalore,"Virudhachalam, Cuddalore",residential_plot,land,1250,advertised_total_divided_by_source_area,1250,1500000,1200,sqft,1200,plot_area,0,asking_price,advertised_not_independently_verified,consistent_within_rounding_tolerance,,Housing.com,S123,https://housing.com/in/buy/cuddalore/plots-fid/,2026-09-27,,cuddalore,Cuddalore,portal_locality_assignment_not_cadastral_verified,,individual_advertisement_not_locality_or_district_benchmark,"Asking price only; seller, title, availability, legal use and transaction price not verified."
TN-37bb89eb7877,Cuddalore,Kurinjipadi,villa,built_property,10254.74,advertised_total_divided_by_source_area,10255,15700000,1531,sqft,1531,super_area,0.0026,asking_price,advertised_not_independently_verified,consistent_within_rounding_tolerance,,Magicbricks,S005,https://www.magicbricks.com/property-for-sale-in-cuddalore-pppfs,2026-09-27,,cuddalore,Cuddalore,portal_locality_assignment_not_cadastral_verified,,individual_advertisement_not_locality_or_district_benchmark,"Asking price only; seller, title, availability, legal use and transaction price not verified."
TN-93663a6ecb1e,Dharmapuri,Dharmapuri,agricultural_land,land,26.49,advertised_total_divided_by_source_area,26,3600000,135900,sqft,135900,plot_area,-1.85,asking_price,advertised_not_independently_verified,consistent_within_rounding_tolerance,,Magicbricks,S044,https://www.magicbricks.com/agricultural-land-for-sale-in-dharmapuri-pppfs,2026-09-27,,dharmapuri,Dharmapuri,portal_locality_assignment_not_cadastral_verified,,individual_advertisement_not_locality_or_district_benchmark,"Asking price only; seller, title, availability, legal use and transaction price not verified."
TN-e8f9114dad28,Dharmapuri,Dharmapuri,agricultural_land,land,952.71,advertised_total_divided_by_source_area,953,41500000,43560,sqft,43560,plot_area,0.0306,asking_price,advertised_not_independently_verified,consistent_within_rounding_tolerance,,Magicbricks,S044,https://www.magicbricks.com/agricultural-land-for-sale-in-dharmapuri-pppfs,2026-09-27,,dharmapuri,Dharmapuri,portal_locality_assignment_not_cadastral_verified,,individual_advertisement_not_locality_or_district_benchmark,"Asking price only; seller, title, availability, legal use and transaction price not verified."
TN-8c34f73613b1,Dharmapuri,Palacode,agricultural_land,land,344.35,advertised_total_divided_by_source_area,344,30000000,87120,sqft,87120,plot_area,-0.1024,asking_price,advertised_not_independently_verified,consistent_within_rounding_tolerance,,Magicbricks,S044,https://www.magicbricks.com/agricultural-land-for-sale-in-dharmapuri-pppfs,2026-09-27,,dharmapuri,Dharmapuri,portal_locality_assignment_not_cadastral_verified,,individual_advertisement_not_locality_or_district_benchmark,"Asking price only; seller, title, availability, legal use and transaction price not verified."
TN-be8616e71ba7,Dharmapuri,Palacode,agricultural_land,land,459.14,advertised_total_divided_by_source_area,459,20000000,43560,sqft,43560,plot_area,-0.0298,asking_price,advertised_not_independently_verified,consistent_within_rounding_tolerance,,Magicbricks,S044,https://www.magicbricks.com/agricultural-land-for-sale-in-dharmapuri-pppfs,2026-09-27,,dharmapuri,Dharmapuri,portal_locality_assignment_not_cadastral_verified,,individual_advertisement_not_locality_or_district_benchmark,"Asking price only; seller, title, availability, legal use and transaction price not verified."
TN-9d248bf72987,Dharmapuri,Arumuga Achari Street,commercial_land,land,16927.08,advertised_total_divided_by_source_area,16927,65000000,3840,sqft,3840,plot_area,-0.0005,asking_price,advertised_not_independently_verified,consistent_within_rounding_tolerance,,Magicbricks,S082,https://www.magicbricks.com/commercial-property-for-sale-in-dharmapuri-pppfs,2026-09-27,,dharmapuri,Dharmapuri,portal_locality_assignment_not_cadastral_verified,,individual_advertisement_not_locality_or_district_benchmark,"Asking price only; seller, title, availability, legal use and transaction price not verified."
TN-830953af5841,Dharmapuri,"poiyapatti, Harur",commercial_land,land,4444.44,advertised_total_divided_by_source_area,4444,100000000,22500,sqft,22500,plot_area,-0.01,asking_price,advertised_not_independently_verified,consistent_within_rounding_tolerance,,Magicbricks,S082,https://www.magicbricks.com/commercial-property-for-sale-in-dharmapuri-pppfs,2026-09-27,,dharmapuri,Dharmapuri,portal_locality_assignment_not_cadastral_verified,,individual_advertisement_not_locality_or_district_benchmark,"Asking price only; seller, title, availability, legal use and transaction price not verified."
TN-8e244b3741f7,Dharmapuri,"Annadurai Road, near town bustand",commercial_retail,built_property,34319.53,advertised_total_divided_by_source_area,34320,29000000,845,sqft,845,super_area,0.0014,asking_price,advertised_not_independently_verified,consistent_within_rounding_tolerance,,Magicbricks,S082,https://www.magicbricks.com/commercial-property-for-sale-in-dharmapuri-pppfs,2026-09-27,,dharmapuri,Dharmapuri,portal_locality_assignment_not_cadastral_verified,,individual_advertisement_not_locality_or_district_benchmark,"Asking price only; seller, title, availability, legal use and transaction price not verified."
TN-0457af149812,Dharmapuri,Harur,commercial_retail,built_property,60000,advertised_total_divided_by_source_area,60000,60000000,1000,sqft,1000,super_area,0,asking_price,advertised_not_independently_verified,consistent_within_rounding_tolerance,,Magicbricks,S082,https://www.magicbricks.com/commercial-property-for-sale-in-dharmapuri-pppfs,2026-09-27,,dharmapuri,Dharmapuri,portal_locality_assignment_not_cadastral_verified,,individual_advertisement_not_locality_or_district_benchmark,"Asking price only; seller, title, availability, legal use and transaction price not verified."
TN-6ac108956e79,Dharmapuri,Jettihalli,independent_house,built_property,3584.91,advertised_total_divided_by_source_area,3585,9500000,2650,sqft,2650,super_area,0.0026,asking_price,advertised_not_independently_verified,consistent_within_rounding_tolerance,,Magicbricks,S006,https://www.magicbricks.com/property-for-sale-in-dharmapuri-pppfs,2026-09-27,,dharmapuri,Dharmapuri,portal_locality_assignment_not_cadastral_verified,,individual_advertisement_not_locality_or_district_benchmark,"Asking price only; seller, title, availability, legal use and transaction price not verified."
TN-601eea9dbf09,Dharmapuri,Palacode,industrial_land,land,782.88,advertised_total_divided_by_source_area,783,15000000,19160,sqft,19160,plot_area,0.0152,asking_price,advertised_not_independently_verified,consistent_within_rounding_tolerance,,Magicbricks,S082,https://www.magicbricks.com/commercial-property-for-sale-in-dharmapuri-pppfs,2026-09-27,,dharmapuri,Dharmapuri,portal_locality_assignment_not_cadastral_verified,,individual_advertisement_not_locality_or_district_benchmark,"Asking price only; seller, title, availability, legal use and transaction price not verified."
TN-032f899260f1,Dharmapuri,Pappireddipatti,industrial_land,land,191.28,advertised_total_divided_by_source_area,191,25000000,130700,sqft,130700,plot_area,-0.1452,asking_price,advertised_not_independently_verified,consistent_within_rounding_tolerance,,Magicbricks,S082,https://www.magicbricks.com/commercial-property-for-sale-in-dharmapuri-pppfs,2026-09-27,,dharmapuri,Dharmapuri,portal_locality_assignment_not_cadastral_verified,,individual_advertisement_not_locality_or_district_benchmark,"Asking price only; seller, title, availability, legal use and transaction price not verified."
TN-5f66fa2b760d,Dharmapuri,Adhiyaman Kottai,residential_plot,land,3635.35,advertised_total_divided_by_source_area,3635,6500000,1788,sqft,1788,plot_area,-0.0095,asking_price,advertised_not_independently_verified,consistent_within_rounding_tolerance,,Magicbricks,S006,https://www.magicbricks.com/property-for-sale-in-dharmapuri-pppfs,2026-09-27,,dharmapuri,Dharmapuri,portal_locality_assignment_not_cadastral_verified,,individual_advertisement_not_locality_or_district_benchmark,"Asking price only; seller, title, availability, legal use and transaction price not verified."
TN-07f0c1f1edd2,Dharmapuri,Harur,residential_plot,land,235.04,advertised_total_divided_by_source_area,235,5500000,23400,sqft,23400,plot_area,-0.0182,asking_price,advertised_not_independently_verified,consistent_within_rounding_tolerance,,Magicbricks,S006,https://www.magicbricks.com/property-for-sale-in-dharmapuri-pppfs,2026-09-27,,dharmapuri,Dharmapuri,portal_locality_assignment_not_cadastral_verified,,individual_advertisement_not_locality_or_district_benchmark,"Asking price only; seller, title, availability, legal use and transaction price not verified."
TN-f7fc8da4818f,Dharmapuri,Harur,residential_plot,land,642.69,advertised_total_divided_by_source_area,643,84000000,130700,sqft,130700,plot_area,0.0477,asking_price,advertised_not_independently_verified,consistent_within_rounding_tolerance,,Magicbricks,S006,https://www.magicbricks.com/property-for-sale-in-dharmapuri-pppfs,2026-09-27,,dharmapuri,Dharmapuri,portal_locality_assignment_not_cadastral_verified,,individual_advertisement_not_locality_or_district_benchmark,"Asking price only; seller, title, availability, legal use and transaction price not verified."
TN-11cf3949f34b,Dharmapuri,Pappireddipatti,residential_plot,land,2222.22,advertised_total_divided_by_source_area,2222,4000000,1800,sqft,1800,plot_area,-0.01,asking_price,advertised_not_independently_verified,consistent_within_rounding_tolerance,,Magicbricks,S006,https://www.magicbricks.com/property-for-sale-in-dharmapuri-pppfs,2026-09-27,,dharmapuri,Dharmapuri,portal_locality_assignment_not_cadastral_verified,,individual_advertisement_not_locality_or_district_benchmark,"Asking price only; seller, title, availability, legal use and transaction price not verified."
TN-bfa0b1ed5add,Dharmapuri,"Pappireddipatti, Dharmapuri",residential_plot,land,2222.22,advertised_total_divided_by_source_area,2220,4000000,1800,sqft,1800,plot_area,-0.1,asking_price,advertised_not_independently_verified,consistent_within_rounding_tolerance,,Housing.com,S124,https://housing.com/in/buy/dharmapuri/plots-fid/,2026-09-27,,dharmapuri,Dharmapuri,portal_locality_assignment_not_cadastral_verified,,individual_advertisement_not_locality_or_district_benchmark,"Asking price only; seller, title, availability, legal use and transaction price not verified."
TN-590c6d3cf537,Dharmapuri,"Pennagaram, Dharmapuri",residential_plot,land,2380.95,advertised_total_divided_by_source_area,2380,500000,210,sqft,210,plot_area,-0.04,asking_price,advertised_not_independently_verified,consistent_within_rounding_tolerance,,Housing.com,S124,https://housing.com/in/buy/dharmapuri/plots-fid/,2026-09-27,,dharmapuri,Dharmapuri,portal_locality_assignment_not_cadastral_verified,,individual_advertisement_not_locality_or_district_benchmark,"Asking price only; seller, title, availability, legal use and transaction price not verified."
TN-bd4cb7261076,Dharmapuri,"Pennagaram, Dharmapuri",residential_plot,land,2500.25,advertised_total_divided_by_source_area,2500,5063000,2025,sqft,2025,plot_area,-0.0099,asking_price,advertised_not_independently_verified,consistent_within_rounding_tolerance,,Housing.com,S124,https://housing.com/in/buy/dharmapuri/plots-fid/,2026-09-27,,dharmapuri,Dharmapuri,portal_locality_assignment_not_cadastral_verified,,individual_advertisement_not_locality_or_district_benchmark,"Asking price only; seller, title, availability, legal use and transaction price not verified."
TN-a09062aefeab,Dharmapuri,"Thadangam, Dharmapuri",residential_plot,land,1200,advertised_total_divided_by_source_area,1200,1440000,1200,sqft,1200,plot_area,0,asking_price,advertised_not_independently_verified,consistent_within_rounding_tolerance,,Housing.com,S124,https://housing.com/in/buy/dharmapuri/plots-fid/,2026-09-27,,dharmapuri,Dharmapuri,portal_locality_assignment_not_cadastral_verified,,individual_advertisement_not_locality_or_district_benchmark,"Asking price only; seller, title, availability, legal use and transaction price not verified."
TN-946f59f35474,Dharmapuri,"Thippampatti, Dharmapuri",residential_plot,land,1000,advertised_total_divided_by_source_area,1000,1500000,1500,sqft,1500,plot_area,0,asking_price,advertised_not_independently_verified,consistent_within_rounding_tolerance,,Housing.com,S124,https://housing.com/in/buy/dharmapuri/plots-fid/,2026-09-27,,dharmapuri,Dharmapuri,portal_locality_assignment_not_cadastral_verified,,individual_advertisement_not_locality_or_district_benchmark,"Asking price only; seller, title, availability, legal use and transaction price not verified."
TN-f04850b551de,Dharmapuri,"Ungaranahalli, Dharmapuri",residential_plot,land,2476.19,advertised_total_divided_by_source_area,2480,1300000,525,sqft,525,plot_area,0.1538,asking_price,advertised_not_independently_verified,consistent_within_rounding_tolerance,,Housing.com,S124,https://housing.com/in/buy/dharmapuri/plots-fid/,2026-09-27,,dharmapuri,Dharmapuri,portal_locality_assignment_not_cadastral_verified,,individual_advertisement_not_locality_or_district_benchmark,"Asking price only; seller, title, availability, legal use and transaction price not verified."
TN-48a9a0b23279,Dharmapuri,Harur,villa,built_property,29166.67,advertised_total_divided_by_source_area,29167,35000000,1200,sqft,1200,super_area,0.0011,asking_price,advertised_not_independently_verified,consistent_within_rounding_tolerance,,Magicbricks,S006,https://www.magicbricks.com/property-for-sale-in-dharmapuri-pppfs,2026-09-27,,dharmapuri,Dharmapuri,portal_locality_assignment_not_cadastral_verified,,individual_advertisement_not_locality_or_district_benchmark,"Asking price only; seller, title, availability, legal use and transaction price not verified."
TN-89934ae25281,Dindigul,Dindigul,agricultural_land,land,125.11,advertised_total_divided_by_source_area,125,10900000,87120,sqft,87120,plot_area,-0.0917,asking_price,advertised_not_independently_verified,consistent_within_rounding_tolerance,,Magicbricks,S045,https://www.magicbricks.com/agricultural-land-for-sale-in-dindigul-pppfs,2026-09-27,,dindigul,Dindigul,portal_locality_assignment_not_cadastral_verified,,individual_advertisement_not_locality_or_district_benchmark,"Asking price only; seller, title, availability, legal use and transaction price not verified."
TN-0b018fecb677,Dindigul,Oddanchatram,agricultural_land,land,807.32,advertised_total_divided_by_source_area,807,22500000,27870,sqft,27870,plot_area,-0.0396,asking_price,advertised_not_independently_verified,consistent_within_rounding_tolerance,,Magicbricks,S045,https://www.magicbricks.com/agricultural-land-for-sale-in-dindigul-pppfs,2026-09-27,,dindigul,Dindigul,portal_locality_assignment_not_cadastral_verified,,individual_advertisement_not_locality_or_district_benchmark,"Asking price only; seller, title, availability, legal use and transaction price not verified."
TN-f0d135e22c44,Dindigul,Reddiyarchatram,agricultural_land,land,76.51,advertised_total_divided_by_source_area,77,20000000,261400,sqft,261400,plot_area,0.639,asking_price,advertised_not_independently_verified,consistent_within_rounding_tolerance,,Magicbricks,S045,https://www.magicbricks.com/agricultural-land-for-sale-in-dindigul-pppfs,2026-09-27,,dindigul,Dindigul,portal_locality_assignment_not_cadastral_verified,,individual_advertisement_not_locality_or_district_benchmark,"Asking price only; seller, title, availability, legal use and transaction price not verified."
TN-00fb6c948631,Dindigul,Seelapadi,agricultural_land,land,1583.53,advertised_total_divided_by_source_area,1583,40000000,25260,sqft,25260,plot_area,-0.0336,asking_price,advertised_not_independently_verified,consistent_within_rounding_tolerance,,Magicbricks,S045,https://www.magicbricks.com/agricultural-land-for-sale-in-dindigul-pppfs,2026-09-27,,dindigul,Dindigul,portal_locality_assignment_not_cadastral_verified,,individual_advertisement_not_locality_or_district_benchmark,"Asking price only; seller, title, availability, legal use and transaction price not verified."
TN-5de8af45737d,Dindigul,Begambur,commercial_land,land,915,advertised_total_divided_by_source_area,915,3660000,4000,sqft,4000,plot_area,0,asking_price,advertised_not_independently_verified,consistent_within_rounding_tolerance,,Magicbricks,S083,https://www.magicbricks.com/commercial-property-for-sale-in-dindigul-pppfs,2026-09-27,,dindigul,Dindigul,portal_locality_assignment_not_cadastral_verified,,individual_advertisement_not_locality_or_district_benchmark,"Asking price only; seller, title, availability, legal use and transaction price not verified."
TN-0addb648f701,Dindigul,Natham Road,commercial_land,land,2428.57,advertised_total_divided_by_source_area,2429,8500000,3500,sqft,3500,plot_area,0.0176,asking_price,advertised_not_independently_verified,consistent_within_rounding_tolerance,,Magicbricks,S083,https://www.magicbricks.com/commercial-property-for-sale-in-dindigul-pppfs,2026-09-27,,dindigul,Dindigul,portal_locality_assignment_not_cadastral_verified,,individual_advertisement_not_locality_or_district_benchmark,"Asking price only; seller, title, availability, legal use and transaction price not verified."
TN-bc20b4197923,Dindigul,Thadikombu,commercial_land,land,457.73,advertised_total_divided_by_source_area,459,17000000,37140,sqft,37140,plot_area,0.278,asking_price,advertised_not_independently_verified,consistent_within_rounding_tolerance,,Magicbricks,S083,https://www.magicbricks.com/commercial-property-for-sale-in-dindigul-pppfs,2026-09-27,,dindigul,Dindigul,portal_locality_assignment_not_cadastral_verified,,individual_advertisement_not_locality_or_district_benchmark,"Asking price only; seller, title, availability, legal use and transaction price not verified."
TN-9b22164fc1ac,Dindigul,Mettupatti,independent_house,built_property,10000,advertised_total_divided_by_source_area,10000,9000000,900,sqft,900,super_area,0,asking_price,advertised_not_independently_verified,consistent_within_rounding_tolerance,,Magicbricks,S007,https://www.magicbricks.com/property-for-sale-in-dindigul-pppfs,2026-09-27,,dindigul,Dindigul,portal_locality_assignment_not_cadastral_verified,,individual_advertisement_not_locality_or_district_benchmark,"Asking price only; seller, title, availability, legal use and transaction price not verified."
TN-714316e66be2,Dindigul,RM Colony,independent_house,built_property,10483.66,advertised_total_divided_by_source_area,10500,40100000,3825,sqft,3825,super_area,0.1559,asking_price,advertised_not_independently_verified,consistent_within_rounding_tolerance,,Magicbricks,S007,https://www.magicbricks.com/property-for-sale-in-dindigul-pppfs,2026-09-27,,dindigul,Dindigul,portal_locality_assignment_not_cadastral_verified,,individual_advertisement_not_locality_or_district_benchmark,"Asking price only; seller, title, availability, legal use and transaction price not verified."
TN-526424f40780,Dindigul,Thadikombu,industrial_building,built_property,3500,advertised_total_divided_by_source_area,3500,87500000,25000,sqft,25000,super_area,0,asking_price,advertised_not_independently_verified,consistent_within_rounding_tolerance,,Magicbricks,S083,https://www.magicbricks.com/commercial-property-for-sale-in-dindigul-pppfs,2026-09-27,,dindigul,Dindigul,portal_locality_assignment_not_cadastral_verified,,individual_advertisement_not_locality_or_district_benchmark,"Asking price only; seller, title, availability, legal use and transaction price not verified."
TN-2010389618f4,Dindigul,Raja Lakshmi Nagar,industrial_land,land,2592.59,advertised_total_divided_by_source_area,2593,35000000,1500,sqyrd,13500,plot_area,0.0157,asking_price,advertised_not_independently_verified,consistent_within_rounding_tolerance,,Magicbricks,S083,https://www.magicbricks.com/commercial-property-for-sale-in-dindigul-pppfs,2026-09-27,,dindigul,Dindigul,portal_locality_assignment_not_cadastral_verified,,individual_advertisement_not_locality_or_district_benchmark,"Asking price only; seller, title, availability, legal use and transaction price not verified."
TN-c7be4c5dbd52,Dindigul,Govindapuram,residential_plot,land,1893.94,advertised_total_divided_by_source_area,1894,7500000,3960,sqft,3960,plot_area,0.0032,asking_price,advertised_not_independently_verified,consistent_within_rounding_tolerance,,Magicbricks,S007,https://www.magicbricks.com/property-for-sale-in-dindigul-pppfs,2026-09-27,,dindigul,Dindigul,portal_locality_assignment_not_cadastral_verified,,individual_advertisement_not_locality_or_district_benchmark,"Asking price only; seller, title, availability, legal use and transaction price not verified."
TN-c7728ee63f50,Dindigul,Oddanchatram,residential_plot,land,2754.24,advertised_total_divided_by_source_area,2754,6500000,2360,sqft,2360,plot_area,-0.0086,asking_price,advertised_not_independently_verified,consistent_within_rounding_tolerance,,Magicbricks,S007,https://www.magicbricks.com/property-for-sale-in-dindigul-pppfs,2026-09-27,,dindigul,Dindigul,portal_locality_assignment_not_cadastral_verified,,individual_advertisement_not_locality_or_district_benchmark,"Asking price only; seller, title, availability, legal use and transaction price not verified."
TN-856d8336e294,Dindigul,"Pallapatti, Dindigul",residential_plot,land,790,advertised_total_divided_by_source_area,790,1185000,1500,sqft,1500,plot_area,0,asking_price,advertised_not_independently_verified,consistent_within_rounding_tolerance,,Housing.com,S125,https://housing.com/in/buy/dindigul/plots-fid/,2026-09-27,,dindigul,Dindigul,portal_locality_assignment_not_cadastral_verified,,individual_advertisement_not_locality_or_district_benchmark,"Asking price only; seller, title, availability, legal use and transaction price not verified."
TN-6f369473fee7,Dindigul,S.S. Nagar,residential_plot,land,2692.31,advertised_total_divided_by_source_area,2700,12600000,4680,sqft,4680,plot_area,0.2857,asking_price,advertised_not_independently_verified,consistent_within_rounding_tolerance,,Magicbricks,S007,https://www.magicbricks.com/property-for-sale-in-dindigul-pppfs,2026-09-27,,dindigul,Dindigul,portal_locality_assignment_not_cadastral_verified,,individual_advertisement_not_locality_or_district_benchmark,"Asking price only; seller, title, availability, legal use and transaction price not verified."
TN-76d7f678bd5e,Dindigul,"Vilpatti, Kodaikanal",residential_plot,land,1270.01,advertised_total_divided_by_source_area,1270,2761000,2174,sqft,2174,plot_area,-0.0007,asking_price,advertised_not_independently_verified,consistent_within_rounding_tolerance,,Housing.com,S125,https://housing.com/in/buy/dindigul/plots-fid/,2026-09-27,,dindigul,Dindigul,portal_locality_assignment_not_cadastral_verified,,individual_advertisement_not_locality_or_district_benchmark,"Asking price only; seller, title, availability, legal use and transaction price not verified."
TN-66f56dcfb9d3,Dindigul,"Vilpatti, Kodaikanal",residential_plot,land,1280.05,advertised_total_divided_by_source_area,1280,2875000,2246,sqft,2246,plot_area,-0.0042,asking_price,advertised_not_independently_verified,consistent_within_rounding_tolerance,,Housing.com,S125,https://housing.com/in/buy/dindigul/plots-fid/,2026-09-27,,dindigul,Dindigul,portal_locality_assignment_not_cadastral_verified,,individual_advertisement_not_locality_or_district_benchmark,"Asking price only; seller, title, availability, legal use and transaction price not verified."
TN-354fecf30ee9,Dindigul,"Vilpatti, Kodaikanal",residential_plot,land,1280.2,advertised_total_divided_by_source_area,1280,3116000,2434,sqft,2434,plot_area,-0.0154,asking_price,advertised_not_independently_verified,consistent_within_rounding_tolerance,,Housing.com,S125,https://housing.com/in/buy/dindigul/plots-fid/,2026-09-27,,dindigul,Dindigul,portal_locality_assignment_not_cadastral_verified,,individual_advertisement_not_locality_or_district_benchmark,"Asking price only; seller, title, availability, legal use and transaction price not verified."
TN-3ae42134de8d,Dindigul,"Vilpatti, Kodaikanal",residential_plot,land,1280.26,advertised_total_divided_by_source_area,1280,2919000,2280,sqft,2280,plot_area,-0.0206,asking_price,advertised_not_independently_verified,consistent_within_rounding_tolerance,,Housing.com,S125,https://housing.com/in/buy/dindigul/plots-fid/,2026-09-27,,dindigul,Dindigul,portal_locality_assignment_not_cadastral_verified,,individual_advertisement_not_locality_or_district_benchmark,"Asking price only; seller, title, availability, legal use and transaction price not verified."
TN-18905c568804,Erode,Erode,agricultural_land,land,154.96,advertised_total_divided_by_source_area,155,13500000,87120,sqft,87120,plot_area,0.0267,asking_price,advertised_not_independently_verified,consistent_within_rounding_tolerance,,Magicbricks,S046,https://www.magicbricks.com/agricultural-land-for-sale-in-erode-pppfs,2026-09-27,,erode,Erode,portal_locality_assignment_not_cadastral_verified,,individual_advertisement_not_locality_or_district_benchmark,"Asking price only; seller, title, availability, legal use and transaction price not verified."
TN-bf5b1e9b784c,Erode,Erode,agricultural_land,land,382.67,advertised_total_divided_by_source_area,383,25000000,65330,sqft,65330,plot_area,0.0856,asking_price,advertised_not_independently_verified,consistent_within_rounding_tolerance,,Magicbricks,S046,https://www.magicbricks.com/agricultural-land-for-sale-in-erode-pppfs,2026-09-27,,erode,Erode,portal_locality_assignment_not_cadastral_verified,,individual_advertisement_not_locality_or_district_benchmark,"Asking price only; seller, title, availability, legal use and transaction price not verified."
TN-ef62b883b8ed,Erode,Kodumudi,agricultural_land,land,72.69,advertised_total_divided_by_source_area,73,19000000,261400,sqft,261400,plot_area,0.4326,asking_price,advertised_not_independently_verified,consistent_within_rounding_tolerance,,Magicbricks,S046,https://www.magicbricks.com/agricultural-land-for-sale-in-erode-pppfs,2026-09-27,,erode,Erode,portal_locality_assignment_not_cadastral_verified,,individual_advertisement_not_locality_or_district_benchmark,"Asking price only; seller, title, availability, legal use and transaction price not verified."
TN-395b48910280,Erode,Nambiyur,agricultural_land,land,229.57,advertised_total_divided_by_source_area,230,26000000,113256,sqft,113256,plot_area,0.188,asking_price,advertised_not_independently_verified,consistent_within_rounding_tolerance,,Magicbricks,S046,https://www.magicbricks.com/agricultural-land-for-sale-in-erode-pppfs,2026-09-27,,erode,Erode,portal_locality_assignment_not_cadastral_verified,,individual_advertisement_not_locality_or_district_benchmark,"Asking price only; seller, title, availability, legal use and transaction price not verified."
TN-f41d7efb616f,Erode,Nambiyur,agricultural_land,land,275.12,advertised_total_divided_by_source_area,275,30200000,109771,sqft,109771,plot_area,-0.043,asking_price,advertised_not_independently_verified,consistent_within_rounding_tolerance,,Magicbricks,S046,https://www.magicbricks.com/agricultural-land-for-sale-in-erode-pppfs,2026-09-27,,erode,Erode,portal_locality_assignment_not_cadastral_verified,,individual_advertisement_not_locality_or_district_benchmark,"Asking price only; seller, title, availability, legal use and transaction price not verified."
TN-96b6557b67d7,Erode,Periya Agraharam,agricultural_land,land,655.88,advertised_total_divided_by_source_area,656,6000000,9148,sqft,9148,plot_area,0.0181,asking_price,advertised_not_independently_verified,consistent_within_rounding_tolerance,,Magicbricks,S046,https://www.magicbricks.com/agricultural-land-for-sale-in-erode-pppfs,2026-09-27,,erode,Erode,portal_locality_assignment_not_cadastral_verified,,individual_advertisement_not_locality_or_district_benchmark,"Asking price only; seller, title, availability, legal use and transaction price not verified."
TN-21ff55146475,Erode,Surampatty,builder_floor,built_property,2777.78,advertised_total_divided_by_source_area,2778,45000000,16200,sqft,16200,super_area,0.008,asking_price,advertised_not_independently_verified,consistent_within_rounding_tolerance,,Magicbricks,S008,https://www.magicbricks.com/property-for-sale-in-erode-pppfs,2026-09-27,,erode,Erode,portal_locality_assignment_not_cadastral_verified,,individual_advertisement_not_locality_or_district_benchmark,"Asking price only; seller, title, availability, legal use and transaction price not verified."
TN-2659f2eb3de2,Erode,Nambiyur,commercial_land,land,229.58,advertised_total_divided_by_source_area,230,70000000,304900,sqft,304900,plot_area,0.1814,asking_price,advertised_not_independently_verified,consistent_within_rounding_tolerance,,Magicbricks,S084,https://www.magicbricks.com/commercial-property-for-sale-in-erode-pppfs,2026-09-27,,erode,Erode,portal_locality_assignment_not_cadastral_verified,,individual_advertisement_not_locality_or_district_benchmark,"Asking price only; seller, title, availability, legal use and transaction price not verified."
TN-fdc132a359d1,Erode,ezhumathur,commercial_land,land,1500,advertised_total_divided_by_source_area,1500,17700000,11800,sqft,11800,plot_area,0,asking_price,advertised_not_independently_verified,consistent_within_rounding_tolerance,,Magicbricks,S084,https://www.magicbricks.com/commercial-property-for-sale-in-erode-pppfs,2026-09-27,,erode,Erode,portal_locality_assignment_not_cadastral_verified,,individual_advertisement_not_locality_or_district_benchmark,"Asking price only; seller, title, availability, legal use and transaction price not verified."
TN-b5d592c31118,Erode,Bhavani,commercial_office,built_property,15000,advertised_total_divided_by_source_area,15000,60000000,4000,sqft,4000,super_area,0,asking_price,advertised_not_independently_verified,consistent_within_rounding_tolerance,,Magicbricks,S084,https://www.magicbricks.com/commercial-property-for-sale-in-erode-pppfs,2026-09-27,,erode,Erode,portal_locality_assignment_not_cadastral_verified,,individual_advertisement_not_locality_or_district_benchmark,"Asking price only; seller, title, availability, legal use and transaction price not verified."
TN-946a1280f890,Erode,Moolapalayam,commercial_retail,built_property,666.67,advertised_total_divided_by_source_area,667,14000000,21000,sqft,21000,carpet_area,0.05,asking_price,advertised_not_independently_verified,consistent_within_rounding_tolerance,,Magicbricks,S084,https://www.magicbricks.com/commercial-property-for-sale-in-erode-pppfs,2026-09-27,,erode,Erode,portal_locality_assignment_not_cadastral_verified,,individual_advertisement_not_locality_or_district_benchmark,"Asking price only; seller, title, availability, legal use and transaction price not verified."
TN-162c085a2096,Erode,Shastri Nagar,independent_house,built_property,4200,advertised_total_divided_by_source_area,4200,8400000,2000,sqft,2000,super_area,0,asking_price,advertised_not_independently_verified,consistent_within_rounding_tolerance,,Magicbricks,S008,https://www.magicbricks.com/property-for-sale-in-erode-pppfs,2026-09-27,,erode,Erode,portal_locality_assignment_not_cadastral_verified,,individual_advertisement_not_locality_or_district_benchmark,"Asking price only; seller, title, availability, legal use and transaction price not verified."
TN-d44bc8da5490,Erode,Tirupati garden chetipalayam,independent_house,built_property,5153.85,advertised_total_divided_by_source_area,5154,6700000,1300,sqft,1300,super_area,0.003,asking_price,advertised_not_independently_verified,consistent_within_rounding_tolerance,,Magicbricks,S008,https://www.magicbricks.com/property-for-sale-in-erode-pppfs,2026-09-27,,erode,Erode,portal_locality_assignment_not_cadastral_verified,,individual_advertisement_not_locality_or_district_benchmark,"Asking price only; seller, title, availability, legal use and transaction price not verified."
TN-3cb3f0031e24,Erode,Nanjaiuthukuli,industrial_building,built_property,966.14,advertised_total_divided_by_source_area,966,23800000,24634,sqft,24634,super_area,-0.0149,asking_price,advertised_not_independently_verified,consistent_within_rounding_tolerance,,Magicbricks,S084,https://www.magicbricks.com/commercial-property-for-sale-in-erode-pppfs,2026-09-27,,erode,Erode,portal_locality_assignment_not_cadastral_verified,,individual_advertisement_not_locality_or_district_benchmark,"Asking price only; seller, title, availability, legal use and transaction price not verified."
TN-d0c7d24757d4,Erode,"Bharathiyar Nagar, Erode",residential_plot,land,3000,advertised_total_divided_by_source_area,3000,5700000,1900,sqft,1900,plot_area,0,asking_price,advertised_not_independently_verified,consistent_within_rounding_tolerance,,Housing.com,S126,https://housing.com/in/buy/erode/plots-fid/,2026-09-27,,erode,Erode,portal_locality_assignment_not_cadastral_verified,,individual_advertisement_not_locality_or_district_benchmark,"Asking price only; seller, title, availability, legal use and transaction price not verified."
TN-3441d55ded38,Erode,"Keel Thindal, Thindal",residential_plot,land,4022.04,advertised_total_divided_by_source_area,4020,7300000,1815,sqft,1815,plot_area,-0.0507,asking_price,advertised_not_independently_verified,consistent_within_rounding_tolerance,,Housing.com,S126,https://housing.com/in/buy/erode/plots-fid/,2026-09-27,,erode,Erode,portal_locality_assignment_not_cadastral_verified,,individual_advertisement_not_locality_or_district_benchmark,"Asking price only; seller, title, availability, legal use and transaction price not verified."
TN-f80097d6a6ed,Erode,Kodumudi,residential_plot,land,1712.54,advertised_total_divided_by_source_area,1713,2800000,1635,sqft,1635,plot_area,0.027,asking_price,advertised_not_independently_verified,consistent_within_rounding_tolerance,,Magicbricks,S008,https://www.magicbricks.com/property-for-sale-in-erode-pppfs,2026-09-27,,erode,Erode,portal_locality_assignment_not_cadastral_verified,,individual_advertisement_not_locality_or_district_benchmark,"Asking price only; seller, title, availability, legal use and transaction price not verified."
TN-49d47cad24aa,Erode,"Mel Thindal, Thindal",residential_plot,land,2446.81,advertised_total_divided_by_source_area,2450,5750000,2350,sqft,2350,plot_area,0.1304,asking_price,advertised_not_independently_verified,consistent_within_rounding_tolerance,,Housing.com,S126,https://housing.com/in/buy/erode/plots-fid/,2026-09-27,,erode,Erode,portal_locality_assignment_not_cadastral_verified,,individual_advertisement_not_locality_or_district_benchmark,"Asking price only; seller, title, availability, legal use and transaction price not verified."
TN-243cbfb42807,Erode,Perundurai,residential_plot,land,1600,advertised_total_divided_by_source_area,1600,2400000,1500,sqft,1500,plot_area,0,asking_price,advertised_not_independently_verified,consistent_within_rounding_tolerance,,Magicbricks,S008,https://www.magicbricks.com/property-for-sale-in-erode-pppfs,2026-09-27,,erode,Erode,portal_locality_assignment_not_cadastral_verified,,individual_advertisement_not_locality_or_district_benchmark,"Asking price only; seller, title, availability, legal use and transaction price not verified."
TN-b6cd0b9474c8,Erode,"SSP Nagar, Erode",residential_plot,land,3004.04,advertised_total_divided_by_source_area,3000,5200000,1731,sqft,1731,plot_area,-0.1346,asking_price,advertised_not_independently_verified,consistent_within_rounding_tolerance,,Housing.com,S126,https://housing.com/in/buy/erode/plots-fid/,2026-09-27,,erode,Erode,portal_locality_assignment_not_cadastral_verified,,individual_advertisement_not_locality_or_district_benchmark,"Asking price only; seller, title, availability, legal use and transaction price not verified."
TN-212879c437ab,Erode,"Vallipurathanpalayam, Erode",residential_plot,land,3000,advertised_total_divided_by_source_area,3000,5400000,1800,sqft,1800,plot_area,0,asking_price,advertised_not_independently_verified,consistent_within_rounding_tolerance,,Housing.com,S126,https://housing.com/in/buy/erode/plots-fid/,2026-09-27,,erode,Erode,portal_locality_assignment_not_cadastral_verified,,individual_advertisement_not_locality_or_district_benchmark,"Asking price only; seller, title, availability, legal use and transaction price not verified."
TN-2cd588861386,Erode,"Veppampalayam, Erode",residential_plot,land,2500,advertised_total_divided_by_source_area,2500,4500000,1800,sqft,1800,plot_area,0,asking_price,advertised_not_independently_verified,consistent_within_rounding_tolerance,,Housing.com,S126,https://housing.com/in/buy/erode/plots-fid/,2026-09-27,,erode,Erode,portal_locality_assignment_not_cadastral_verified,,individual_advertisement_not_locality_or_district_benchmark,"Asking price only; seller, title, availability, legal use and transaction price not verified."
TN-1412ec187216,Erode,Villarasampatti,villa,built_property,4367.82,advertised_total_divided_by_source_area,4368,19000000,4350,sqft,4350,plot_area,0.0042,asking_price,advertised_not_independently_verified,consistent_within_rounding_tolerance,,Magicbricks,S084,https://www.magicbricks.com/commercial-property-for-sale-in-erode-pppfs,2026-09-27,,erode,Erode,portal_locality_assignment_not_cadastral_verified,,individual_advertisement_not_locality_or_district_benchmark,"Asking price only; seller, title, availability, legal use and transaction price not verified."
TN-d769fe70cc36,Kallakurichi,Kallakkurichi,agricultural_land,land,114.79,advertised_total_divided_by_source_area,115,35000000,304900,sqft,304900,plot_area,0.1814,asking_price,advertised_not_independently_verified,consistent_within_rounding_tolerance,,Magicbricks,S161,https://www.magicbricks.com/agricultural-land-for-sale-in-viluppuram-pppfs,2026-09-27,,viluppuram,Viluppuram,locality_reassigned_using_official_district_source,https://kallakurichi.nic.in/about-district/administrative-setup/revenue-administration/,individual_advertisement_not_locality_or_district_benchmark,"Asking price only; seller, title, availability, legal use and transaction price not verified."
TN-bb2c8438c97b,Kallakurichi,Kallakurichi,agricultural_land,land,61.98,advertised_total_divided_by_source_area,,8100000,3,acre,130680,plot_area,,asking_price,advertised_not_independently_verified,consistent_within_rounding_tolerance,,RealEstateIndia,S166,https://www.realestateindia.com/property-detail/agricultural-farm-land-for-sale-in-kallakurichi-viluppuram-3-acre-81-lac-1307951.htm,2026-09-27,,Villupuram,Kallakurichi,locality_reassigned_using_official_district_source,https://kallakurichi.nic.in/about-district/administrative-setup/revenue-administration/,individual_advertisement_not_locality_or_district_benchmark,"Asking price only; seller, title, availability, legal use and transaction price not verified."
TN-08e05cc02661,Kallakurichi,Ulundurpet,agricultural_land,land,1262.78,advertised_total_divided_by_source_area,1263,121000000,95820,sqft,95820,plot_area,0.0171,asking_price,advertised_not_independently_verified,consistent_within_rounding_tolerance,,Magicbricks,S161,https://www.magicbricks.com/agricultural-land-for-sale-in-viluppuram-pppfs,2026-09-27,,viluppuram,Viluppuram,locality_reassigned_using_official_district_source,https://kallakurichi.nic.in/about-district/administrative-setup/revenue-administration/,individual_advertisement_not_locality_or_district_benchmark,"Asking price only; seller, title, availability, legal use and transaction price not verified."
TN-03dd4934dacd,Kallakurichi,Chinnasalem,commercial_land,land,1714.29,advertised_total_divided_by_source_area,1714,6000000,3500,sqft,3500,plot_area,-0.0167,asking_price,advertised_not_independently_verified,consistent_within_rounding_tolerance,,RealEstateIndia,S167,https://www.realestateindia.com/property-detail/commercial-lands-inst-land-for-sale-in-chinnasalem-viluppuram-3500-sq-ft-60-lac-1365960.htm,2026-09-27,,Villupuram,Kallakurichi,locality_reassigned_using_official_district_source,https://kallakurichi.nic.in/about-district/administrative-setup/revenue-administration/,individual_advertisement_not_locality_or_district_benchmark,"Asking price only; seller, title, availability, legal use and transaction price not verified."
TN-51f87afca2cf,Kallakurichi,"Kallakkurichi Town, Kallakurichi",residential_plot,land,588.24,advertised_total_divided_by_source_area,588,500000,850,sqft,850,plot_area,-0.04,asking_price,advertised_not_independently_verified,consistent_within_rounding_tolerance,,Housing.com,S127,https://housing.com/in/buy/kallakurichi/plots-fid/,2026-09-27,,kallakurichi,Kallakurichi,portal_locality_assignment_not_cadastral_verified,,individual_advertisement_not_locality_or_district_benchmark,"Asking price only; seller, title, availability, legal use and transaction price not verified."
TN-a6f28524af8d,Kallakurichi,"Kallakkurichi Town, Kallakurichi",residential_plot,land,666.67,advertised_total_divided_by_source_area,666,800000,1200,sqft,1200,plot_area,-0.1,asking_price,advertised_not_independently_verified,consistent_within_rounding_tolerance,,Housing.com,S127,https://housing.com/in/buy/kallakurichi/plots-fid/,2026-09-27,,kallakurichi,Kallakurichi,portal_locality_assignment_not_cadastral_verified,,individual_advertisement_not_locality_or_district_benchmark,"Asking price only; seller, title, availability, legal use and transaction price not verified."
TN-908a1e4d1312,Kallakurichi,"Kallakkurichi Town, Kallakurichi",residential_plot,land,1000,advertised_total_divided_by_source_area,1000,2200000,2200,sqft,2200,plot_area,0,asking_price,advertised_not_independently_verified,consistent_within_rounding_tolerance,,Housing.com,S127,https://housing.com/in/buy/kallakurichi/plots-fid/,2026-09-27,,kallakurichi,Kallakurichi,portal_locality_assignment_not_cadastral_verified,,individual_advertisement_not_locality_or_district_benchmark,"Asking price only; seller, title, availability, legal use and transaction price not verified."
TN-7388aae091cf,Kallakurichi,"Kallakkurichi Town, Kallakurichi",residential_plot,land,3225.81,advertised_total_divided_by_source_area,3230,10000000,3100,sqft,3100,plot_area,0.13,asking_price,advertised_not_independently_verified,consistent_within_rounding_tolerance,,Housing.com,S127,https://housing.com/in/buy/kallakurichi/plots-fid/,2026-09-27,,kallakurichi,Kallakurichi,portal_locality_assignment_not_cadastral_verified,,individual_advertisement_not_locality_or_district_benchmark,"Asking price only; seller, title, availability, legal use and transaction price not verified."
TN-c180ad1f2a62,Kancheepuram,Kancheepuram,agricultural_land,land,250,advertised_total_divided_by_source_area,250,500000,2000,sqft,2000,plot_area,0,asking_price,advertised_not_independently_verified,consistent_within_rounding_tolerance,,Magicbricks,S048,https://www.magicbricks.com/agricultural-land-for-sale-in-kancheepuram-pppfs,2026-09-27,,kancheepuram,Kancheepuram,portal_locality_assignment_not_cadastral_verified,,individual_advertisement_not_locality_or_district_benchmark,"Asking price only; seller, title, availability, legal use and transaction price not verified."
TN-8d9a8bff6684,Kancheepuram,Kancheepuram,agricultural_land,land,1148.11,advertised_total_divided_by_source_area,1148,20000000,17420,sqft,17420,plot_area,-0.0092,asking_price,advertised_not_independently_verified,consistent_within_rounding_tolerance,,Magicbricks,S048,https://www.magicbricks.com/agricultural-land-for-sale-in-kancheepuram-pppfs,2026-09-27,,kancheepuram,Kancheepuram,portal_locality_assignment_not_cadastral_verified,,individual_advertisement_not_locality_or_district_benchmark,"Asking price only; seller, title, availability, legal use and transaction price not verified."
TN-aa66a4ff45c8,Kancheepuram,Sriperumbudur,agricultural_land,land,1600,advertised_total_divided_by_source_area,1600,4800000,3000,sqft,3000,plot_area,0,asking_price,advertised_not_independently_verified,consistent_within_rounding_tolerance,,Magicbricks,S041,https://www.magicbricks.com/agricultural-land-for-sale-in-chennai-pppfs,2026-09-27,,chennai,Chennai,locality_reassigned_using_official_district_source,https://kancheepuram.nic.in/about-district/administrative-setup/revenue-administration/,individual_advertisement_not_locality_or_district_benchmark,"Asking price only; seller, title, availability, legal use and transaction price not verified."
TN-5c6fb3425ece,Kancheepuram,Uthiramerur,agricultural_land,land,82.64,advertised_total_divided_by_source_area,83,1800000,21780,sqft,21780,plot_area,0.43,asking_price,advertised_not_independently_verified,consistent_within_rounding_tolerance,,Magicbricks,S048,https://www.magicbricks.com/agricultural-land-for-sale-in-kancheepuram-pppfs,2026-09-27,,kancheepuram,Kancheepuram,portal_locality_assignment_not_cadastral_verified,,individual_advertisement_not_locality_or_district_benchmark,"Asking price only; seller, title, availability, legal use and transaction price not verified."
TN-d4a6ada7bab3,Kancheepuram,Uthiramerur,agricultural_land,land,240,advertised_total_divided_by_source_area,240,2400000,10000,sqft,10000,plot_area,0,asking_price,advertised_not_independently_verified,consistent_within_rounding_tolerance,,Magicbricks,S048,https://www.magicbricks.com/agricultural-land-for-sale-in-kancheepuram-pppfs,2026-09-27,,kancheepuram,Kancheepuram,portal_locality_assignment_not_cadastral_verified,,individual_advertisement_not_locality_or_district_benchmark,"Asking price only; seller, title, availability, legal use and transaction price not verified."
TN-023d09ae5158,Kancheepuram,Uthiramerur,agricultural_land,land,290,advertised_total_divided_by_source_area,290,2900000,10000,sqft,10000,plot_area,0,asking_price,advertised_not_independently_verified,consistent_within_rounding_tolerance,,Magicbricks,S048,https://www.magicbricks.com/agricultural-land-for-sale-in-kancheepuram-pppfs,2026-09-27,,kancheepuram,Kancheepuram,portal_locality_assignment_not_cadastral_verified,,individual_advertisement_not_locality_or_district_benchmark,"Asking price only; seller, title, availability, legal use and transaction price not verified."
TN-e836763c9772,Kancheepuram,Walajabad,agricultural_land,land,250,advertised_total_divided_by_source_area,250,2400000,9600,sqft,9600,plot_area,0,asking_price,advertised_not_independently_verified,consistent_within_rounding_tolerance,,Magicbricks,S041,https://www.magicbricks.com/agricultural-land-for-sale-in-chennai-pppfs,2026-09-27,,chennai,Chennai,locality_reassigned_using_official_district_source,https://kancheepuram.nic.in/about-district/administrative-setup/revenue-administration/,individual_advertisement_not_locality_or_district_benchmark,"Asking price only; seller, title, availability, legal use and transaction price not verified."
TN-e73e27e5df86,Kancheepuram,Walajabad,agricultural_land,land,275,advertised_total_divided_by_source_area,275,2640000,9600,sqft,9600,plot_area,0,asking_price,advertised_not_independently_verified,consistent_within_rounding_tolerance,,Magicbricks,S041,https://www.magicbricks.com/agricultural-land-for-sale-in-chennai-pppfs,2026-09-27,,chennai,Chennai,locality_reassigned_using_official_district_source,https://kancheepuram.nic.in/about-district/administrative-setup/revenue-administration/,individual_advertisement_not_locality_or_district_benchmark,"Asking price only; seller, title, availability, legal use and transaction price not verified."
TN-387613c66d27,Kancheepuram,Godrej Sunrise Estate,commercial_land,land,56818.18,advertised_total_divided_by_source_area,56818,12500000,220,sqft,220,plot_area,-0.0003,asking_price,advertised_not_independently_verified,consistent_within_rounding_tolerance,,Magicbricks,S086,https://www.magicbricks.com/commercial-property-for-sale-in-kancheepuram-pppfs,2026-09-27,,kancheepuram,Kancheepuram,portal_locality_assignment_not_cadastral_verified,,individual_advertisement_not_locality_or_district_benchmark,"Asking price only; seller, title, availability, legal use and transaction price not verified."
TN-a3a4feaa6123,Kancheepuram,kilambi,commercial_land,land,10.37,advertised_total_divided_by_source_area,10,280000,27000,sqft,27000,plot_area,-3.5714,asking_price,advertised_not_independently_verified,consistent_within_rounding_tolerance,,Magicbricks,S086,https://www.magicbricks.com/commercial-property-for-sale-in-kancheepuram-pppfs,2026-09-27,,kancheepuram,Kancheepuram,portal_locality_assignment_not_cadastral_verified,,individual_advertisement_not_locality_or_district_benchmark,"Asking price only; seller, title, availability, legal use and transaction price not verified."
TN-8c89b9355bfa,Kancheepuram,Pillaiyarpalayam,independent_house,built_property,9444.65,advertised_total_divided_by_source_area,9445,25000000,2647,sqft,2647,super_area,0.0037,asking_price,advertised_not_independently_verified,consistent_within_rounding_tolerance,,Magicbricks,S115,https://www.magicbricks.com/property-for-sale-in-kancheepuram-pppfs,2026-09-27,,kancheepuram,Kancheepuram,portal_locality_assignment_not_cadastral_verified,,individual_advertisement_not_locality_or_district_benchmark,"Asking price only; seller, title, availability, legal use and transaction price not verified."
TN-5e353c6f5ad5,Kancheepuram,Sriperumbudur,industrial_land,land,803.49,advertised_total_divided_by_source_area,803,595000000,740520,sqft,740520,plot_area,-0.0609,asking_price,advertised_not_independently_verified,consistent_within_rounding_tolerance,,Magicbricks,S086,https://www.magicbricks.com/commercial-property-for-sale-in-kancheepuram-pppfs,2026-09-27,,kancheepuram,Kancheepuram,portal_locality_assignment_not_cadastral_verified,,individual_advertisement_not_locality_or_district_benchmark,"Asking price only; seller, title, availability, legal use and transaction price not verified."
TN-f2ac517cdbd2,Kancheepuram,Sriperumbudur,industrial_land,land,914.09,advertised_total_divided_by_source_area,914,39900000,43650,sqft,43650,plot_area,-0.0098,asking_price,advertised_not_independently_verified,consistent_within_rounding_tolerance,,Magicbricks,S086,https://www.magicbricks.com/commercial-property-for-sale-in-kancheepuram-pppfs,2026-09-27,,kancheepuram,Kancheepuram,portal_locality_assignment_not_cadastral_verified,,individual_advertisement_not_locality_or_district_benchmark,"Asking price only; seller, title, availability, legal use and transaction price not verified."
TN-6b2bace78640,Kancheepuram,Walajabad,industrial_land,land,344.35,advertised_total_divided_by_source_area,344,375000000,1089000,sqft,1089000,plot_area,-0.1024,asking_price,advertised_not_independently_verified,consistent_within_rounding_tolerance,,Magicbricks,S086,https://www.magicbricks.com/commercial-property-for-sale-in-kancheepuram-pppfs,2026-09-27,,kancheepuram,Kancheepuram,portal_locality_assignment_not_cadastral_verified,,individual_advertisement_not_locality_or_district_benchmark,"Asking price only; seller, title, availability, legal use and transaction price not verified."
TN-989be5832461,Kancheepuram,"Arasu Nagar, Orikkai",residential_plot,land,975,advertised_total_divided_by_source_area,975,975000,1000,sqft,1000,plot_area,0,asking_price,advertised_not_independently_verified,consistent_within_rounding_tolerance,,Housing.com,S128,https://housing.com/in/buy/kanchipuram/plots-fid/,2026-09-27,,kanchipuram,Kancheepuram,portal_locality_assignment_not_cadastral_verified,,individual_advertisement_not_locality_or_district_benchmark,"Asking price only; seller, title, availability, legal use and transaction price not verified."
TN-5302d45099c5,Kancheepuram,"Enathur, Kanchipuram",residential_plot,land,2400,advertised_total_divided_by_source_area,2400,1560000,650,sqft,650,plot_area,0,asking_price,advertised_not_independently_verified,consistent_within_rounding_tolerance,,Housing.com,S128,https://housing.com/in/buy/kanchipuram/plots-fid/,2026-09-27,,kanchipuram,Kancheepuram,portal_locality_assignment_not_cadastral_verified,,individual_advertisement_not_locality_or_district_benchmark,"Asking price only; seller, title, availability, legal use and transaction price not verified."
TN-6cd338d0539d,Kancheepuram,"Kilkadirpoor, Kanchipuram",residential_plot,land,875,advertised_total_divided_by_source_area,875,7280000,8320,sqft,8320,plot_area,0,asking_price,advertised_not_independently_verified,consistent_within_rounding_tolerance,,Housing.com,S128,https://housing.com/in/buy/kanchipuram/plots-fid/,2026-09-27,,kanchipuram,Kancheepuram,portal_locality_assignment_not_cadastral_verified,,individual_advertisement_not_locality_or_district_benchmark,"Asking price only; seller, title, availability, legal use and transaction price not verified."
TN-b14d283717ad,Kancheepuram,Manimangalam,residential_plot,land,2400,advertised_total_divided_by_source_area,2400,1920000,800,sqft,800,plot_area,0,asking_price,advertised_not_independently_verified,consistent_within_rounding_tolerance,,Magicbricks,S115,https://www.magicbricks.com/property-for-sale-in-kancheepuram-pppfs,2026-09-27,,kancheepuram,Kancheepuram,portal_locality_assignment_not_cadastral_verified,,individual_advertisement_not_locality_or_district_benchmark,"Asking price only; seller, title, availability, legal use and transaction price not verified."
TN-da6f1905f3d3,Kancheepuram,"Pillaiyarpalayam, Kanchipuram",residential_plot,land,5500,advertised_total_divided_by_source_area,5500,9900000,1800,sqft,1800,plot_area,0,asking_price,advertised_not_independently_verified,consistent_within_rounding_tolerance,,Housing.com,S128,https://housing.com/in/buy/kanchipuram/plots-fid/,2026-09-27,,kanchipuram,Kancheepuram,portal_locality_assignment_not_cadastral_verified,,individual_advertisement_not_locality_or_district_benchmark,"Asking price only; seller, title, availability, legal use and transaction price not verified."
TN-641c4b7e9515,Kancheepuram,"Sevlimedu, Kanchipuram",residential_plot,land,975.56,advertised_total_divided_by_source_area,975,878000,900,sqft,900,plot_area,-0.0569,asking_price,advertised_not_independently_verified,consistent_within_rounding_tolerance,,Housing.com,S128,https://housing.com/in/buy/kanchipuram/plots-fid/,2026-09-27,,kanchipuram,Kancheepuram,portal_locality_assignment_not_cadastral_verified,,individual_advertisement_not_locality_or_district_benchmark,"Asking price only; seller, title, availability, legal use and transaction price not verified."
TN-0f16c8f6d19b,Kancheepuram,Singadivakkam,residential_plot,land,2876.71,advertised_total_divided_by_source_area,2877,2100000,730,sqft,730,plot_area,0.01,asking_price,advertised_not_independently_verified,consistent_within_rounding_tolerance,,Magicbricks,S115,https://www.magicbricks.com/property-for-sale-in-kancheepuram-pppfs,2026-09-27,,kancheepuram,Kancheepuram,portal_locality_assignment_not_cadastral_verified,,individual_advertisement_not_locality_or_district_benchmark,"Asking price only; seller, title, availability, legal use and transaction price not verified."
TN-8defdcb17460,Kancheepuram,Walajabad,residential_plot,land,520.83,advertised_total_divided_by_source_area,521,1250000,2400,sqft,2400,plot_area,0.032,asking_price,advertised_not_independently_verified,consistent_within_rounding_tolerance,,Magicbricks,S115,https://www.magicbricks.com/property-for-sale-in-kancheepuram-pppfs,2026-09-27,,kancheepuram,Kancheepuram,portal_locality_assignment_not_cadastral_verified,,individual_advertisement_not_locality_or_district_benchmark,"Asking price only; seller, title, availability, legal use and transaction price not verified."
TN-8ceafc2e689b,Kancheepuram,Sriperumbudur,villa,built_property,7440.48,advertised_total_divided_by_source_area,7440,12500000,1680,sqft,1680,super_area,-0.0064,asking_price,advertised_not_independently_verified,consistent_within_rounding_tolerance,,Magicbricks,S115,https://www.magicbricks.com/property-for-sale-in-kancheepuram-pppfs,2026-09-27,,kancheepuram,Kancheepuram,portal_locality_assignment_not_cadastral_verified,,individual_advertisement_not_locality_or_district_benchmark,"Asking price only; seller, title, availability, legal use and transaction price not verified."
TN-751969ec28e7,Kanniyakumari,Kurusady,agricultural_land,land,2000,advertised_total_divided_by_source_area,2000,540000,270,sqft,270,plot_area,0,asking_price,advertised_not_independently_verified,consistent_within_rounding_tolerance,,Magicbricks,S049,https://www.magicbricks.com/agricultural-land-for-sale-in-nagercoil-pppfs,2026-09-27,,nagercoil,Kanniyakumari,portal_locality_assignment_not_cadastral_verified,,individual_advertisement_not_locality_or_district_benchmark,"Asking price only; seller, title, availability, legal use and transaction price not verified."
TN-44afb4265a53,Kanniyakumari,Nagercoil,agricultural_land,land,344.45,advertised_total_divided_by_source_area,344,6300000,18290,sqft,18290,plot_area,-0.1308,asking_price,advertised_not_independently_verified,consistent_within_rounding_tolerance,,Magicbricks,S049,https://www.magicbricks.com/agricultural-land-for-sale-in-nagercoil-pppfs,2026-09-27,,nagercoil,Kanniyakumari,portal_locality_assignment_not_cadastral_verified,,individual_advertisement_not_locality_or_district_benchmark,"Asking price only; seller, title, availability, legal use and transaction price not verified."
TN-a402d0d477e8,Kanniyakumari,Nagercoil,agricultural_land,land,573.83,advertised_total_divided_by_source_area,574,7500000,13070,sqft,13070,plot_area,0.0291,asking_price,advertised_not_independently_verified,consistent_within_rounding_tolerance,,Magicbricks,S049,https://www.magicbricks.com/agricultural-land-for-sale-in-nagercoil-pppfs,2026-09-27,,nagercoil,Kanniyakumari,portal_locality_assignment_not_cadastral_verified,,individual_advertisement_not_locality_or_district_benchmark,"Asking price only; seller, title, availability, legal use and transaction price not verified."
TN-9856c09e5f82,Kanniyakumari,Nagercoil,agricultural_land,land,810.26,advertised_total_divided_by_source_area,810,24000000,29620,sqft,29620,plot_area,-0.0325,asking_price,advertised_not_independently_verified,consistent_within_rounding_tolerance,,Magicbricks,S049,https://www.magicbricks.com/agricultural-land-for-sale-in-nagercoil-pppfs,2026-09-27,,nagercoil,Kanniyakumari,portal_locality_assignment_not_cadastral_verified,,individual_advertisement_not_locality_or_district_benchmark,"Asking price only; seller, title, availability, legal use and transaction price not verified."
TN-db6b9bf3e4d3,Kanniyakumari,Nagercoil Railway Station,agricultural_land,land,857.14,advertised_total_divided_by_source_area,857,18000000,21000,sqft,21000,plot_area,-0.0167,asking_price,advertised_not_independently_verified,consistent_within_rounding_tolerance,,Magicbricks,S049,https://www.magicbricks.com/agricultural-land-for-sale-in-nagercoil-pppfs,2026-09-27,,nagercoil,Kanniyakumari,portal_locality_assignment_not_cadastral_verified,,individual_advertisement_not_locality_or_district_benchmark,"Asking price only; seller, title, availability, legal use and transaction price not verified."
TN-592fea4bb2dc,Kanniyakumari,shopping complex near aasaripallam,commercial_retail,built_property,2500,advertised_total_divided_by_source_area,2500,7000000,2800,sqft,2800,super_area,0,asking_price,advertised_not_independently_verified,consistent_within_rounding_tolerance,,Magicbricks,S087,https://www.magicbricks.com/commercial-property-for-sale-in-nagercoil-pppfs,2026-09-27,,nagercoil,Kanniyakumari,portal_locality_assignment_not_cadastral_verified,,individual_advertisement_not_locality_or_district_benchmark,"Asking price only; seller, title, availability, legal use and transaction price not verified."
TN-ec4a371b6048,Kanniyakumari,Christopher Nagar,independent_house,built_property,4594.59,advertised_total_divided_by_source_area,4595,8500000,1850,sqft,1850,super_area,0.0088,asking_price,advertised_not_independently_verified,consistent_within_rounding_tolerance,,Magicbricks,S011,https://www.magicbricks.com/property-for-sale-in-nagercoil-pppfs,2026-09-27,,nagercoil,Kanniyakumari,portal_locality_assignment_not_cadastral_verified,,individual_advertisement_not_locality_or_district_benchmark,"Asking price only; seller, title, availability, legal use and transaction price not verified."
TN-4d2a640dcc16,Kanniyakumari,Vetturnimadam,independent_house,built_property,8909.09,advertised_total_divided_by_source_area,8909,24500000,2750,sqft,2750,super_area,-0.001,asking_price,advertised_not_independently_verified,consistent_within_rounding_tolerance,,Magicbricks,S011,https://www.magicbricks.com/property-for-sale-in-nagercoil-pppfs,2026-09-27,,nagercoil,Kanniyakumari,portal_locality_assignment_not_cadastral_verified,,individual_advertisement_not_locality_or_district_benchmark,"Asking price only; seller, title, availability, legal use and transaction price not verified."
TN-966901b846e1,Kanniyakumari,"Agasteeswaram, Kanyakumari",residential_plot,land,4513.89,advertised_total_divided_by_source_area,4510,13000000,2880,sqft,2880,plot_area,-0.0862,asking_price,advertised_not_independently_verified,consistent_within_rounding_tolerance,,Housing.com,S129,https://housing.com/in/buy/kanyakumari/plots-fid/,2026-09-27,,kanyakumari,Kanniyakumari,portal_locality_assignment_not_cadastral_verified,,individual_advertisement_not_locality_or_district_benchmark,"Asking price only; seller, title, availability, legal use and transaction price not verified."
TN-f1d44e9dfbe6,Kanniyakumari,"Asaripallam, Nagercoil",residential_plot,land,1903.85,advertised_total_divided_by_source_area,1900,4950000,2600,sqft,2600,plot_area,-0.202,asking_price,advertised_not_independently_verified,consistent_within_rounding_tolerance,,Housing.com,S129,https://housing.com/in/buy/kanyakumari/plots-fid/,2026-09-27,,kanyakumari,Kanniyakumari,portal_locality_assignment_not_cadastral_verified,,individual_advertisement_not_locality_or_district_benchmark,"Asking price only; seller, title, availability, legal use and transaction price not verified."
TN-399fa26d3d47,Kanniyakumari,"Pazhugal, Kanyakumari",residential_plot,land,1377.39,advertised_total_divided_by_source_area,1380,15300000,11108,sqft,11108,plot_area,0.1898,asking_price,advertised_not_independently_verified,consistent_within_rounding_tolerance,,Housing.com,S129,https://housing.com/in/buy/kanyakumari/plots-fid/,2026-09-27,,kanyakumari,Kanniyakumari,portal_locality_assignment_not_cadastral_verified,,individual_advertisement_not_locality_or_district_benchmark,"Asking price only; seller, title, availability, legal use and transaction price not verified."
TN-ce5d57126634,Kanniyakumari,"Puthukudierupu, Nagercoil",residential_plot,land,183.65,advertised_total_divided_by_source_area,183,800000,4356,sqft,4356,plot_area,-0.3565,asking_price,advertised_not_independently_verified,consistent_within_rounding_tolerance,,Housing.com,S129,https://housing.com/in/buy/kanyakumari/plots-fid/,2026-09-27,,kanyakumari,Kanniyakumari,portal_locality_assignment_not_cadastral_verified,,individual_advertisement_not_locality_or_district_benchmark,"Asking price only; seller, title, availability, legal use and transaction price not verified."
TN-eee6cab876d7,Kanniyakumari,"Simon Nagar, Nagercoil",residential_plot,land,1082.72,advertised_total_divided_by_source_area,1080,2500000,2309,sqft,2309,plot_area,-0.2512,asking_price,advertised_not_independently_verified,consistent_within_rounding_tolerance,,Housing.com,S129,https://housing.com/in/buy/kanyakumari/plots-fid/,2026-09-27,,kanyakumari,Kanniyakumari,portal_locality_assignment_not_cadastral_verified,,individual_advertisement_not_locality_or_district_benchmark,"Asking price only; seller, title, availability, legal use and transaction price not verified."
TN-884777e5fb63,Kanniyakumari,Vattavilai,residential_plot,land,3211.75,advertised_total_divided_by_source_area,3212,14000000,4359,sqft,4359,plot_area,0.0079,asking_price,advertised_not_independently_verified,consistent_within_rounding_tolerance,,Magicbricks,S011,https://www.magicbricks.com/property-for-sale-in-nagercoil-pppfs,2026-09-27,,nagercoil,Kanniyakumari,portal_locality_assignment_not_cadastral_verified,,individual_advertisement_not_locality_or_district_benchmark,"Asking price only; seller, title, availability, legal use and transaction price not verified."
TN-55a219f6770a,Kanniyakumari,"Weavers Colony, Nagercoil",residential_plot,land,128.57,advertised_total_divided_by_source_area,128,900000,7000,sqft,7000,plot_area,-0.4444,asking_price,advertised_not_independently_verified,consistent_within_rounding_tolerance,,Housing.com,S129,https://housing.com/in/buy/kanyakumari/plots-fid/,2026-09-27,,kanyakumari,Kanniyakumari,portal_locality_assignment_not_cadastral_verified,,individual_advertisement_not_locality_or_district_benchmark,"Asking price only; seller, title, availability, legal use and transaction price not verified."
TN-c5a8b01c0fc0,Kanniyakumari,Thuckalay Padmanabhapuram,villa,built_property,16666.67,advertised_total_divided_by_source_area,16667,70000000,4200,sqft,4200,carpet_area,0.002,asking_price,advertised_not_independently_verified,consistent_within_rounding_tolerance,,Magicbricks,S011,https://www.magicbricks.com/property-for-sale-in-nagercoil-pppfs,2026-09-27,,nagercoil,Kanniyakumari,portal_locality_assignment_not_cadastral_verified,,individual_advertisement_not_locality_or_district_benchmark,"Asking price only; seller, title, availability, legal use and transaction price not verified."
TN-5111851cc57d,Kanniyakumari,Village Thellanthi,villa,built_property,2296.04,advertised_total_divided_by_source_area,2296,15000000,6533,sqft,6533,built_area,-0.0015,asking_price,advertised_not_independently_verified,consistent_within_rounding_tolerance,,Magicbricks,S087,https://www.magicbricks.com/commercial-property-for-sale-in-nagercoil-pppfs,2026-09-27,,nagercoil,Kanniyakumari,portal_locality_assignment_not_cadastral_verified,,individual_advertisement_not_locality_or_district_benchmark,"Asking price only; seller, title, availability, legal use and transaction price not verified."
TN-4223e0ab8576,Karur,Karur,agricultural_land,land,65.03,advertised_total_divided_by_source_area,65,8500000,130700,sqft,130700,plot_area,-0.0529,asking_price,advertised_not_independently_verified,consistent_within_rounding_tolerance,,Magicbricks,S050,https://www.magicbricks.com/agricultural-land-for-sale-in-karur-pppfs,2026-09-27,,karur,Karur,portal_locality_assignment_not_cadastral_verified,,individual_advertisement_not_locality_or_district_benchmark,"Asking price only; seller, title, availability, legal use and transaction price not verified."
TN-32d065facb46,Karur,Karur,agricultural_land,land,114.77,advertised_total_divided_by_source_area,115,15000000,130700,sqft,130700,plot_area,0.2033,asking_price,advertised_not_independently_verified,consistent_within_rounding_tolerance,,Magicbricks,S050,https://www.magicbricks.com/agricultural-land-for-sale-in-karur-pppfs,2026-09-27,,karur,Karur,portal_locality_assignment_not_cadastral_verified,,individual_advertisement_not_locality_or_district_benchmark,"Asking price only; seller, title, availability, legal use and transaction price not verified."
TN-8f4b1372e1cb,Karur,Karur,agricultural_land,land,195.15,advertised_total_divided_by_source_area,195,76500000,392000,sqft,392000,plot_area,-0.0784,asking_price,advertised_not_independently_verified,consistent_within_rounding_tolerance,,Magicbricks,S050,https://www.magicbricks.com/agricultural-land-for-sale-in-karur-pppfs,2026-09-27,,karur,Karur,portal_locality_assignment_not_cadastral_verified,,individual_advertisement_not_locality_or_district_benchmark,"Asking price only; seller, title, availability, legal use and transaction price not verified."
TN-7ba25301ff0c,Karur,Kovai Main Road,agricultural_land,land,229.53,advertised_total_divided_by_source_area,230,60000000,261400,sqft,261400,plot_area,0.2033,asking_price,advertised_not_independently_verified,consistent_within_rounding_tolerance,,Magicbricks,S050,https://www.magicbricks.com/agricultural-land-for-sale-in-karur-pppfs,2026-09-27,,karur,Karur,portal_locality_assignment_not_cadastral_verified,,individual_advertisement_not_locality_or_district_benchmark,"Asking price only; seller, title, availability, legal use and transaction price not verified."
TN-946e5bf5db19,Karur,Nangavaram,agricultural_land,land,74.54,advertised_total_divided_by_source_area,75,6500000,87200,sqft,87200,plot_area,0.6154,asking_price,advertised_not_independently_verified,consistent_within_rounding_tolerance,,Magicbricks,S050,https://www.magicbricks.com/agricultural-land-for-sale-in-karur-pppfs,2026-09-27,,karur,Karur,portal_locality_assignment_not_cadastral_verified,,individual_advertisement_not_locality_or_district_benchmark,"Asking price only; seller, title, availability, legal use and transaction price not verified."
TN-0132112d95c6,Karur,Puliyur,agricultural_land,land,344.35,advertised_total_divided_by_source_area,344,15000000,43560,sqft,43560,plot_area,-0.1024,asking_price,advertised_not_independently_verified,consistent_within_rounding_tolerance,,Magicbricks,S050,https://www.magicbricks.com/agricultural-land-for-sale-in-karur-pppfs,2026-09-27,,karur,Karur,portal_locality_assignment_not_cadastral_verified,,individual_advertisement_not_locality_or_district_benchmark,"Asking price only; seller, title, availability, legal use and transaction price not verified."
TN-b3a3e4611d8b,Karur,Rayanur,independent_house,built_property,8727.27,advertised_total_divided_by_source_area,8727,9600000,1100,sqft,1100,super_area,-0.0031,asking_price,advertised_not_independently_verified,consistent_within_rounding_tolerance,,Magicbricks,S012,https://www.magicbricks.com/property-for-sale-in-karur-pppfs,2026-09-27,,karur,Karur,portal_locality_assignment_not_cadastral_verified,,individual_advertisement_not_locality_or_district_benchmark,"Asking price only; seller, title, availability, legal use and transaction price not verified."
TN-be8025f203b5,Karur,Andankoil East,residential_plot,land,3361.72,advertised_total_divided_by_source_area,3362,15000000,4462,sqft,4462,plot_area,0.0083,asking_price,advertised_not_independently_verified,consistent_within_rounding_tolerance,,Magicbricks,S012,https://www.magicbricks.com/property-for-sale-in-karur-pppfs,2026-09-27,,karur,Karur,portal_locality_assignment_not_cadastral_verified,,individual_advertisement_not_locality_or_district_benchmark,"Asking price only; seller, title, availability, legal use and transaction price not verified."
TN-a75624863399,Karur,"Andankoil West, karur",residential_plot,land,7500,advertised_total_divided_by_source_area,7500,45000000,6000,sqft,6000,plot_area,0,asking_price,advertised_not_independently_verified,consistent_within_rounding_tolerance,,Housing.com,S130,https://housing.com/in/buy/karur/plots-fid/,2026-09-27,,karur,Karur,portal_locality_assignment_not_cadastral_verified,,individual_advertisement_not_locality_or_district_benchmark,"Asking price only; seller, title, availability, legal use and transaction price not verified."
TN-3186b7f7b673,Karur,Emoor,residential_plot,land,1475.65,advertised_total_divided_by_source_area,1476,3000000,2033,sqft,2033,plot_area,0.0236,asking_price,advertised_not_independently_verified,consistent_within_rounding_tolerance,,Magicbricks,S012,https://www.magicbricks.com/property-for-sale-in-karur-pppfs,2026-09-27,,karur,Karur,portal_locality_assignment_not_cadastral_verified,,individual_advertisement_not_locality_or_district_benchmark,"Asking price only; seller, title, availability, legal use and transaction price not verified."
TN-719ef1d3bbd7,Karur,"Jawahar Bazaar, karur",residential_plot,land,461.54,advertised_total_divided_by_source_area,461,6000000,13000,sqft,13000,plot_area,-0.1167,asking_price,advertised_not_independently_verified,consistent_within_rounding_tolerance,,Housing.com,S130,https://housing.com/in/buy/karur/plots-fid/,2026-09-27,,karur,Karur,portal_locality_assignment_not_cadastral_verified,,individual_advertisement_not_locality_or_district_benchmark,"Asking price only; seller, title, availability, legal use and transaction price not verified."
TN-622db347bdab,Karur,"Mookanankurichi, karur",residential_plot,land,2000,advertised_total_divided_by_source_area,2000,3600000,1800,sqft,1800,plot_area,0,asking_price,advertised_not_independently_verified,consistent_within_rounding_tolerance,,Housing.com,S130,https://housing.com/in/buy/karur/plots-fid/,2026-09-27,,karur,Karur,portal_locality_assignment_not_cadastral_verified,,individual_advertisement_not_locality_or_district_benchmark,"Asking price only; seller, title, availability, legal use and transaction price not verified."
TN-8a436cd89654,Karur,"Thanthoni, karur",residential_plot,land,950,advertised_total_divided_by_source_area,950,1140000,1200,sqft,1200,plot_area,0,asking_price,advertised_not_independently_verified,consistent_within_rounding_tolerance,,Housing.com,S130,https://housing.com/in/buy/karur/plots-fid/,2026-09-27,,karur,Karur,portal_locality_assignment_not_cadastral_verified,,individual_advertisement_not_locality_or_district_benchmark,"Asking price only; seller, title, availability, legal use and transaction price not verified."
TN-07a77c513d16,Karur,Velayuthampalayam,residential_plot,land,3143.13,advertised_total_divided_by_source_area,3143,13000000,4136,sqft,4136,plot_area,-0.0042,asking_price,advertised_not_independently_verified,consistent_within_rounding_tolerance,,Magicbricks,S012,https://www.magicbricks.com/property-for-sale-in-karur-pppfs,2026-09-27,,karur,Karur,portal_locality_assignment_not_cadastral_verified,,individual_advertisement_not_locality_or_district_benchmark,"Asking price only; seller, title, availability, legal use and transaction price not verified."
TN-065ab4d21344,Krishnagiri,Bargur,agricultural_land,land,57.38,advertised_total_divided_by_source_area,57,7500000,130700,sqft,130700,plot_area,-0.668,asking_price,advertised_not_independently_verified,consistent_within_rounding_tolerance,,Magicbricks,S051,https://www.magicbricks.com/agricultural-land-for-sale-in-krishnagiri-pppfs,2026-09-27,,krishnagiri,Krishnagiri,portal_locality_assignment_not_cadastral_verified,,individual_advertisement_not_locality_or_district_benchmark,"Asking price only; seller, title, availability, legal use and transaction price not verified."
TN-ec31b4d059aa,Krishnagiri,Bargur,agricultural_land,land,202.1,advertised_total_divided_by_source_area,202,20000000,98960,sqft,98960,plot_area,-0.0504,asking_price,advertised_not_independently_verified,consistent_within_rounding_tolerance,,Magicbricks,S051,https://www.magicbricks.com/agricultural-land-for-sale-in-krishnagiri-pppfs,2026-09-27,,krishnagiri,Krishnagiri,portal_locality_assignment_not_cadastral_verified,,individual_advertisement_not_locality_or_district_benchmark,"Asking price only; seller, title, availability, legal use and transaction price not verified."
TN-09e6b6527466,Krishnagiri,Berigai Shoolagiri Road,agricultural_land,land,248.83,advertised_total_divided_by_source_area,249,2650000,10650,sqft,10650,plot_area,0.0698,asking_price,advertised_not_independently_verified,consistent_within_rounding_tolerance,,Magicbricks,S051,https://www.magicbricks.com/agricultural-land-for-sale-in-krishnagiri-pppfs,2026-09-27,,krishnagiri,Krishnagiri,portal_locality_assignment_not_cadastral_verified,,individual_advertisement_not_locality_or_district_benchmark,"Asking price only; seller, title, availability, legal use and transaction price not verified."
TN-32bd1dfc8f8b,Krishnagiri,Krishnagiri,agricultural_land,land,405.69,advertised_total_divided_by_source_area,406,9500000,23417,sqft,23417,plot_area,0.0769,asking_price,advertised_not_independently_verified,consistent_within_rounding_tolerance,,Magicbricks,S051,https://www.magicbricks.com/agricultural-land-for-sale-in-krishnagiri-pppfs,2026-09-27,,krishnagiri,Krishnagiri,portal_locality_assignment_not_cadastral_verified,,individual_advertisement_not_locality_or_district_benchmark,"Asking price only; seller, title, availability, legal use and transaction price not verified."
TN-6777be97a2b7,Krishnagiri,Krishnagiri,agricultural_land,land,1951.33,advertised_total_divided_by_source_area,1951,85000000,43560,sqft,43560,plot_area,-0.017,asking_price,advertised_not_independently_verified,consistent_within_rounding_tolerance,,Magicbricks,S051,https://www.magicbricks.com/agricultural-land-for-sale-in-krishnagiri-pppfs,2026-09-27,,krishnagiri,Krishnagiri,portal_locality_assignment_not_cadastral_verified,,individual_advertisement_not_locality_or_district_benchmark,"Asking price only; seller, title, availability, legal use and transaction price not verified."
TN-73d4db1527ef,Krishnagiri,Salem Main Road,agricultural_land,land,160.73,advertised_total_divided_by_source_area,161,28000000,174200,sqft,174200,plot_area,0.165,asking_price,advertised_not_independently_verified,consistent_within_rounding_tolerance,,Magicbricks,S051,https://www.magicbricks.com/agricultural-land-for-sale-in-krishnagiri-pppfs,2026-09-27,,krishnagiri,Krishnagiri,portal_locality_assignment_not_cadastral_verified,,individual_advertisement_not_locality_or_district_benchmark,"Asking price only; seller, title, availability, legal use and transaction price not verified."
TN-cf4cf3b0ec48,Krishnagiri,Berigai,commercial_land,land,541.67,advertised_total_divided_by_source_area,542,6500000,12000,sqft,12000,plot_area,0.0615,asking_price,advertised_not_independently_verified,consistent_within_rounding_tolerance,,Magicbricks,S089,https://www.magicbricks.com/commercial-property-for-sale-in-krishnagiri-pppfs,2026-09-27,,krishnagiri,Krishnagiri,portal_locality_assignment_not_cadastral_verified,,individual_advertisement_not_locality_or_district_benchmark,"Asking price only; seller, title, availability, legal use and transaction price not verified."
TN-bb8112a5277b,Krishnagiri,Kaveripattinam,commercial_land,land,3666.67,advertised_total_divided_by_source_area,3667,110000000,30000,sqft,30000,plot_area,0.0091,asking_price,advertised_not_independently_verified,consistent_within_rounding_tolerance,,Magicbricks,S089,https://www.magicbricks.com/commercial-property-for-sale-in-krishnagiri-pppfs,2026-09-27,,krishnagiri,Krishnagiri,portal_locality_assignment_not_cadastral_verified,,individual_advertisement_not_locality_or_district_benchmark,"Asking price only; seller, title, availability, legal use and transaction price not verified."
TN-385614e6ae03,Krishnagiri,Pochampalli,commercial_land,land,8153.85,advertised_total_divided_by_source_area,8154,26500000,3250,sqft,3250,plot_area,0.0019,asking_price,advertised_not_independently_verified,consistent_within_rounding_tolerance,,Magicbricks,S089,https://www.magicbricks.com/commercial-property-for-sale-in-krishnagiri-pppfs,2026-09-27,,krishnagiri,Krishnagiri,portal_locality_assignment_not_cadastral_verified,,individual_advertisement_not_locality_or_district_benchmark,"Asking price only; seller, title, availability, legal use and transaction price not verified."
TN-0e3bf0d5f23d,Krishnagiri,Kathujuganapalli,independent_house,built_property,7142.86,advertised_total_divided_by_source_area,7143,5000000,700,sqft,700,super_area,0.002,asking_price,advertised_not_independently_verified,consistent_within_rounding_tolerance,,Magicbricks,S013,https://www.magicbricks.com/property-for-sale-in-krishnagiri-pppfs,2026-09-27,,krishnagiri,Krishnagiri,portal_locality_assignment_not_cadastral_verified,,individual_advertisement_not_locality_or_district_benchmark,"Asking price only; seller, title, availability, legal use and transaction price not verified."
TN-7829e2050abc,Krishnagiri,Bargur,industrial_land,land,98.71,advertised_total_divided_by_source_area,99,4300000,43560,sqft,43560,plot_area,0.2893,asking_price,advertised_not_independently_verified,consistent_within_rounding_tolerance,,Magicbricks,S089,https://www.magicbricks.com/commercial-property-for-sale-in-krishnagiri-pppfs,2026-09-27,,krishnagiri,Krishnagiri,portal_locality_assignment_not_cadastral_verified,,individual_advertisement_not_locality_or_district_benchmark,"Asking price only; seller, title, availability, legal use and transaction price not verified."
TN-5972babbb409,Krishnagiri,jagadevi,industrial_land,land,30.61,advertised_total_divided_by_source_area,31,12000000,392000,sqft,392000,plot_area,1.2667,asking_price,advertised_not_independently_verified,consistent_within_rounding_tolerance,,Magicbricks,S089,https://www.magicbricks.com/commercial-property-for-sale-in-krishnagiri-pppfs,2026-09-27,,krishnagiri,Krishnagiri,portal_locality_assignment_not_cadastral_verified,,individual_advertisement_not_locality_or_district_benchmark,"Asking price only; seller, title, availability, legal use and transaction price not verified."
TN-a9ff81203584,Krishnagiri,Hosur,residential_plot,land,1212.69,advertised_total_divided_by_source_area,1213,6500000,5360,sqft,5360,plot_area,0.0258,asking_price,advertised_not_independently_verified,consistent_within_rounding_tolerance,,Magicbricks,S013,https://www.magicbricks.com/property-for-sale-in-krishnagiri-pppfs,2026-09-27,,krishnagiri,Krishnagiri,portal_locality_assignment_not_cadastral_verified,,individual_advertisement_not_locality_or_district_benchmark,"Asking price only; seller, title, availability, legal use and transaction price not verified."
TN-bcffd507465d,Krishnagiri,Kandhikuppam,residential_plot,land,225.99,advertised_total_divided_by_source_area,226,6000000,26550,sqft,26550,plot_area,0.005,asking_price,advertised_not_independently_verified,consistent_within_rounding_tolerance,,Magicbricks,S013,https://www.magicbricks.com/property-for-sale-in-krishnagiri-pppfs,2026-09-27,,krishnagiri,Krishnagiri,portal_locality_assignment_not_cadastral_verified,,individual_advertisement_not_locality_or_district_benchmark,"Asking price only; seller, title, availability, legal use and transaction price not verified."
TN-9ecc3ebf1fc0,Krishnagiri,Peddatalapalli,residential_plot,land,1600,advertised_total_divided_by_source_area,1600,2400000,1500,sqft,1500,plot_area,0,asking_price,advertised_not_independently_verified,consistent_within_rounding_tolerance,,Magicbricks,S013,https://www.magicbricks.com/property-for-sale-in-krishnagiri-pppfs,2026-09-27,,krishnagiri,Krishnagiri,portal_locality_assignment_not_cadastral_verified,,individual_advertisement_not_locality_or_district_benchmark,"Asking price only; seller, title, availability, legal use and transaction price not verified."
TN-4755dba12ebc,Madurai,Kamatchipuram,agricultural_land,land,57.39,advertised_total_divided_by_source_area,57,125000000,2178000,sqft,2178000,plot_area,-0.6832,asking_price,advertised_not_independently_verified,consistent_within_rounding_tolerance,,Magicbricks,S052,https://www.magicbricks.com/agricultural-land-for-sale-in-madurai-pppfs,2026-09-27,,madurai,Madurai,portal_locality_assignment_not_cadastral_verified,,individual_advertisement_not_locality_or_district_benchmark,"Asking price only; seller, title, availability, legal use and transaction price not verified."
TN-335a13546f1a,Madurai,Kamatchipuram,agricultural_land,land,91.85,advertised_total_divided_by_source_area,92,2480000,27000,sqft,27000,plot_area,0.1613,asking_price,advertised_not_independently_verified,consistent_within_rounding_tolerance,,Magicbricks,S052,https://www.magicbricks.com/agricultural-land-for-sale-in-madurai-pppfs,2026-09-27,,madurai,Madurai,portal_locality_assignment_not_cadastral_verified,,individual_advertisement_not_locality_or_district_benchmark,"Asking price only; seller, title, availability, legal use and transaction price not verified."
TN-0d52c18eeb2c,Madurai,Kappalur,agricultural_land,land,344.35,advertised_total_divided_by_source_area,344,30000000,87120,sqft,87120,plot_area,-0.1024,asking_price,advertised_not_independently_verified,consistent_within_rounding_tolerance,,Magicbricks,S052,https://www.magicbricks.com/agricultural-land-for-sale-in-madurai-pppfs,2026-09-27,,madurai,Madurai,portal_locality_assignment_not_cadastral_verified,,individual_advertisement_not_locality_or_district_benchmark,"Asking price only; seller, title, availability, legal use and transaction price not verified."
TN-d21b0e36c335,Madurai,Madurai,agricultural_land,land,344.4,advertised_total_divided_by_source_area,344,27900000,81010,sqft,81010,plot_area,-0.1167,asking_price,advertised_not_independently_verified,consistent_within_rounding_tolerance,,Magicbricks,S052,https://www.magicbricks.com/agricultural-land-for-sale-in-madurai-pppfs,2026-09-27,,madurai,Madurai,portal_locality_assignment_not_cadastral_verified,,individual_advertisement_not_locality_or_district_benchmark,"Asking price only; seller, title, availability, legal use and transaction price not verified."
TN-bcb3db16a544,Madurai,Madurai,agricultural_land,land,1836.97,advertised_total_divided_by_source_area,1837,320000000,174200,sqft,174200,plot_area,0.0017,asking_price,advertised_not_independently_verified,consistent_within_rounding_tolerance,,Magicbricks,S052,https://www.magicbricks.com/agricultural-land-for-sale-in-madurai-pppfs,2026-09-27,,madurai,Madurai,portal_locality_assignment_not_cadastral_verified,,individual_advertisement_not_locality_or_district_benchmark,"Asking price only; seller, title, availability, legal use and transaction price not verified."
TN-2958b4c7dbab,Madurai,Kanpalayam cross street,commercial_office,built_property,18644.07,advertised_total_divided_by_source_area,18644,4400000,236,sqft,236,super_area,-0.0004,asking_price,advertised_not_independently_verified,consistent_within_rounding_tolerance,,Magicbricks,S090,https://www.magicbricks.com/commercial-property-for-sale-in-madurai-pppfs,2026-09-27,,madurai,Madurai,portal_locality_assignment_not_cadastral_verified,,individual_advertisement_not_locality_or_district_benchmark,"Asking price only; seller, title, availability, legal use and transaction price not verified."
TN-0eca2567ab19,Madurai,SBOA school,independent_house,built_property,6000,advertised_total_divided_by_source_area,6000,5700000,950,sqft,950,super_area,0,asking_price,advertised_not_independently_verified,consistent_within_rounding_tolerance,,Magicbricks,S014,https://www.magicbricks.com/property-for-sale-in-madurai-pppfs,2026-09-27,,madurai,Madurai,portal_locality_assignment_not_cadastral_verified,,individual_advertisement_not_locality_or_district_benchmark,"Asking price only; seller, title, availability, legal use and transaction price not verified."
TN-b89ed798f27b,Madurai,Visalakshipuram,independent_house,built_property,8000,advertised_total_divided_by_source_area,8000,24000000,3000,sqft,3000,super_area,0,asking_price,advertised_not_independently_verified,consistent_within_rounding_tolerance,,Magicbricks,S014,https://www.magicbricks.com/property-for-sale-in-madurai-pppfs,2026-09-27,,madurai,Madurai,portal_locality_assignment_not_cadastral_verified,,individual_advertisement_not_locality_or_district_benchmark,"Asking price only; seller, title, availability, legal use and transaction price not verified."
TN-a207fcb84445,Madurai,Alanganallur,residential_plot,land,1235.34,advertised_total_divided_by_source_area,1235,2950000,2388,sqft,2388,plot_area,-0.0278,asking_price,advertised_not_independently_verified,consistent_within_rounding_tolerance,,Magicbricks,S014,https://www.magicbricks.com/property-for-sale-in-madurai-pppfs,2026-09-27,,madurai,Madurai,portal_locality_assignment_not_cadastral_verified,,individual_advertisement_not_locality_or_district_benchmark,"Asking price only; seller, title, availability, legal use and transaction price not verified."
TN-44181eeb5905,Madurai,"Chatrapatti, Madurai",residential_plot,land,1145.83,advertised_total_divided_by_source_area,1150,1375000,1200,sqft,1200,plot_area,0.3636,asking_price,advertised_not_independently_verified,consistent_within_rounding_tolerance,,Housing.com,S132,https://housing.com/in/buy/madurai/plots-fid/,2026-09-27,,madurai,Madurai,portal_locality_assignment_not_cadastral_verified,,individual_advertisement_not_locality_or_district_benchmark,"Asking price only; seller, title, availability, legal use and transaction price not verified."
TN-91b2db9731e5,Madurai,"Kalikappan, Madurai",residential_plot,land,2995.41,advertised_total_divided_by_source_area,3000,1306000,436,sqft,436,plot_area,0.1531,asking_price,advertised_not_independently_verified,consistent_within_rounding_tolerance,,Housing.com,S132,https://housing.com/in/buy/madurai/plots-fid/,2026-09-27,,madurai,Madurai,portal_locality_assignment_not_cadastral_verified,,individual_advertisement_not_locality_or_district_benchmark,"Asking price only; seller, title, availability, legal use and transaction price not verified."
TN-9ee65068abb7,Madurai,"Kidaripatti, Madurai",residential_plot,land,745,advertised_total_divided_by_source_area,744,894000,1200,sqft,1200,plot_area,-0.1342,asking_price,advertised_not_independently_verified,consistent_within_rounding_tolerance,,Housing.com,S132,https://housing.com/in/buy/madurai/plots-fid/,2026-09-27,,madurai,Madurai,portal_locality_assignment_not_cadastral_verified,,individual_advertisement_not_locality_or_district_benchmark,"Asking price only; seller, title, availability, legal use and transaction price not verified."
TN-79c5bc123c68,Madurai,"Madurai Main, Madurai",residential_plot,land,1262.67,advertised_total_divided_by_source_area,1260,1894000,1500,sqft,1500,plot_area,-0.2112,asking_price,advertised_not_independently_verified,consistent_within_rounding_tolerance,,Housing.com,S132,https://housing.com/in/buy/madurai/plots-fid/,2026-09-27,,madurai,Madurai,portal_locality_assignment_not_cadastral_verified,,individual_advertisement_not_locality_or_district_benchmark,"Asking price only; seller, title, availability, legal use and transaction price not verified."
TN-8ef7ed54aa74,Madurai,Mattuthavani,residential_plot,land,4587.16,advertised_total_divided_by_source_area,4587,2000000,436,sqft,436,plot_area,-0.0034,asking_price,advertised_not_independently_verified,consistent_within_rounding_tolerance,,Magicbricks,S014,https://www.magicbricks.com/property-for-sale-in-madurai-pppfs,2026-09-27,,madurai,Madurai,portal_locality_assignment_not_cadastral_verified,,individual_advertisement_not_locality_or_district_benchmark,"Asking price only; seller, title, availability, legal use and transaction price not verified."
TN-c92cd770f846,Madurai,"Otthakadai, Madurai",residential_plot,land,3099.59,advertised_total_divided_by_source_area,3100,3050000,984,sqft,984,plot_area,0.0131,asking_price,advertised_not_independently_verified,consistent_within_rounding_tolerance,,Housing.com,S132,https://housing.com/in/buy/madurai/plots-fid/,2026-09-27,,madurai,Madurai,portal_locality_assignment_not_cadastral_verified,,individual_advertisement_not_locality_or_district_benchmark,"Asking price only; seller, title, availability, legal use and transaction price not verified."
TN-7d8bf85da25b,Madurai,Thirumangalam,residential_plot,land,691.67,advertised_total_divided_by_source_area,690,830000,1200,sqft,1200,plot_area,-0.241,asking_price,advertised_not_independently_verified,consistent_within_rounding_tolerance,,Magicbricks,S014,https://www.magicbricks.com/property-for-sale-in-madurai-pppfs,2026-09-27,,madurai,Madurai,portal_locality_assignment_not_cadastral_verified,,individual_advertisement_not_locality_or_district_benchmark,"Asking price only; seller, title, availability, legal use and transaction price not verified."
TN-edc3a8292198,Madurai,"Thirumohur, Madurai",residential_plot,land,4128.44,advertised_total_divided_by_source_area,4130,1800000,436,sqft,436,plot_area,0.0378,asking_price,advertised_not_independently_verified,consistent_within_rounding_tolerance,,Housing.com,S132,https://housing.com/in/buy/madurai/plots-fid/,2026-09-27,,madurai,Madurai,portal_locality_assignment_not_cadastral_verified,,individual_advertisement_not_locality_or_district_benchmark,"Asking price only; seller, title, availability, legal use and transaction price not verified."
TN-2c3b05326987,Madurai,Vadipatti,warehouse,built_property,2750,advertised_total_divided_by_source_area,2750,220000000,80000,sqft,80000,super_area,0,asking_price,advertised_not_independently_verified,consistent_within_rounding_tolerance,,Magicbricks,S090,https://www.magicbricks.com/commercial-property-for-sale-in-madurai-pppfs,2026-09-27,,madurai,Madurai,portal_locality_assignment_not_cadastral_verified,,individual_advertisement_not_locality_or_district_benchmark,"Asking price only; seller, title, availability, legal use and transaction price not verified."
TN-2ff12051147b,Mayiladuthurai,Mayiladuthurai,agricultural_land,land,34.44,advertised_total_divided_by_source_area,34,6000000,174200,sqft,174200,plot_area,-1.2867,asking_price,advertised_not_independently_verified,consistent_within_rounding_tolerance,,Magicbricks,S053,https://www.magicbricks.com/agricultural-land-for-sale-in-mayiladuthurai-pppfs,2026-09-27,,mayiladuthurai,Mayiladuthurai,portal_locality_assignment_not_cadastral_verified,,individual_advertisement_not_locality_or_district_benchmark,"Asking price only; seller, title, availability, legal use and transaction price not verified."
TN-405e52d4c10a,Mayiladuthurai,Mayiladuthurai,agricultural_land,land,866.55,advertised_total_divided_by_source_area,866,100000000,115400,sqft,115400,plot_area,-0.0636,asking_price,advertised_not_independently_verified,consistent_within_rounding_tolerance,,Magicbricks,S054,https://www.magicbricks.com/agricultural-land-for-sale-in-nagapattinam-pppfs,2026-09-27,,nagapattinam,Nagapattinam,locality_reassigned_using_official_district_source,https://mayiladuthurai.nic.in/about-district/,individual_advertisement_not_locality_or_district_benchmark,"Asking price only; seller, title, availability, legal use and transaction price not verified."
TN-0286856a6ac1,Mayiladuthurai,Sirkali,agricultural_land,land,132.13,advertised_total_divided_by_source_area,132,3520000,26640,sqft,26640,plot_area,-0.1,asking_price,advertised_not_independently_verified,consistent_within_rounding_tolerance,,Magicbricks,S053,https://www.magicbricks.com/agricultural-land-for-sale-in-mayiladuthurai-pppfs,2026-09-27,,mayiladuthurai,Mayiladuthurai,portal_locality_assignment_not_cadastral_verified,,individual_advertisement_not_locality_or_district_benchmark,"Asking price only; seller, title, availability, legal use and transaction price not verified."
TN-a642d117a6df,Mayiladuthurai,Mayiladuthurai,apartment,built_property,4285.71,advertised_total_divided_by_source_area,4286,4800000,1120,sqft,1120,super_area,0.0067,asking_price,advertised_not_independently_verified,consistent_within_rounding_tolerance,,Magicbricks,S015,https://www.magicbricks.com/property-for-sale-in-mayiladuthurai-pppfs,2026-09-27,,mayiladuthurai,Mayiladuthurai,portal_locality_assignment_not_cadastral_verified,,individual_advertisement_not_locality_or_district_benchmark,"Asking price only; seller, title, availability, legal use and transaction price not verified."
TN-e499bc9c8e23,Mayiladuthurai,Koranad,independent_house,built_property,5327.87,advertised_total_divided_by_source_area,5328,6500000,1220,sqft,1220,super_area,0.0025,asking_price,advertised_not_independently_verified,consistent_within_rounding_tolerance,,Magicbricks,S015,https://www.magicbricks.com/property-for-sale-in-mayiladuthurai-pppfs,2026-09-27,,mayiladuthurai,Mayiladuthurai,portal_locality_assignment_not_cadastral_verified,,individual_advertisement_not_locality_or_district_benchmark,"Asking price only; seller, title, availability, legal use and transaction price not verified."
TN-b21474232bd8,Mayiladuthurai,Mayiladuthurai,independent_house,built_property,4285.71,advertised_total_divided_by_source_area,4286,6000000,1400,sqft,1400,super_area,0.0067,asking_price,advertised_not_independently_verified,consistent_within_rounding_tolerance,,Magicbricks,S016,https://www.magicbricks.com/property-for-sale-in-nagapattinam-pppfs,2026-09-27,,nagapattinam,Nagapattinam,locality_reassigned_using_official_district_source,https://mayiladuthurai.nic.in/about-district/,individual_advertisement_not_locality_or_district_benchmark,"Asking price only; seller, title, availability, legal use and transaction price not verified."
TN-5edbe27ae692,Mayiladuthurai,"Manalmedu, Mayiladuthurai",residential_plot,land,500,advertised_total_divided_by_source_area,500,500000,1000,sqft,1000,plot_area,0,asking_price,advertised_not_independently_verified,consistent_within_rounding_tolerance,,Housing.com,S133,https://housing.com/in/buy/mayiladuthurai/plots-fid/,2026-09-27,,mayiladuthurai,Mayiladuthurai,portal_locality_assignment_not_cadastral_verified,,individual_advertisement_not_locality_or_district_benchmark,"Asking price only; seller, title, availability, legal use and transaction price not verified."
TN-3251da17db35,Mayiladuthurai,"Mappadugai, Mayiladuthurai",residential_plot,land,1400,advertised_total_divided_by_source_area,1400,5040000,3600,sqft,3600,plot_area,0,asking_price,advertised_not_independently_verified,consistent_within_rounding_tolerance,,Housing.com,S133,https://housing.com/in/buy/mayiladuthurai/plots-fid/,2026-09-27,,mayiladuthurai,Mayiladuthurai,portal_locality_assignment_not_cadastral_verified,,individual_advertisement_not_locality_or_district_benchmark,"Asking price only; seller, title, availability, legal use and transaction price not verified."
TN-51cfa5bcdb25,Mayiladuthurai,"Mappadugai, Mayiladuthurai",residential_plot,land,1612.9,advertised_total_divided_by_source_area,1610,10000000,6200,sqft,6200,plot_area,-0.18,asking_price,advertised_not_independently_verified,consistent_within_rounding_tolerance,,Housing.com,S133,https://housing.com/in/buy/mayiladuthurai/plots-fid/,2026-09-27,,mayiladuthurai,Mayiladuthurai,portal_locality_assignment_not_cadastral_verified,,individual_advertisement_not_locality_or_district_benchmark,"Asking price only; seller, title, availability, legal use and transaction price not verified."
TN-ff9031246009,Mayiladuthurai,Mayiladuthurai,residential_plot,land,343.75,advertised_total_divided_by_source_area,344,3300000,9600,sqft,9600,plot_area,0.0727,asking_price,advertised_not_independently_verified,consistent_within_rounding_tolerance,,Magicbricks,S016,https://www.magicbricks.com/property-for-sale-in-nagapattinam-pppfs,2026-09-27,,nagapattinam,Nagapattinam,locality_reassigned_using_official_district_source,https://mayiladuthurai.nic.in/about-district/,individual_advertisement_not_locality_or_district_benchmark,"Asking price only; seller, title, availability, legal use and transaction price not verified."
TN-46a171e7fe19,Mayiladuthurai,Sirkali,residential_plot,land,730.99,advertised_total_divided_by_source_area,731,2500000,3420,sqft,3420,plot_area,0.0008,asking_price,advertised_not_independently_verified,consistent_within_rounding_tolerance,,Magicbricks,S015,https://www.magicbricks.com/property-for-sale-in-mayiladuthurai-pppfs,2026-09-27,,mayiladuthurai,Mayiladuthurai,portal_locality_assignment_not_cadastral_verified,,individual_advertisement_not_locality_or_district_benchmark,"Asking price only; seller, title, availability, legal use and transaction price not verified."
TN-55faf1d06a54,Mayiladuthurai,pattamangalam,residential_plot,land,350,advertised_total_divided_by_source_area,350,16800000,48000,sqft,48000,plot_area,0,asking_price,advertised_not_independently_verified,consistent_within_rounding_tolerance,,Magicbricks,S015,https://www.magicbricks.com/property-for-sale-in-mayiladuthurai-pppfs,2026-09-27,,mayiladuthurai,Mayiladuthurai,portal_locality_assignment_not_cadastral_verified,,individual_advertisement_not_locality_or_district_benchmark,"Asking price only; seller, title, availability, legal use and transaction price not verified."
TN-9dda1488acaf,Mayiladuthurai,Kuthalam,villa,built_property,8610.79,advertised_total_divided_by_source_area,8611,30000000,3484,sqft,3484,super_area,0.0024,asking_price,advertised_not_independently_verified,consistent_within_rounding_tolerance,,Magicbricks,S015,https://www.magicbricks.com/property-for-sale-in-mayiladuthurai-pppfs,2026-09-27,,mayiladuthurai,Mayiladuthurai,portal_locality_assignment_not_cadastral_verified,,individual_advertisement_not_locality_or_district_benchmark,"Asking price only; seller, title, availability, legal use and transaction price not verified."
TN-534eb65fa52a,Nagapattinam,Nagapattinam,agricultural_land,land,114.78,advertised_total_divided_by_source_area,115,10000000,87120,sqft,87120,plot_area,0.188,asking_price,advertised_not_independently_verified,consistent_within_rounding_tolerance,,Magicbricks,S054,https://www.magicbricks.com/agricultural-land-for-sale-in-nagapattinam-pppfs,2026-09-27,,nagapattinam,Nagapattinam,portal_locality_assignment_not_cadastral_verified,,individual_advertisement_not_locality_or_district_benchmark,"Asking price only; seller, title, availability, legal use and transaction price not verified."
TN-d93805c028c3,Nagapattinam,Nagapattinam,agricultural_land,land,126.26,advertised_total_divided_by_source_area,126,5500000,43560,sqft,43560,plot_area,-0.208,asking_price,advertised_not_independently_verified,consistent_within_rounding_tolerance,,Magicbricks,S054,https://www.magicbricks.com/agricultural-land-for-sale-in-nagapattinam-pppfs,2026-09-27,,nagapattinam,Nagapattinam,portal_locality_assignment_not_cadastral_verified,,individual_advertisement_not_locality_or_district_benchmark,"Asking price only; seller, title, availability, legal use and transaction price not verified."
TN-9841e1b91b2e,Nagapattinam,Puthur,agricultural_land,land,1499.58,advertised_total_divided_by_source_area,1500,35900000,23940,sqft,23940,plot_area,0.0279,asking_price,advertised_not_independently_verified,consistent_within_rounding_tolerance,,Magicbricks,S054,https://www.magicbricks.com/agricultural-land-for-sale-in-nagapattinam-pppfs,2026-09-27,,nagapattinam,Nagapattinam,portal_locality_assignment_not_cadastral_verified,,individual_advertisement_not_locality_or_district_benchmark,"Asking price only; seller, title, availability, legal use and transaction price not verified."
TN-d14bcebb3487,Nagapattinam,Velankanni,commercial_land,land,3026.37,advertised_total_divided_by_source_area,3026,35000000,11565,sqft,11565,plot_area,-0.0123,asking_price,advertised_not_independently_verified,consistent_within_rounding_tolerance,,Magicbricks,S092,https://www.magicbricks.com/commercial-property-for-sale-in-nagapattinam-pppfs,2026-09-27,,nagapattinam,Nagapattinam,portal_locality_assignment_not_cadastral_verified,,individual_advertisement_not_locality_or_district_benchmark,"Asking price only; seller, title, availability, legal use and transaction price not verified."
TN-36e182912777,Nagapattinam,Thevur,independent_house,built_property,3750,advertised_total_divided_by_source_area,3750,9000000,2400,sqft,2400,super_area,0,asking_price,advertised_not_independently_verified,consistent_within_rounding_tolerance,,Magicbricks,S016,https://www.magicbricks.com/property-for-sale-in-nagapattinam-pppfs,2026-09-27,,nagapattinam,Nagapattinam,portal_locality_assignment_not_cadastral_verified,,individual_advertisement_not_locality_or_district_benchmark,"Asking price only; seller, title, availability, legal use and transaction price not verified."
TN-4ce3e0de8929,Nagapattinam,Velippalayam,independent_house,built_property,4900,advertised_total_divided_by_source_area,4900,9800000,2000,sqft,2000,carpet_area,0,asking_price,advertised_not_independently_verified,consistent_within_rounding_tolerance,,Magicbricks,S016,https://www.magicbricks.com/property-for-sale-in-nagapattinam-pppfs,2026-09-27,,nagapattinam,Nagapattinam,portal_locality_assignment_not_cadastral_verified,,individual_advertisement_not_locality_or_district_benchmark,"Asking price only; seller, title, availability, legal use and transaction price not verified."
TN-e01728a19676,Nagapattinam,Velankanni,residential_plot,land,1788.27,advertised_total_divided_by_source_area,1788,52500000,29358,sqft,29358,plot_area,-0.015,asking_price,advertised_not_independently_verified,consistent_within_rounding_tolerance,,Magicbricks,S016,https://www.magicbricks.com/property-for-sale-in-nagapattinam-pppfs,2026-09-27,,nagapattinam,Nagapattinam,portal_locality_assignment_not_cadastral_verified,,individual_advertisement_not_locality_or_district_benchmark,"Asking price only; seller, title, availability, legal use and transaction price not verified."
TN-32ba9c66baeb,Namakkal,Namakkal,agricultural_land,land,80.35,advertised_total_divided_by_source_area,80,17500000,217800,sqft,217800,plot_area,-0.4343,asking_price,advertised_not_independently_verified,consistent_within_rounding_tolerance,,Magicbricks,S055,https://www.magicbricks.com/agricultural-land-for-sale-in-namakkal-pppfs,2026-09-27,,namakkal,Namakkal,portal_locality_assignment_not_cadastral_verified,,individual_advertisement_not_locality_or_district_benchmark,"Asking price only; seller, title, availability, legal use and transaction price not verified."
TN-a3f8993c1498,Namakkal,Namakkal,agricultural_land,land,195.58,advertised_total_divided_by_source_area,196,11500000,58800,sqft,58800,plot_area,0.2157,asking_price,advertised_not_independently_verified,consistent_within_rounding_tolerance,,Magicbricks,S055,https://www.magicbricks.com/agricultural-land-for-sale-in-namakkal-pppfs,2026-09-27,,namakkal,Namakkal,portal_locality_assignment_not_cadastral_verified,,individual_advertisement_not_locality_or_district_benchmark,"Asking price only; seller, title, availability, legal use and transaction price not verified."
TN-6ba94a7b4343,Namakkal,Pattanam,agricultural_land,land,700,advertised_total_divided_by_source_area,700,14000000,20000,sqft,20000,plot_area,0,asking_price,advertised_not_independently_verified,consistent_within_rounding_tolerance,,Magicbricks,S055,https://www.magicbricks.com/agricultural-land-for-sale-in-namakkal-pppfs,2026-09-27,,namakkal,Namakkal,portal_locality_assignment_not_cadastral_verified,,individual_advertisement_not_locality_or_district_benchmark,"Asking price only; seller, title, availability, legal use and transaction price not verified."
TN-b849cc27bbd1,Namakkal,Puduchatram,agricultural_land,land,1147.84,advertised_total_divided_by_source_area,1148,50000000,43560,sqft,43560,plot_area,0.0138,asking_price,advertised_not_independently_verified,consistent_within_rounding_tolerance,,Magicbricks,S055,https://www.magicbricks.com/agricultural-land-for-sale-in-namakkal-pppfs,2026-09-27,,namakkal,Namakkal,portal_locality_assignment_not_cadastral_verified,,individual_advertisement_not_locality_or_district_benchmark,"Asking price only; seller, title, availability, legal use and transaction price not verified."
TN-631e97d91b7b,Namakkal,Rasipuram,agricultural_land,land,261.63,advertised_total_divided_by_source_area,262,45000000,172000,sqft,172000,plot_area,0.1422,asking_price,advertised_not_independently_verified,consistent_within_rounding_tolerance,,Magicbricks,S061,https://www.magicbricks.com/agricultural-land-for-sale-in-salem-pppfs,2026-09-27,,salem,Salem,locality_reassigned_using_official_district_source,https://namakkal.nic.in/rasipuram/,individual_advertisement_not_locality_or_district_benchmark,"Asking price only; seller, title, availability, legal use and transaction price not verified."
TN-77c4fb107e0d,Namakkal,Vaiyappamalai,agricultural_land,land,190.28,advertised_total_divided_by_source_area,190,8500000,44670,sqft,44670,plot_area,-0.1494,asking_price,advertised_not_independently_verified,consistent_within_rounding_tolerance,,Magicbricks,S055,https://www.magicbricks.com/agricultural-land-for-sale-in-namakkal-pppfs,2026-09-27,,namakkal,Namakkal,portal_locality_assignment_not_cadastral_verified,,individual_advertisement_not_locality_or_district_benchmark,"Asking price only; seller, title, availability, legal use and transaction price not verified."
TN-43797329be4d,Namakkal,Velur,agricultural_land,land,144.08,advertised_total_divided_by_source_area,144,3200000,22210,sqft,22210,plot_area,-0.055,asking_price,advertised_not_independently_verified,consistent_within_rounding_tolerance,,Magicbricks,S055,https://www.magicbricks.com/agricultural-land-for-sale-in-namakkal-pppfs,2026-09-27,,namakkal,Namakkal,portal_locality_assignment_not_cadastral_verified,,individual_advertisement_not_locality_or_district_benchmark,"Asking price only; seller, title, availability, legal use and transaction price not verified."
TN-f513ffd012e4,Namakkal,K K Nagar,builder_floor,built_property,10969.18,advertised_total_divided_by_source_area,10969,39500000,3601,sqft,3601,super_area,-0.0016,asking_price,advertised_not_independently_verified,consistent_within_rounding_tolerance,,Magicbricks,S017,https://www.magicbricks.com/property-for-sale-in-namakkal-pppfs,2026-09-27,,namakkal,Namakkal,portal_locality_assignment_not_cadastral_verified,,individual_advertisement_not_locality_or_district_benchmark,"Asking price only; seller, title, availability, legal use and transaction price not verified."
TN-f64528175e63,Namakkal,Alampalayam,commercial_land,land,3250,advertised_total_divided_by_source_area,3250,39000000,12000,sqft,12000,plot_area,0,asking_price,advertised_not_independently_verified,consistent_within_rounding_tolerance,,Magicbricks,S093,https://www.magicbricks.com/commercial-property-for-sale-in-namakkal-pppfs,2026-09-27,,namakkal,Namakkal,portal_locality_assignment_not_cadastral_verified,,individual_advertisement_not_locality_or_district_benchmark,"Asking price only; seller, title, availability, legal use and transaction price not verified."
TN-d68f16431b26,Namakkal,Komarapalayam,commercial_land,land,3496.99,advertised_total_divided_by_source_area,3500,20300000,5805,sqft,5805,plot_area,0.0862,asking_price,advertised_not_independently_verified,consistent_within_rounding_tolerance,,Magicbricks,S093,https://www.magicbricks.com/commercial-property-for-sale-in-namakkal-pppfs,2026-09-27,,namakkal,Namakkal,portal_locality_assignment_not_cadastral_verified,,individual_advertisement_not_locality_or_district_benchmark,"Asking price only; seller, title, availability, legal use and transaction price not verified."
TN-ad9bf3594590,Namakkal,Rasipuram,commercial_land,land,1700,advertised_total_divided_by_source_area,1700,17000000,10000,sqft,10000,plot_area,0,asking_price,advertised_not_independently_verified,consistent_within_rounding_tolerance,,Magicbricks,S093,https://www.magicbricks.com/commercial-property-for-sale-in-namakkal-pppfs,2026-09-27,,namakkal,Namakkal,portal_locality_assignment_not_cadastral_verified,,individual_advertisement_not_locality_or_district_benchmark,"Asking price only; seller, title, availability, legal use and transaction price not verified."
TN-e7ec9c315f62,Namakkal,velocity developers,commercial_land,land,800,advertised_total_divided_by_source_area,800,800000,1000,sqft,1000,plot_area,0,asking_price,advertised_not_independently_verified,consistent_within_rounding_tolerance,,Magicbricks,S093,https://www.magicbricks.com/commercial-property-for-sale-in-namakkal-pppfs,2026-09-27,,namakkal,Namakkal,portal_locality_assignment_not_cadastral_verified,,individual_advertisement_not_locality_or_district_benchmark,"Asking price only; seller, title, availability, legal use and transaction price not verified."
TN-98e204189b33,Namakkal,Tiruchengode,industrial_building,built_property,2272.73,advertised_total_divided_by_source_area,2273,100000000,44000,sqft,44000,super_area,0.012,asking_price,advertised_not_independently_verified,consistent_within_rounding_tolerance,,Magicbricks,S093,https://www.magicbricks.com/commercial-property-for-sale-in-namakkal-pppfs,2026-09-27,,namakkal,Namakkal,portal_locality_assignment_not_cadastral_verified,,individual_advertisement_not_locality_or_district_benchmark,"Asking price only; seller, title, availability, legal use and transaction price not verified."
TN-219087a17df1,Namakkal,Komarapalayam,residential_plot,land,1826.43,advertised_total_divided_by_source_area,1825,3220000,1763,sqft,1763,plot_area,-0.0784,asking_price,advertised_not_independently_verified,consistent_within_rounding_tolerance,,Magicbricks,S017,https://www.magicbricks.com/property-for-sale-in-namakkal-pppfs,2026-09-27,,namakkal,Namakkal,portal_locality_assignment_not_cadastral_verified,,individual_advertisement_not_locality_or_district_benchmark,"Asking price only; seller, title, availability, legal use and transaction price not verified."
TN-77e6029805c8,Namakkal,"N.Pudupatti, Namakkal",residential_plot,land,1000,advertised_total_divided_by_source_area,1000,1200000,1200,sqft,1200,plot_area,0,asking_price,advertised_not_independently_verified,consistent_within_rounding_tolerance,,Housing.com,S135,https://housing.com/in/buy/namakkal/plots-fid/,2026-09-27,,namakkal,Namakkal,portal_locality_assignment_not_cadastral_verified,,individual_advertisement_not_locality_or_district_benchmark,"Asking price only; seller, title, availability, legal use and transaction price not verified."
TN-954bb437dbb8,Namakkal,"N.Pudupatti, Namakkal",residential_plot,land,1000,advertised_total_divided_by_source_area,1000,600000,600,sqft,600,plot_area,0,asking_price,advertised_not_independently_verified,consistent_within_rounding_tolerance,,Housing.com,S135,https://housing.com/in/buy/namakkal/plots-fid/,2026-09-27,,namakkal,Namakkal,portal_locality_assignment_not_cadastral_verified,,individual_advertisement_not_locality_or_district_benchmark,"Asking price only; seller, title, availability, legal use and transaction price not verified."
TN-cdcbc34b7a83,Namakkal,Namakkal,residential_plot,land,19986.22,advertised_total_divided_by_source_area,19987,174100000,8711,sqft,8711,plot_area,0.0039,asking_price,advertised_not_independently_verified,consistent_within_rounding_tolerance,,Magicbricks,S017,https://www.magicbricks.com/property-for-sale-in-namakkal-pppfs,2026-09-27,,namakkal,Namakkal,portal_locality_assignment_not_cadastral_verified,,individual_advertisement_not_locality_or_district_benchmark,"Asking price only; seller, title, availability, legal use and transaction price not verified."
TN-9af6e5ce0af8,Namakkal,"Rasipuram, Namakkal",residential_plot,land,1000,advertised_total_divided_by_source_area,1000,600000,600,sqft,600,plot_area,0,asking_price,advertised_not_independently_verified,consistent_within_rounding_tolerance,,Housing.com,S135,https://housing.com/in/buy/namakkal/plots-fid/,2026-09-27,,namakkal,Namakkal,portal_locality_assignment_not_cadastral_verified,,individual_advertisement_not_locality_or_district_benchmark,"Asking price only; seller, title, availability, legal use and transaction price not verified."
TN-0e7f8a5f9649,Namakkal,"Rasipuram, Namakkal",residential_plot,land,1136.36,advertised_total_divided_by_source_area,1140,1250000,1100,sqft,1100,plot_area,0.32,asking_price,advertised_not_independently_verified,consistent_within_rounding_tolerance,,Housing.com,S135,https://housing.com/in/buy/namakkal/plots-fid/,2026-09-27,,namakkal,Namakkal,portal_locality_assignment_not_cadastral_verified,,individual_advertisement_not_locality_or_district_benchmark,"Asking price only; seller, title, availability, legal use and transaction price not verified."
TN-5d0908ca319f,Namakkal,"Rasipuram, Namakkal",residential_plot,land,2700,advertised_total_divided_by_source_area,2700,7560000,2800,sqft,2800,plot_area,0,asking_price,advertised_not_independently_verified,consistent_within_rounding_tolerance,,Housing.com,S135,https://housing.com/in/buy/namakkal/plots-fid/,2026-09-27,,namakkal,Namakkal,portal_locality_assignment_not_cadastral_verified,,individual_advertisement_not_locality_or_district_benchmark,"Asking price only; seller, title, availability, legal use and transaction price not verified."
TN-83502c1ade30,Namakkal,Thiruchengode Rd,residential_plot,land,186.67,advertised_total_divided_by_source_area,187,2100000,11250,sqft,11250,plot_area,0.1786,asking_price,advertised_not_independently_verified,consistent_within_rounding_tolerance,,Magicbricks,S017,https://www.magicbricks.com/property-for-sale-in-namakkal-pppfs,2026-09-27,,namakkal,Namakkal,portal_locality_assignment_not_cadastral_verified,,individual_advertisement_not_locality_or_district_benchmark,"Asking price only; seller, title, availability, legal use and transaction price not verified."
TN-fe45b0d93b03,Namakkal,"Tiruchengode, Namakkal",residential_plot,land,1166.67,advertised_total_divided_by_source_area,1170,1400000,1200,sqft,1200,plot_area,0.2857,asking_price,advertised_not_independently_verified,consistent_within_rounding_tolerance,,Housing.com,S135,https://housing.com/in/buy/namakkal/plots-fid/,2026-09-27,,namakkal,Namakkal,portal_locality_assignment_not_cadastral_verified,,individual_advertisement_not_locality_or_district_benchmark,"Asking price only; seller, title, availability, legal use and transaction price not verified."
TN-5db371711ff0,Namakkal,sakkarampalyam,residential_plot,land,625,advertised_total_divided_by_source_area,625,750000,1200,sqft,1200,plot_area,0,asking_price,advertised_not_independently_verified,consistent_within_rounding_tolerance,,Magicbricks,S017,https://www.magicbricks.com/property-for-sale-in-namakkal-pppfs,2026-09-27,,namakkal,Namakkal,portal_locality_assignment_not_cadastral_verified,,individual_advertisement_not_locality_or_district_benchmark,"Asking price only; seller, title, availability, legal use and transaction price not verified."
TN-26f9dec30119,Nilgiris,Balacola,agricultural_land,land,236.33,advertised_total_divided_by_source_area,236,7000000,29620,sqft,29620,plot_area,-0.1383,asking_price,advertised_not_independently_verified,consistent_within_rounding_tolerance,,Magicbricks,S056,https://www.magicbricks.com/agricultural-land-for-sale-in-ooty-pppfs,2026-09-27,,ooty,Nilgiris,portal_locality_assignment_not_cadastral_verified,,individual_advertisement_not_locality_or_district_benchmark,"Asking price only; seller, title, availability, legal use and transaction price not verified."
TN-baaf16447d91,Nilgiris,Kotagiri,agricultural_land,land,15.3,advertised_total_divided_by_source_area,15,20000000,1307000,sqft,1307000,plot_area,-1.975,asking_price,advertised_not_independently_verified,consistent_within_rounding_tolerance,,Magicbricks,S056,https://www.magicbricks.com/agricultural-land-for-sale-in-ooty-pppfs,2026-09-27,,ooty,Nilgiris,portal_locality_assignment_not_cadastral_verified,,individual_advertisement_not_locality_or_district_benchmark,"Asking price only; seller, title, availability, legal use and transaction price not verified."
TN-5bb431edde37,Nilgiris,Kotagiri,agricultural_land,land,339.76,advertised_total_divided_by_source_area,340,14800000,43560,sqft,43560,plot_area,0.0703,asking_price,advertised_not_independently_verified,consistent_within_rounding_tolerance,,Magicbricks,S056,https://www.magicbricks.com/agricultural-land-for-sale-in-ooty-pppfs,2026-09-27,,ooty,Nilgiris,portal_locality_assignment_not_cadastral_verified,,individual_advertisement_not_locality_or_district_benchmark,"Asking price only; seller, title, availability, legal use and transaction price not verified."
TN-9e5eaa35b904,Nilgiris,Kotagiri,agricultural_land,land,459.07,advertised_total_divided_by_source_area,459,60000000,130700,sqft,130700,plot_area,-0.0145,asking_price,advertised_not_independently_verified,consistent_within_rounding_tolerance,,Magicbricks,S056,https://www.magicbricks.com/agricultural-land-for-sale-in-ooty-pppfs,2026-09-27,,ooty,Nilgiris,portal_locality_assignment_not_cadastral_verified,,individual_advertisement_not_locality_or_district_benchmark,"Asking price only; seller, title, availability, legal use and transaction price not verified."
TN-e442a9c43a7f,Nilgiris,Lovedale,agricultural_land,land,573.92,advertised_total_divided_by_source_area,574,25000000,43560,sqft,43560,plot_area,0.0138,asking_price,advertised_not_independently_verified,consistent_within_rounding_tolerance,,Magicbricks,S056,https://www.magicbricks.com/agricultural-land-for-sale-in-ooty-pppfs,2026-09-27,,ooty,Nilgiris,portal_locality_assignment_not_cadastral_verified,,individual_advertisement_not_locality_or_district_benchmark,"Asking price only; seller, title, availability, legal use and transaction price not verified."
TN-db5519c97680,Nilgiris,Ooty,agricultural_land,land,1606.98,advertised_total_divided_by_source_area,1607,700000000,435600,sqft,435600,plot_area,0.0013,asking_price,advertised_not_independently_verified,consistent_within_rounding_tolerance,,Magicbricks,S056,https://www.magicbricks.com/agricultural-land-for-sale-in-ooty-pppfs,2026-09-27,,ooty,Nilgiris,portal_locality_assignment_not_cadastral_verified,,individual_advertisement_not_locality_or_district_benchmark,"Asking price only; seller, title, availability, legal use and transaction price not verified."
TN-7bb2d85e6365,Nilgiris,Kotagiri,commercial_land,land,1886.79,advertised_total_divided_by_source_area,1887,15000000,7950,sqft,7950,plot_area,0.011,asking_price,advertised_not_independently_verified,consistent_within_rounding_tolerance,,Magicbricks,S094,https://www.magicbricks.com/commercial-property-for-sale-in-ooty-pppfs,2026-09-27,,ooty,Nilgiris,portal_locality_assignment_not_cadastral_verified,,individual_advertisement_not_locality_or_district_benchmark,"Asking price only; seller, title, availability, legal use and transaction price not verified."
TN-1b3b90cbd968,Nilgiris,Ooty Lake,commercial_land,land,16.4,advertised_total_divided_by_source_area,16,500000,30490,sqft,30490,plot_area,-2.432,asking_price,advertised_not_independently_verified,consistent_within_rounding_tolerance,,Magicbricks,S094,https://www.magicbricks.com/commercial-property-for-sale-in-ooty-pppfs,2026-09-27,,ooty,Nilgiris,portal_locality_assignment_not_cadastral_verified,,individual_advertisement_not_locality_or_district_benchmark,"Asking price only; seller, title, availability, legal use and transaction price not verified."
TN-956694cd9b63,Nilgiris,Ooty Lake,commercial_land,land,1377.41,advertised_total_divided_by_source_area,1377,3000000,2178,sqft,2178,plot_area,-0.0298,asking_price,advertised_not_independently_verified,consistent_within_rounding_tolerance,,Magicbricks,S094,https://www.magicbricks.com/commercial-property-for-sale-in-ooty-pppfs,2026-09-27,,ooty,Nilgiris,portal_locality_assignment_not_cadastral_verified,,individual_advertisement_not_locality_or_district_benchmark,"Asking price only; seller, title, availability, legal use and transaction price not verified."
TN-3022efb2a516,Nilgiris,Commercial Road,commercial_office,built_property,11764.71,advertised_total_divided_by_source_area,11765,20000000,1700,sqft,1700,super_area,0.0025,asking_price,advertised_not_independently_verified,consistent_within_rounding_tolerance,,Magicbricks,S094,https://www.magicbricks.com/commercial-property-for-sale-in-ooty-pppfs,2026-09-27,,ooty,Nilgiris,portal_locality_assignment_not_cadastral_verified,,individual_advertisement_not_locality_or_district_benchmark,"Asking price only; seller, title, availability, legal use and transaction price not verified."
TN-c8000b0b2f86,Nilgiris,upper bazaar,commercial_retail,built_property,16363.64,advertised_total_divided_by_source_area,16364,1800000,110,sqft,110,carpet_area,0.0022,asking_price,advertised_not_independently_verified,consistent_within_rounding_tolerance,,Magicbricks,S094,https://www.magicbricks.com/commercial-property-for-sale-in-ooty-pppfs,2026-09-27,,ooty,Nilgiris,portal_locality_assignment_not_cadastral_verified,,individual_advertisement_not_locality_or_district_benchmark,"Asking price only; seller, title, availability, legal use and transaction price not verified."
TN-97238b3a082b,Nilgiris,Arani house 1st cross,independent_house,built_property,6400,advertised_total_divided_by_source_area,6400,16000000,2500,sqft,2500,super_area,0,asking_price,advertised_not_independently_verified,consistent_within_rounding_tolerance,,Magicbricks,S018,https://www.magicbricks.com/property-for-sale-in-ooty-pppfs,2026-09-27,,ooty,Nilgiris,portal_locality_assignment_not_cadastral_verified,,individual_advertisement_not_locality_or_district_benchmark,"Asking price only; seller, title, availability, legal use and transaction price not verified."
TN-18d83cc6b9bc,Nilgiris,Ketti,independent_house,built_property,7707.25,advertised_total_divided_by_source_area,7707,11900000,1544,sqft,1544,super_area,-0.0033,asking_price,advertised_not_independently_verified,consistent_within_rounding_tolerance,,Magicbricks,S018,https://www.magicbricks.com/property-for-sale-in-ooty-pppfs,2026-09-27,,ooty,Nilgiris,portal_locality_assignment_not_cadastral_verified,,individual_advertisement_not_locality_or_district_benchmark,"Asking price only; seller, title, availability, legal use and transaction price not verified."
TN-8eacb3870bf1,Nilgiris,Kotagiri,industrial_land,land,367.31,advertised_total_divided_by_source_area,367,16000000,43560,sqft,43560,plot_area,-0.0843,asking_price,advertised_not_independently_verified,consistent_within_rounding_tolerance,,Magicbricks,S094,https://www.magicbricks.com/commercial-property-for-sale-in-ooty-pppfs,2026-09-27,,ooty,Nilgiris,portal_locality_assignment_not_cadastral_verified,,individual_advertisement_not_locality_or_district_benchmark,"Asking price only; seller, title, availability, legal use and transaction price not verified."
TN-6dcc5aab020f,Nilgiris,Adikaratti,residential_plot,land,1413.43,advertised_total_divided_by_source_area,1413,16000000,11320,sqft,11320,plot_area,-0.0303,asking_price,advertised_not_independently_verified,consistent_within_rounding_tolerance,,Magicbricks,S018,https://www.magicbricks.com/property-for-sale-in-ooty-pppfs,2026-09-27,,ooty,Nilgiris,portal_locality_assignment_not_cadastral_verified,,individual_advertisement_not_locality_or_district_benchmark,"Asking price only; seller, title, availability, legal use and transaction price not verified."
TN-222158edcb92,Nilgiris,"Kotagiri, Ooty",residential_plot,land,2043.16,advertised_total_divided_by_source_area,2040,8900000,4356,sqft,4356,plot_area,-0.1546,asking_price,advertised_not_independently_verified,consistent_within_rounding_tolerance,,Housing.com,S136,https://housing.com/in/buy/ooty/plots-fid/,2026-09-27,,ooty,Nilgiris,portal_locality_assignment_not_cadastral_verified,,individual_advertisement_not_locality_or_district_benchmark,"Asking price only; seller, title, availability, legal use and transaction price not verified."
TN-c8bba4a23ede,Nilgiris,"Kotagiri, Ooty",residential_plot,land,10344.83,advertised_total_divided_by_source_area,10340,18000000,1740,sqft,1740,plot_area,-0.0467,asking_price,advertised_not_independently_verified,consistent_within_rounding_tolerance,,Housing.com,S136,https://housing.com/in/buy/ooty/plots-fid/,2026-09-27,,ooty,Nilgiris,portal_locality_assignment_not_cadastral_verified,,individual_advertisement_not_locality_or_district_benchmark,"Asking price only; seller, title, availability, legal use and transaction price not verified."
TN-cee6b1dbada8,Nilgiris,Ooty,residential_plot,land,1827.59,advertised_total_divided_by_source_area,1828,10600000,5800,sqft,5800,plot_area,0.0226,asking_price,advertised_not_independently_verified,consistent_within_rounding_tolerance,,Magicbricks,S018,https://www.magicbricks.com/property-for-sale-in-ooty-pppfs,2026-09-27,,ooty,Nilgiris,portal_locality_assignment_not_cadastral_verified,,individual_advertisement_not_locality_or_district_benchmark,"Asking price only; seller, title, availability, legal use and transaction price not verified."
TN-f839b45a83c6,Perambalur,Jaya city new Busstand,commercial_land,land,15872.51,advertised_total_divided_by_source_area,15873,2000000000,126004,sqft,126004,plot_area,0.0031,asking_price,advertised_not_independently_verified,consistent_within_rounding_tolerance,,Magicbricks,S095,https://www.magicbricks.com/commercial-property-for-sale-in-perambalur-pppfs,2026-09-27,,perambalur,Perambalur,portal_locality_assignment_not_cadastral_verified,,individual_advertisement_not_locality_or_district_benchmark,"Asking price only; seller, title, availability, legal use and transaction price not verified."
TN-d3ec7cabcc56,Perambalur,Thanipand,commercial_land,land,705.15,advertised_total_divided_by_source_area,705,215000000,304900,sqft,304900,plot_area,-0.0212,asking_price,advertised_not_independently_verified,consistent_within_rounding_tolerance,,Magicbricks,S095,https://www.magicbricks.com/commercial-property-for-sale-in-perambalur-pppfs,2026-09-27,,perambalur,Perambalur,portal_locality_assignment_not_cadastral_verified,,individual_advertisement_not_locality_or_district_benchmark,"Asking price only; seller, title, availability, legal use and transaction price not verified."
TN-866e4fe3fd31,Perambalur,1st Muthu Nagar,independent_house,built_property,6041.67,advertised_total_divided_by_source_area,6042,14500000,2400,sqft,2400,super_area,0.0055,asking_price,advertised_not_independently_verified,consistent_within_rounding_tolerance,,Magicbricks,S019,https://www.magicbricks.com/property-for-sale-in-perambalur-pppfs,2026-09-27,,perambalur,Perambalur,portal_locality_assignment_not_cadastral_verified,,individual_advertisement_not_locality_or_district_benchmark,"Asking price only; seller, title, availability, legal use and transaction price not verified."
TN-537397d4075b,Perambalur,Super Nagar,independent_house,built_property,4200,advertised_total_divided_by_source_area,4200,8400000,2000,sqft,2000,super_area,0,asking_price,advertised_not_independently_verified,consistent_within_rounding_tolerance,,Magicbricks,S019,https://www.magicbricks.com/property-for-sale-in-perambalur-pppfs,2026-09-27,,perambalur,Perambalur,portal_locality_assignment_not_cadastral_verified,,individual_advertisement_not_locality_or_district_benchmark,"Asking price only; seller, title, availability, legal use and transaction price not verified."
TN-27bbc1944f95,Perambalur,Labbaikudikadu,residential_plot,land,2348.15,advertised_total_divided_by_source_area,2348,22500000,9582,sqft,9582,plot_area,-0.0065,asking_price,advertised_not_independently_verified,consistent_within_rounding_tolerance,,Magicbricks,S019,https://www.magicbricks.com/property-for-sale-in-perambalur-pppfs,2026-09-27,,perambalur,Perambalur,portal_locality_assignment_not_cadastral_verified,,individual_advertisement_not_locality_or_district_benchmark,"Asking price only; seller, title, availability, legal use and transaction price not verified."
TN-6bbdfce1aad3,Perambalur,North Madhavi Road,residential_plot,land,2411.02,advertised_total_divided_by_source_area,2411,4200000,1742,sqft,1742,plot_area,-0.0009,asking_price,advertised_not_independently_verified,consistent_within_rounding_tolerance,,Magicbricks,S019,https://www.magicbricks.com/property-for-sale-in-perambalur-pppfs,2026-09-27,,perambalur,Perambalur,portal_locality_assignment_not_cadastral_verified,,individual_advertisement_not_locality_or_district_benchmark,"Asking price only; seller, title, availability, legal use and transaction price not verified."
TN-d93ffa79ff6a,Perambalur,"Padalur West, Perambalur",residential_plot,land,2040.82,advertised_total_divided_by_source_area,2040,4000000,1960,sqft,1960,plot_area,-0.04,asking_price,advertised_not_independently_verified,consistent_within_rounding_tolerance,,Housing.com,S137,https://housing.com/in/buy/perambalur/plots-fid/,2026-09-27,,perambalur,Perambalur,portal_locality_assignment_not_cadastral_verified,,individual_advertisement_not_locality_or_district_benchmark,"Asking price only; seller, title, availability, legal use and transaction price not verified."
TN-7e2b7bb3d8fd,Perambalur,Thoramangalam,residential_plot,land,3181.82,advertised_total_divided_by_source_area,3182,7000000,2200,sqft,2200,plot_area,0.0057,asking_price,advertised_not_independently_verified,consistent_within_rounding_tolerance,,Magicbricks,S019,https://www.magicbricks.com/property-for-sale-in-perambalur-pppfs,2026-09-27,,perambalur,Perambalur,portal_locality_assignment_not_cadastral_verified,,individual_advertisement_not_locality_or_district_benchmark,"Asking price only; seller, title, availability, legal use and transaction price not verified."
TN-da37e634ebb0,Perambalur,"Thuraimangalam, Perambalur",residential_plot,land,1071.43,advertised_total_divided_by_source_area,1070,3000000,2800,sqft,2800,plot_area,-0.1333,asking_price,advertised_not_independently_verified,consistent_within_rounding_tolerance,,Housing.com,S137,https://housing.com/in/buy/perambalur/plots-fid/,2026-09-27,,perambalur,Perambalur,portal_locality_assignment_not_cadastral_verified,,individual_advertisement_not_locality_or_district_benchmark,"Asking price only; seller, title, availability, legal use and transaction price not verified."
TN-5a80f39682de,Perambalur,"Thuraimangalam, Perambalur",residential_plot,land,2100,advertised_total_divided_by_source_area,2100,3150000,1500,sqft,1500,plot_area,0,asking_price,advertised_not_independently_verified,consistent_within_rounding_tolerance,,Housing.com,S137,https://housing.com/in/buy/perambalur/plots-fid/,2026-09-27,,perambalur,Perambalur,portal_locality_assignment_not_cadastral_verified,,individual_advertisement_not_locality_or_district_benchmark,"Asking price only; seller, title, availability, legal use and transaction price not verified."
TN-499fc90a4dc5,Pudukkottai,Gandarvakkottai,agricultural_land,land,229.56,advertised_total_divided_by_source_area,230,210000000,914800,sqft,914800,plot_area,0.1924,asking_price,advertised_not_independently_verified,consistent_within_rounding_tolerance,,Magicbricks,S058,https://www.magicbricks.com/agricultural-land-for-sale-in-pudukkottai-pppfs,2026-09-27,,pudukkottai,Pudukkottai,portal_locality_assignment_not_cadastral_verified,,individual_advertisement_not_locality_or_district_benchmark,"Asking price only; seller, title, availability, legal use and transaction price not verified."
TN-c70a4644d337,Pudukkottai,Kavinad East,agricultural_land,land,630.73,advertised_total_divided_by_source_area,631,27500000,43600,sqft,43600,plot_area,0.0422,asking_price,advertised_not_independently_verified,consistent_within_rounding_tolerance,,Magicbricks,S058,https://www.magicbricks.com/agricultural-land-for-sale-in-pudukkottai-pppfs,2026-09-27,,pudukkottai,Pudukkottai,portal_locality_assignment_not_cadastral_verified,,individual_advertisement_not_locality_or_district_benchmark,"Asking price only; seller, title, availability, legal use and transaction price not verified."
TN-3981fac8fba1,Pudukkottai,Mandaiyur,agricultural_land,land,491.96,advertised_total_divided_by_source_area,492,15000000,30490,sqft,30490,plot_area,0.0072,asking_price,advertised_not_independently_verified,consistent_within_rounding_tolerance,,Magicbricks,S058,https://www.magicbricks.com/agricultural-land-for-sale-in-pudukkottai-pppfs,2026-09-27,,pudukkottai,Pudukkottai,portal_locality_assignment_not_cadastral_verified,,individual_advertisement_not_locality_or_district_benchmark,"Asking price only; seller, title, availability, legal use and transaction price not verified."
TN-49685986659d,Pudukkottai,Ponnamaravathi,agricultural_land,land,23.91,advertised_total_divided_by_source_area,24,12500000,522700,sqft,522700,plot_area,0.3584,asking_price,advertised_not_independently_verified,consistent_within_rounding_tolerance,,Magicbricks,S058,https://www.magicbricks.com/agricultural-land-for-sale-in-pudukkottai-pppfs,2026-09-27,,pudukkottai,Pudukkottai,portal_locality_assignment_not_cadastral_verified,,individual_advertisement_not_locality_or_district_benchmark,"Asking price only; seller, title, availability, legal use and transaction price not verified."
TN-3ebc39970c2c,Pudukkottai,Viralimalai,builder_floor,built_property,2854.51,advertised_total_divided_by_source_area,2855,1550000,543,sqft,543,super_area,0.0171,asking_price,advertised_not_independently_verified,consistent_within_rounding_tolerance,,Magicbricks,S020,https://www.magicbricks.com/property-for-sale-in-pudukkottai-pppfs,2026-09-27,,pudukkottai,Pudukkottai,portal_locality_assignment_not_cadastral_verified,,individual_advertisement_not_locality_or_district_benchmark,"Asking price only; seller, title, availability, legal use and transaction price not verified."
TN-f90b368fa1f5,Pudukkottai,Kalamavur,commercial_land,land,801.84,advertised_total_divided_by_source_area,803,22700000,28310,sqft,28310,plot_area,0.1451,asking_price,advertised_not_independently_verified,consistent_within_rounding_tolerance,,Magicbricks,S096,https://www.magicbricks.com/commercial-property-for-sale-in-pudukkottai-pppfs,2026-09-27,,pudukkottai,Pudukkottai,portal_locality_assignment_not_cadastral_verified,,individual_advertisement_not_locality_or_district_benchmark,"Asking price only; seller, title, availability, legal use and transaction price not verified."
TN-7968796ca523,Pudukkottai,Viralimalai,commercial_land,land,36.36,advertised_total_divided_by_source_area,36,1600000,44000,sqft,44000,plot_area,-1,asking_price,advertised_not_independently_verified,consistent_within_rounding_tolerance,,Magicbricks,S096,https://www.magicbricks.com/commercial-property-for-sale-in-pudukkottai-pppfs,2026-09-27,,pudukkottai,Pudukkottai,portal_locality_assignment_not_cadastral_verified,,individual_advertisement_not_locality_or_district_benchmark,"Asking price only; seller, title, availability, legal use and transaction price not verified."
TN-98da1382f961,Pudukkottai,15 Acres Prime Industrial Land with Road Access,industrial_land,land,91.83,advertised_total_divided_by_source_area,92,60000000,653400,sqft,653400,plot_area,0.188,asking_price,advertised_not_independently_verified,consistent_within_rounding_tolerance,,Magicbricks,S096,https://www.magicbricks.com/commercial-property-for-sale-in-pudukkottai-pppfs,2026-09-27,,pudukkottai,Pudukkottai,portal_locality_assignment_not_cadastral_verified,,individual_advertisement_not_locality_or_district_benchmark,"Asking price only; seller, title, availability, legal use and transaction price not verified."
TN-51f54a73d1da,Pudukkottai,Illupur,residential_plot,land,444.44,advertised_total_divided_by_source_area,444,400000,900,sqft,900,plot_area,-0.1,asking_price,advertised_not_independently_verified,consistent_within_rounding_tolerance,,Magicbricks,S020,https://www.magicbricks.com/property-for-sale-in-pudukkottai-pppfs,2026-09-27,,pudukkottai,Pudukkottai,portal_locality_assignment_not_cadastral_verified,,individual_advertisement_not_locality_or_district_benchmark,"Asking price only; seller, title, availability, legal use and transaction price not verified."
TN-70975d841bbb,Pudukkottai,"Keeranur, Pudukkottai",residential_plot,land,460,advertised_total_divided_by_source_area,460,552000,1200,sqft,1200,plot_area,0,asking_price,advertised_not_independently_verified,consistent_within_rounding_tolerance,,Housing.com,S138,https://housing.com/in/buy/pudukkottai/plots-fid/,2026-09-27,,pudukkottai,Pudukkottai,portal_locality_assignment_not_cadastral_verified,,individual_advertisement_not_locality_or_district_benchmark,"Asking price only; seller, title, availability, legal use and transaction price not verified."
TN-1a7e61255a61,Pudukkottai,"Keeranur, Pudukkottai",residential_plot,land,710,advertised_total_divided_by_source_area,710,852000,1200,sqft,1200,plot_area,0,asking_price,advertised_not_independently_verified,consistent_within_rounding_tolerance,,Housing.com,S138,https://housing.com/in/buy/pudukkottai/plots-fid/,2026-09-27,,pudukkottai,Pudukkottai,portal_locality_assignment_not_cadastral_verified,,individual_advertisement_not_locality_or_district_benchmark,"Asking price only; seller, title, availability, legal use and transaction price not verified."
TN-8661aab7b2ef,Pudukkottai,"Keeranur, Pudukkottai",residential_plot,land,990,advertised_total_divided_by_source_area,990,990000,1000,sqft,1000,plot_area,0,asking_price,advertised_not_independently_verified,consistent_within_rounding_tolerance,,Housing.com,S138,https://housing.com/in/buy/pudukkottai/plots-fid/,2026-09-27,,pudukkottai,Pudukkottai,portal_locality_assignment_not_cadastral_verified,,individual_advertisement_not_locality_or_district_benchmark,"Asking price only; seller, title, availability, legal use and transaction price not verified."
TN-af7f700c7386,Pudukkottai,"Keeranur, Pudukkottai",residential_plot,land,1110,advertised_total_divided_by_source_area,1110,1110000,1000,sqft,1000,plot_area,0,asking_price,advertised_not_independently_verified,consistent_within_rounding_tolerance,,Housing.com,S138,https://housing.com/in/buy/pudukkottai/plots-fid/,2026-09-27,,pudukkottai,Pudukkottai,portal_locality_assignment_not_cadastral_verified,,individual_advertisement_not_locality_or_district_benchmark,"Asking price only; seller, title, availability, legal use and transaction price not verified."
TN-ab5b85ce99c2,Pudukkottai,"Mathur, Pudukkottai",residential_plot,land,700,advertised_total_divided_by_source_area,700,15400000,22000,sqft,22000,plot_area,0,asking_price,advertised_not_independently_verified,consistent_within_rounding_tolerance,,Housing.com,S138,https://housing.com/in/buy/pudukkottai/plots-fid/,2026-09-27,,pudukkottai,Pudukkottai,portal_locality_assignment_not_cadastral_verified,,individual_advertisement_not_locality_or_district_benchmark,"Asking price only; seller, title, availability, legal use and transaction price not verified."
TN-66c36a81b855,Pudukkottai,"Soorakudi Patty, Kunnathur",residential_plot,land,2083.33,advertised_total_divided_by_source_area,2080,2500000,1200,sqft,1200,plot_area,-0.16,asking_price,advertised_not_independently_verified,consistent_within_rounding_tolerance,,Housing.com,S138,https://housing.com/in/buy/pudukkottai/plots-fid/,2026-09-27,,pudukkottai,Pudukkottai,portal_locality_assignment_not_cadastral_verified,,individual_advertisement_not_locality_or_district_benchmark,"Asking price only; seller, title, availability, legal use and transaction price not verified."
TN-bac87b57e0d5,Pudukkottai,Tirumayam,residential_plot,land,476.19,advertised_total_divided_by_source_area,475,750000,1575,sqft,1575,plot_area,-0.25,asking_price,advertised_not_independently_verified,consistent_within_rounding_tolerance,,Magicbricks,S020,https://www.magicbricks.com/property-for-sale-in-pudukkottai-pppfs,2026-09-27,,pudukkottai,Pudukkottai,portal_locality_assignment_not_cadastral_verified,,individual_advertisement_not_locality_or_district_benchmark,"Asking price only; seller, title, availability, legal use and transaction price not verified."
TN-053058b303a3,Pudukkottai,Viralimalai,residential_plot,land,1250,advertised_total_divided_by_source_area,1250,1500000,1200,sqft,1200,plot_area,0,asking_price,advertised_not_independently_verified,consistent_within_rounding_tolerance,,Magicbricks,S029,https://www.magicbricks.com/property-for-sale-in-trichy-pppfs,2026-09-27,,trichy,Tiruchirappalli,locality_reassigned_using_official_district_source,https://pudukkottai.nic.in/tourist-place/viralimalai/,individual_advertisement_not_locality_or_district_benchmark,"Asking price only; seller, title, availability, legal use and transaction price not verified."
TN-9453c3dcb9dd,Pudukkottai,namanasamuthiram,residential_plot,land,1700,advertised_total_divided_by_source_area,1700,2040000,1200,sqft,1200,plot_area,0,asking_price,advertised_not_independently_verified,consistent_within_rounding_tolerance,,Magicbricks,S020,https://www.magicbricks.com/property-for-sale-in-pudukkottai-pppfs,2026-09-27,,pudukkottai,Pudukkottai,portal_locality_assignment_not_cadastral_verified,,individual_advertisement_not_locality_or_district_benchmark,"Asking price only; seller, title, availability, legal use and transaction price not verified."
TN-288171fda56d,Pudukkottai,valliyappa nagar,residential_plot,land,6523.81,advertised_total_divided_by_source_area,6524,13700000,2100,sqft,2100,plot_area,0.0029,asking_price,advertised_not_independently_verified,consistent_within_rounding_tolerance,,Magicbricks,S020,https://www.magicbricks.com/property-for-sale-in-pudukkottai-pppfs,2026-09-27,,pudukkottai,Pudukkottai,portal_locality_assignment_not_cadastral_verified,,individual_advertisement_not_locality_or_district_benchmark,"Asking price only; seller, title, availability, legal use and transaction price not verified."
TN-7578e9e6b7b9,Pudukkottai,Kalamavur,warehouse,built_property,1583.33,advertised_total_divided_by_source_area,1583,38000000,24000,sqft,24000,super_area,-0.0211,asking_price,advertised_not_independently_verified,consistent_within_rounding_tolerance,,Magicbricks,S096,https://www.magicbricks.com/commercial-property-for-sale-in-pudukkottai-pppfs,2026-09-27,,pudukkottai,Pudukkottai,portal_locality_assignment_not_cadastral_verified,,individual_advertisement_not_locality_or_district_benchmark,"Asking price only; seller, title, availability, legal use and transaction price not verified."
TN-bbbebbc49a48,Ramanathapuram,Ramanathapuram,agricultural_land,land,157.82,advertised_total_divided_by_source_area,158,2200000,13940,sqft,13940,plot_area,0.1145,asking_price,advertised_not_independently_verified,consistent_within_rounding_tolerance,,Magicbricks,S059,https://www.magicbricks.com/agricultural-land-for-sale-in-ramanathapuram-pppfs,2026-09-27,,ramanathapuram,Ramanathapuram,portal_locality_assignment_not_cadastral_verified,,individual_advertisement_not_locality_or_district_benchmark,"Asking price only; seller, title, availability, legal use and transaction price not verified."
TN-1a0614ff8786,Ramanathapuram,"3/527A, Madurai – Rameswaram Highway, Kamatchipuram, Paramakudi, Tamil Nadu3/527A, Madurai – Rameswaram Highway, Kamatchipuram, Paramakudi, Tamil Nadu",commercial_land,land,1875,advertised_total_divided_by_source_area,1875,30000000,16000,sqft,16000,plot_area,0,asking_price,advertised_not_independently_verified,consistent_within_rounding_tolerance,,Magicbricks,S097,https://www.magicbricks.com/commercial-property-for-sale-in-ramanathapuram-pppfs,2026-09-27,,ramanathapuram,Ramanathapuram,portal_locality_assignment_not_cadastral_verified,,individual_advertisement_not_locality_or_district_benchmark,"Asking price only; seller, title, availability, legal use and transaction price not verified."
TN-fa9af61f1ce7,Ramanathapuram,Enathi,commercial_retail,built_property,1875,advertised_total_divided_by_source_area,1875,30000000,16000,sqft,16000,super_area,0,asking_price,advertised_not_independently_verified,consistent_within_rounding_tolerance,,Magicbricks,S097,https://www.magicbricks.com/commercial-property-for-sale-in-ramanathapuram-pppfs,2026-09-27,,ramanathapuram,Ramanathapuram,portal_locality_assignment_not_cadastral_verified,,individual_advertisement_not_locality_or_district_benchmark,"Asking price only; seller, title, availability, legal use and transaction price not verified."
TN-399121cc1393,Ramanathapuram,Rameswaram,independent_house,built_property,3666.67,advertised_total_divided_by_source_area,3667,16500000,4500,sqft,4500,super_area,0.0091,asking_price,advertised_not_independently_verified,consistent_within_rounding_tolerance,,Magicbricks,S021,https://www.magicbricks.com/property-for-sale-in-ramanathapuram-pppfs,2026-09-27,,ramanathapuram,Ramanathapuram,portal_locality_assignment_not_cadastral_verified,,individual_advertisement_not_locality_or_district_benchmark,"Asking price only; seller, title, availability, legal use and transaction price not verified."
TN-9485e113d300,Ramanathapuram,Velipattinam,independent_house,built_property,8405.8,advertised_total_divided_by_source_area,8406,29000000,3450,sqft,3450,built_area,0.0024,asking_price,advertised_not_independently_verified,consistent_within_rounding_tolerance,,Magicbricks,S021,https://www.magicbricks.com/property-for-sale-in-ramanathapuram-pppfs,2026-09-27,,ramanathapuram,Ramanathapuram,portal_locality_assignment_not_cadastral_verified,,individual_advertisement_not_locality_or_district_benchmark,"Asking price only; seller, title, availability, legal use and transaction price not verified."
TN-3693eef2c450,Ramanathapuram,ECR - Ramanathapuram,residential_plot,land,1496.21,advertised_total_divided_by_source_area,1496,3950000,2640,sqft,2640,plot_area,-0.0142,asking_price,advertised_not_independently_verified,consistent_within_rounding_tolerance,,Magicbricks,S021,https://www.magicbricks.com/property-for-sale-in-ramanathapuram-pppfs,2026-09-27,,ramanathapuram,Ramanathapuram,portal_locality_assignment_not_cadastral_verified,,individual_advertisement_not_locality_or_district_benchmark,"Asking price only; seller, title, availability, legal use and transaction price not verified."
TN-87c0f7255557,Ramanathapuram,Kk nagar Soorankottai,residential_plot,land,230.77,advertised_total_divided_by_source_area,231,300000,1300,sqft,1300,plot_area,0.1,asking_price,advertised_not_independently_verified,consistent_within_rounding_tolerance,,Magicbricks,S021,https://www.magicbricks.com/property-for-sale-in-ramanathapuram-pppfs,2026-09-27,,ramanathapuram,Ramanathapuram,portal_locality_assignment_not_cadastral_verified,,individual_advertisement_not_locality_or_district_benchmark,"Asking price only; seller, title, availability, legal use and transaction price not verified."
TN-cf4ea826bfe0,Ramanathapuram,Bharathi Nagar,villa,built_property,4794.52,advertised_total_divided_by_source_area,4795,7000000,1460,sqft,1460,super_area,0.01,asking_price,advertised_not_independently_verified,consistent_within_rounding_tolerance,,Magicbricks,S021,https://www.magicbricks.com/property-for-sale-in-ramanathapuram-pppfs,2026-09-27,,ramanathapuram,Ramanathapuram,portal_locality_assignment_not_cadastral_verified,,individual_advertisement_not_locality_or_district_benchmark,"Asking price only; seller, title, availability, legal use and transaction price not verified."
TN-5c6095b7da1d,Ranipet,Ocheri,agricultural_land,land,2500,advertised_total_divided_by_source_area,2500,3000000,1200,sqft,1200,plot_area,0,asking_price,advertised_not_independently_verified,consistent_within_rounding_tolerance,,Magicbricks,S074,https://www.magicbricks.com/agricultural-land-for-sale-in-vellore-pppfs,2026-09-27,,vellore,Vellore,locality_reassigned_using_official_district_source,https://ranipet.nic.in/revenue-administration/,individual_advertisement_not_locality_or_district_benchmark,"Asking price only; seller, title, availability, legal use and transaction price not verified."
TN-9a6f502464e3,Ranipet,Ranipet,agricultural_land,land,68.19,advertised_total_divided_by_source_area,68,24000000,351968,sqft,351968,plot_area,-0.2757,asking_price,advertised_not_independently_verified,consistent_within_rounding_tolerance,,Magicbricks,S074,https://www.magicbricks.com/agricultural-land-for-sale-in-vellore-pppfs,2026-09-27,,vellore,Vellore,locality_reassigned_using_official_district_source,https://ranipet.nic.in/revenue-administration/,individual_advertisement_not_locality_or_district_benchmark,"Asking price only; seller, title, availability, legal use and transaction price not verified."
TN-5ab7b6c0edeb,Ranipet,Ranipet,commercial_land,land,2000,advertised_total_divided_by_source_area,2000,360000000,180000,sqft,180000,plot_area,0,asking_price,advertised_not_independently_verified,consistent_within_rounding_tolerance,,Magicbricks,S098,https://www.magicbricks.com/commercial-property-for-sale-in-ranipet-vellore-pppfs,2026-09-27,,ranipet-vellore,Ranipet,locality_reassigned_using_official_district_source,https://ranipet.nic.in/revenue-administration/,individual_advertisement_not_locality_or_district_benchmark,"Asking price only; seller, title, availability, legal use and transaction price not verified."
TN-c60d4bee36ff,Ranipet,Ranipet,industrial_building,built_property,2000,advertised_total_divided_by_source_area,2000,360000000,180000,sqft,180000,super_area,0,asking_price,advertised_not_independently_verified,consistent_within_rounding_tolerance,,Magicbricks,S098,https://www.magicbricks.com/commercial-property-for-sale-in-ranipet-vellore-pppfs,2026-09-27,,ranipet-vellore,Ranipet,locality_reassigned_using_official_district_source,https://ranipet.nic.in/revenue-administration/,individual_advertisement_not_locality_or_district_benchmark,"Asking price only; seller, title, availability, legal use and transaction price not verified."
TN-503abb6efe0e,Ranipet,Ranipet,industrial_land,land,229.57,advertised_total_divided_by_source_area,230,100000000,435600,sqft,435600,plot_area,0.188,asking_price,advertised_not_independently_verified,consistent_within_rounding_tolerance,,Magicbricks,S098,https://www.magicbricks.com/commercial-property-for-sale-in-ranipet-vellore-pppfs,2026-09-27,,ranipet-vellore,Ranipet,locality_reassigned_using_official_district_source,https://ranipet.nic.in/revenue-administration/,individual_advertisement_not_locality_or_district_benchmark,"Asking price only; seller, title, availability, legal use and transaction price not verified."
TN-f9a49ed4043a,Ranipet,Ranipet,industrial_land,land,1492.19,advertised_total_divided_by_source_area,1492,650000000,435600,sqft,435600,plot_area,-0.013,asking_price,advertised_not_independently_verified,consistent_within_rounding_tolerance,,Magicbricks,S098,https://www.magicbricks.com/commercial-property-for-sale-in-ranipet-vellore-pppfs,2026-09-27,,ranipet-vellore,Ranipet,locality_reassigned_using_official_district_source,https://ranipet.nic.in/revenue-administration/,individual_advertisement_not_locality_or_district_benchmark,"Asking price only; seller, title, availability, legal use and transaction price not verified."
TN-5c7c32122c24,Ranipet,Arcot,residential_plot,land,887.96,advertised_total_divided_by_source_area,888,9590000,10800,sqft,10800,plot_area,0.0042,asking_price,advertised_not_independently_verified,consistent_within_rounding_tolerance,,Magicbricks,S036,https://www.magicbricks.com/property-for-sale-in-vellore-pppfs,2026-09-27,,vellore,Vellore,locality_reassigned_using_official_district_source,https://ranipet.nic.in/revenue-administration/,individual_advertisement_not_locality_or_district_benchmark,"Asking price only; seller, title, availability, legal use and transaction price not verified."
TN-179c285c8ca2,Ranipet,"Arcot, Ranipet",residential_plot,land,1200,advertised_total_divided_by_source_area,1200,1440000,1200,sqft,1200,plot_area,0,asking_price,advertised_not_independently_verified,consistent_within_rounding_tolerance,,Housing.com,S140,https://housing.com/in/buy/ranipet/plots-fid/,2026-09-27,,ranipet,Ranipet,portal_locality_assignment_not_cadastral_verified,,individual_advertisement_not_locality_or_district_benchmark,"Asking price only; seller, title, availability, legal use and transaction price not verified."
TN-cf9984b81329,Ranipet,"Kilpakkam- Arakkonam, Ranipet",residential_plot,land,320,advertised_total_divided_by_source_area,320,256000,800,sqft,800,plot_area,0,asking_price,advertised_not_independently_verified,consistent_within_rounding_tolerance,,Housing.com,S140,https://housing.com/in/buy/ranipet/plots-fid/,2026-09-27,,ranipet,Ranipet,portal_locality_assignment_not_cadastral_verified,,individual_advertisement_not_locality_or_district_benchmark,"Asking price only; seller, title, availability, legal use and transaction price not verified."
TN-efefd2c89508,Ranipet,"Mosur, Arakonam, Ranipet",residential_plot,land,650,advertised_total_divided_by_source_area,650,1040000,1600,sqft,1600,plot_area,0,asking_price,advertised_not_independently_verified,consistent_within_rounding_tolerance,,Housing.com,S140,https://housing.com/in/buy/ranipet/plots-fid/,2026-09-27,,ranipet,Ranipet,portal_locality_assignment_not_cadastral_verified,,individual_advertisement_not_locality_or_district_benchmark,"Asking price only; seller, title, availability, legal use and transaction price not verified."
TN-eb895d815d1b,Ranipet,"Mosur, Arakonam, Ranipet",residential_plot,land,650.13,advertised_total_divided_by_source_area,650,1297000,1995,sqft,1995,plot_area,-0.0193,asking_price,advertised_not_independently_verified,consistent_within_rounding_tolerance,,Housing.com,S140,https://housing.com/in/buy/ranipet/plots-fid/,2026-09-27,,ranipet,Ranipet,portal_locality_assignment_not_cadastral_verified,,individual_advertisement_not_locality_or_district_benchmark,"Asking price only; seller, title, availability, legal use and transaction price not verified."
TN-50030286e0d5,Ranipet,Ocheri,residential_plot,land,3000,advertised_total_divided_by_source_area,3000,3600000,1200,sqft,1200,plot_area,0,asking_price,advertised_not_independently_verified,consistent_within_rounding_tolerance,,Magicbricks,S036,https://www.magicbricks.com/property-for-sale-in-vellore-pppfs,2026-09-27,,vellore,Vellore,locality_reassigned_using_official_district_source,https://ranipet.nic.in/revenue-administration/,individual_advertisement_not_locality_or_district_benchmark,"Asking price only; seller, title, availability, legal use and transaction price not verified."
TN-289ef7f8ef84,Ranipet,Ranipet,residential_plot,land,1200,advertised_total_divided_by_source_area,1200,1200000,1000,sqft,1000,plot_area,0,asking_price,advertised_not_independently_verified,consistent_within_rounding_tolerance,,Magicbricks,S117,https://www.magicbricks.com/property-for-sale-in-ranipet-vellore-pppfs,2026-09-27,,ranipet-vellore,Ranipet,locality_reassigned_using_official_district_source,https://ranipet.nic.in/revenue-administration/,individual_advertisement_not_locality_or_district_benchmark,"Asking price only; seller, title, availability, legal use and transaction price not verified."
TN-0c34be615c98,Ranipet,Ranipet,residential_plot,land,1400,advertised_total_divided_by_source_area,1400,1680000,1200,sqft,1200,plot_area,0,asking_price,advertised_not_independently_verified,consistent_within_rounding_tolerance,,Magicbricks,S117,https://www.magicbricks.com/property-for-sale-in-ranipet-vellore-pppfs,2026-09-27,,ranipet-vellore,Ranipet,locality_reassigned_using_official_district_source,https://ranipet.nic.in/revenue-administration/,individual_advertisement_not_locality_or_district_benchmark,"Asking price only; seller, title, availability, legal use and transaction price not verified."
TN-c1e00796668d,Ranipet,Ranipet,residential_plot,land,1894.74,advertised_total_divided_by_source_area,1895,1800000,950,sqft,950,plot_area,0.0139,asking_price,advertised_not_independently_verified,consistent_within_rounding_tolerance,,Magicbricks,S117,https://www.magicbricks.com/property-for-sale-in-ranipet-vellore-pppfs,2026-09-27,,ranipet-vellore,Ranipet,locality_reassigned_using_official_district_source,https://ranipet.nic.in/revenue-administration/,individual_advertisement_not_locality_or_district_benchmark,"Asking price only; seller, title, availability, legal use and transaction price not verified."
TN-48fc9224993f,Ranipet,Ranipet,residential_plot,land,2311.52,advertised_total_divided_by_source_area,2312,6500000,2812,sqft,2812,plot_area,0.0207,asking_price,advertised_not_independently_verified,consistent_within_rounding_tolerance,,Magicbricks,S117,https://www.magicbricks.com/property-for-sale-in-ranipet-vellore-pppfs,2026-09-27,,ranipet-vellore,Ranipet,locality_reassigned_using_official_district_source,https://ranipet.nic.in/revenue-administration/,individual_advertisement_not_locality_or_district_benchmark,"Asking price only; seller, title, availability, legal use and transaction price not verified."
TN-4669e053a589,Ranipet,Ranipet,residential_plot,land,3200,advertised_total_divided_by_source_area,3200,10800000,3375,sqft,3375,plot_area,0,asking_price,advertised_not_independently_verified,consistent_within_rounding_tolerance,,Magicbricks,S117,https://www.magicbricks.com/property-for-sale-in-ranipet-vellore-pppfs,2026-09-27,,ranipet-vellore,Ranipet,locality_reassigned_using_official_district_source,https://ranipet.nic.in/revenue-administration/,individual_advertisement_not_locality_or_district_benchmark,"Asking price only; seller, title, availability, legal use and transaction price not verified."
TN-1479e71772f5,Ranipet,Thakkolam,residential_plot,land,750,advertised_total_divided_by_source_area,750,900000,1200,sqft,1200,plot_area,0,asking_price,advertised_not_independently_verified,consistent_within_rounding_tolerance,,Magicbricks,S036,https://www.magicbricks.com/property-for-sale-in-vellore-pppfs,2026-09-27,,vellore,Vellore,locality_reassigned_using_official_district_source,https://ranipet.nic.in/revenue-administration/,individual_advertisement_not_locality_or_district_benchmark,"Asking price only; seller, title, availability, legal use and transaction price not verified."
TN-b203cd9344c6,Ranipet,"Thiruparkadal, Ranipet",residential_plot,land,2090,advertised_total_divided_by_source_area,2090,5016000,2400,sqft,2400,plot_area,0,asking_price,advertised_not_independently_verified,consistent_within_rounding_tolerance,,Housing.com,S140,https://housing.com/in/buy/ranipet/plots-fid/,2026-09-27,,ranipet,Ranipet,portal_locality_assignment_not_cadastral_verified,,individual_advertisement_not_locality_or_district_benchmark,"Asking price only; seller, title, availability, legal use and transaction price not verified."
TN-cef4554bf5c8,Ranipet,"Winterpet, Arakkonam",residential_plot,land,575,advertised_total_divided_by_source_area,575,1380000,2400,sqft,2400,plot_area,0,asking_price,advertised_not_independently_verified,consistent_within_rounding_tolerance,,Housing.com,S140,https://housing.com/in/buy/ranipet/plots-fid/,2026-09-27,,ranipet,Ranipet,portal_locality_assignment_not_cadastral_verified,,individual_advertisement_not_locality_or_district_benchmark,"Asking price only; seller, title, availability, legal use and transaction price not verified."
TN-e006336d1365,Salem,Mettur,agricultural_land,land,137.74,advertised_total_divided_by_source_area,138,20400000,148100,sqft,148100,plot_area,0.1853,asking_price,advertised_not_independently_verified,consistent_within_rounding_tolerance,,Magicbricks,S061,https://www.magicbricks.com/agricultural-land-for-sale-in-salem-pppfs,2026-09-27,,salem,Salem,portal_locality_assignment_not_cadastral_verified,,individual_advertisement_not_locality_or_district_benchmark,"Asking price only; seller, title, availability, legal use and transaction price not verified."
TN-e8f7b020a6b1,Salem,Salem,agricultural_land,land,470.62,advertised_total_divided_by_source_area,471,41000000,87120,sqft,87120,plot_area,0.0818,asking_price,advertised_not_independently_verified,consistent_within_rounding_tolerance,,Magicbricks,S061,https://www.magicbricks.com/agricultural-land-for-sale-in-salem-pppfs,2026-09-27,,salem,Salem,portal_locality_assignment_not_cadastral_verified,,individual_advertisement_not_locality_or_district_benchmark,"Asking price only; seller, title, availability, legal use and transaction price not verified."
TN-6b5ce7982f3c,Salem,Yercaud,agricultural_land,land,149.22,advertised_total_divided_by_source_area,149,6500000,43560,sqft,43560,plot_area,-0.1471,asking_price,advertised_not_independently_verified,consistent_within_rounding_tolerance,,Magicbricks,S061,https://www.magicbricks.com/agricultural-land-for-sale-in-salem-pppfs,2026-09-27,,salem,Salem,portal_locality_assignment_not_cadastral_verified,,individual_advertisement_not_locality_or_district_benchmark,"Asking price only; seller, title, availability, legal use and transaction price not verified."
TN-a593c8201d17,Salem,Yercaud,agricultural_land,land,521.8,advertised_total_divided_by_source_area,522,22500000,43120,sqft,43120,plot_area,0.0384,asking_price,advertised_not_independently_verified,consistent_within_rounding_tolerance,,Magicbricks,S061,https://www.magicbricks.com/agricultural-land-for-sale-in-salem-pppfs,2026-09-27,,salem,Salem,portal_locality_assignment_not_cadastral_verified,,individual_advertisement_not_locality_or_district_benchmark,"Asking price only; seller, title, availability, legal use and transaction price not verified."
TN-b350b72d6369,Salem,Yercaud,agricultural_land,land,688.71,advertised_total_divided_by_source_area,689,300000000,435600,sqft,435600,plot_area,0.0428,asking_price,advertised_not_independently_verified,consistent_within_rounding_tolerance,,Magicbricks,S061,https://www.magicbricks.com/agricultural-land-for-sale-in-salem-pppfs,2026-09-27,,salem,Salem,portal_locality_assignment_not_cadastral_verified,,individual_advertisement_not_locality_or_district_benchmark,"Asking price only; seller, title, availability, legal use and transaction price not verified."
TN-ba1f391d861e,Salem,Karuppur,commercial_land,land,2500,advertised_total_divided_by_source_area,2500,55000000,22000,sqft,22000,plot_area,0,asking_price,advertised_not_independently_verified,consistent_within_rounding_tolerance,,Magicbricks,S099,https://www.magicbricks.com/commercial-property-for-sale-in-salem-pppfs,2026-09-27,,salem,Salem,portal_locality_assignment_not_cadastral_verified,,individual_advertisement_not_locality_or_district_benchmark,"Asking price only; seller, title, availability, legal use and transaction price not verified."
TN-9ba15cf42637,Salem,Salem,commercial_office,built_property,4761.9,advertised_total_divided_by_source_area,4762,40000000,8400,sqft,8400,super_area,0.002,asking_price,advertised_not_independently_verified,consistent_within_rounding_tolerance,,Magicbricks,S099,https://www.magicbricks.com/commercial-property-for-sale-in-salem-pppfs,2026-09-27,,salem,Salem,portal_locality_assignment_not_cadastral_verified,,individual_advertisement_not_locality_or_district_benchmark,"Asking price only; seller, title, availability, legal use and transaction price not verified."
TN-114709eadeac,Salem,Ammapet,commercial_retail,built_property,7586.21,advertised_total_divided_by_source_area,7586,55000000,7250,sqft,7250,super_area,-0.0027,asking_price,advertised_not_independently_verified,consistent_within_rounding_tolerance,,Magicbricks,S099,https://www.magicbricks.com/commercial-property-for-sale-in-salem-pppfs,2026-09-27,,salem,Salem,portal_locality_assignment_not_cadastral_verified,,individual_advertisement_not_locality_or_district_benchmark,"Asking price only; seller, title, availability, legal use and transaction price not verified."
TN-6cf011424307,Salem,Ayothiapattinam,industrial_building,built_property,584.85,advertised_total_divided_by_source_area,585,19300000,33000,sqft,33000,super_area,0.0259,asking_price,advertised_not_independently_verified,consistent_within_rounding_tolerance,,Magicbricks,S099,https://www.magicbricks.com/commercial-property-for-sale-in-salem-pppfs,2026-09-27,,salem,Salem,portal_locality_assignment_not_cadastral_verified,,individual_advertisement_not_locality_or_district_benchmark,"Asking price only; seller, title, availability, legal use and transaction price not verified."
TN-f0290831aee2,Salem,Omalur,industrial_land,land,65.6,advertised_total_divided_by_source_area,66,20000000,304900,sqft,304900,plot_area,0.617,asking_price,advertised_not_independently_verified,consistent_within_rounding_tolerance,,Magicbricks,S099,https://www.magicbricks.com/commercial-property-for-sale-in-salem-pppfs,2026-09-27,,salem,Salem,portal_locality_assignment_not_cadastral_verified,,individual_advertisement_not_locality_or_district_benchmark,"Asking price only; seller, title, availability, legal use and transaction price not verified."
TN-c0cafb23f663,Salem,"Boominaickenpatti, Kollapatty",residential_plot,land,1800,advertised_total_divided_by_source_area,1800,1080000,600,sqft,600,plot_area,0,asking_price,advertised_not_independently_verified,consistent_within_rounding_tolerance,,Housing.com,S141,https://housing.com/in/buy/salem/plots-fid/,2026-09-27,,salem,Salem,portal_locality_assignment_not_cadastral_verified,,individual_advertisement_not_locality_or_district_benchmark,"Asking price only; seller, title, availability, legal use and transaction price not verified."
TN-2eb76e3625af,Salem,"Boominaickenpatti, Pagalpatti",residential_plot,land,800,advertised_total_divided_by_source_area,800,480000,600,sqft,600,plot_area,0,asking_price,advertised_not_independently_verified,consistent_within_rounding_tolerance,,Housing.com,S141,https://housing.com/in/buy/salem/plots-fid/,2026-09-27,,salem,Salem,portal_locality_assignment_not_cadastral_verified,,individual_advertisement_not_locality_or_district_benchmark,"Asking price only; seller, title, availability, legal use and transaction price not verified."
TN-40e43d05ebe3,Salem,Chinna Thirupathi,residential_plot,land,5000,advertised_total_divided_by_source_area,5000,95000000,19000,sqft,19000,plot_area,0,asking_price,advertised_not_independently_verified,consistent_within_rounding_tolerance,,Magicbricks,S023,https://www.magicbricks.com/property-for-sale-in-salem-pppfs,2026-09-27,,salem,Salem,portal_locality_assignment_not_cadastral_verified,,individual_advertisement_not_locality_or_district_benchmark,"Asking price only; seller, title, availability, legal use and transaction price not verified."
TN-5c6ee18da058,Salem,"Indra Nagar, Karuppur",residential_plot,land,1780,advertised_total_divided_by_source_area,1780,1068000,600,sqft,600,plot_area,0,asking_price,advertised_not_independently_verified,consistent_within_rounding_tolerance,,Housing.com,S141,https://housing.com/in/buy/salem/plots-fid/,2026-09-27,,salem,Salem,portal_locality_assignment_not_cadastral_verified,,individual_advertisement_not_locality_or_district_benchmark,"Asking price only; seller, title, availability, legal use and transaction price not verified."
TN-defedef14aed,Salem,"Kandhampatty, Salem",residential_plot,land,2352.13,advertised_total_divided_by_source_area,2350,37500000,15943,sqft,15943,plot_area,-0.0905,asking_price,advertised_not_independently_verified,consistent_within_rounding_tolerance,,Housing.com,S141,https://housing.com/in/buy/salem/plots-fid/,2026-09-27,,salem,Salem,portal_locality_assignment_not_cadastral_verified,,individual_advertisement_not_locality_or_district_benchmark,"Asking price only; seller, title, availability, legal use and transaction price not verified."
TN-33fe430f7543,Salem,NGGO Colony,residential_plot,land,4000,advertised_total_divided_by_source_area,4000,6000000,1500,sqft,1500,plot_area,0,asking_price,advertised_not_independently_verified,consistent_within_rounding_tolerance,,Magicbricks,S023,https://www.magicbricks.com/property-for-sale-in-salem-pppfs,2026-09-27,,salem,Salem,portal_locality_assignment_not_cadastral_verified,,individual_advertisement_not_locality_or_district_benchmark,"Asking price only; seller, title, availability, legal use and transaction price not verified."
TN-52ceb3344d8e,Salem,"Padaiyachi Nagar, Kannankurichi",residential_plot,land,1611.67,advertised_total_divided_by_source_area,1610,967000,600,sqft,600,plot_area,-0.1034,asking_price,advertised_not_independently_verified,consistent_within_rounding_tolerance,,Housing.com,S141,https://housing.com/in/buy/salem/plots-fid/,2026-09-27,,salem,Salem,portal_locality_assignment_not_cadastral_verified,,individual_advertisement_not_locality_or_district_benchmark,"Asking price only; seller, title, availability, legal use and transaction price not verified."
TN-f9d678e4111a,Salem,"Sandaipet, Kondalampatti",residential_plot,land,1228,advertised_total_divided_by_source_area,1230,2763000,2250,sqft,2250,plot_area,0.1629,asking_price,advertised_not_independently_verified,consistent_within_rounding_tolerance,,Housing.com,S141,https://housing.com/in/buy/salem/plots-fid/,2026-09-27,,salem,Salem,portal_locality_assignment_not_cadastral_verified,,individual_advertisement_not_locality_or_district_benchmark,"Asking price only; seller, title, availability, legal use and transaction price not verified."
TN-8d6792b77fa0,Salem,Yercaud,residential_plot,land,3300,advertised_total_divided_by_source_area,3300,1980000,600,sqft,600,plot_area,0,asking_price,advertised_not_independently_verified,consistent_within_rounding_tolerance,,Magicbricks,S023,https://www.magicbricks.com/property-for-sale-in-salem-pppfs,2026-09-27,,salem,Salem,portal_locality_assignment_not_cadastral_verified,,individual_advertisement_not_locality_or_district_benchmark,"Asking price only; seller, title, availability, legal use and transaction price not verified."
TN-d987ed597ecf,Salem,siddhar kovil,residential_plot,land,3266.67,advertised_total_divided_by_source_area,3267,4900000,1500,sqft,1500,plot_area,0.0102,asking_price,advertised_not_independently_verified,consistent_within_rounding_tolerance,,Magicbricks,S023,https://www.magicbricks.com/property-for-sale-in-salem-pppfs,2026-09-27,,salem,Salem,portal_locality_assignment_not_cadastral_verified,,individual_advertisement_not_locality_or_district_benchmark,"Asking price only; seller, title, availability, legal use and transaction price not verified."
TN-9303f055091a,Salem,Peramanur,warehouse,built_property,10000,advertised_total_divided_by_source_area,10000,20000000,2000,sqft,2000,super_area,0,asking_price,advertised_not_independently_verified,consistent_within_rounding_tolerance,,Magicbricks,S099,https://www.magicbricks.com/commercial-property-for-sale-in-salem-pppfs,2026-09-27,,salem,Salem,portal_locality_assignment_not_cadastral_verified,,individual_advertisement_not_locality_or_district_benchmark,"Asking price only; seller, title, availability, legal use and transaction price not verified."
TN-394358e4a4ea,Sivaganga,Devakottai,agricultural_land,land,1041.67,advertised_total_divided_by_source_area,1042,1250000,1200,sqft,1200,plot_area,0.032,asking_price,advertised_not_independently_verified,consistent_within_rounding_tolerance,,Magicbricks,S062,https://www.magicbricks.com/agricultural-land-for-sale-in-sivaganga-pppfs,2026-09-27,,sivaganga,Sivaganga,portal_locality_assignment_not_cadastral_verified,,individual_advertisement_not_locality_or_district_benchmark,"Asking price only; seller, title, availability, legal use and transaction price not verified."
TN-f3ec7df27b22,Sivaganga,Manamadurai Main Road,agricultural_land,land,11.48,advertised_total_divided_by_source_area,11,15000000,1307000,sqft,1307000,plot_area,-4.1533,asking_price,advertised_not_independently_verified,consistent_within_rounding_tolerance,,Magicbricks,S062,https://www.magicbricks.com/agricultural-land-for-sale-in-sivaganga-pppfs,2026-09-27,,sivaganga,Sivaganga,portal_locality_assignment_not_cadastral_verified,,individual_advertisement_not_locality_or_district_benchmark,"Asking price only; seller, title, availability, legal use and transaction price not verified."
TN-6f50ea5dc049,Sivaganga,Sivaganga,agricultural_land,land,37.87,advertised_total_divided_by_source_area,38,99000000,2614000,sqft,2614000,plot_area,0.3354,asking_price,advertised_not_independently_verified,consistent_within_rounding_tolerance,,Magicbricks,S062,https://www.magicbricks.com/agricultural-land-for-sale-in-sivaganga-pppfs,2026-09-27,,sivaganga,Sivaganga,portal_locality_assignment_not_cadastral_verified,,individual_advertisement_not_locality_or_district_benchmark,"Asking price only; seller, title, availability, legal use and transaction price not verified."
TN-1a74cb3919f4,Sivaganga,Sivaganga,agricultural_land,land,45.92,advertised_total_divided_by_source_area,46,8000000,174200,sqft,174200,plot_area,0.165,asking_price,advertised_not_independently_verified,consistent_within_rounding_tolerance,,Magicbricks,S062,https://www.magicbricks.com/agricultural-land-for-sale-in-sivaganga-pppfs,2026-09-27,,sivaganga,Sivaganga,portal_locality_assignment_not_cadastral_verified,,individual_advertisement_not_locality_or_district_benchmark,"Asking price only; seller, title, availability, legal use and transaction price not verified."
TN-bcb35cef5d3b,Sivaganga,Sivaganga,agricultural_land,land,50,advertised_total_divided_by_source_area,50,2000000,40000,sqft,40000,plot_area,0,asking_price,advertised_not_independently_verified,consistent_within_rounding_tolerance,,Magicbricks,S062,https://www.magicbricks.com/agricultural-land-for-sale-in-sivaganga-pppfs,2026-09-27,,sivaganga,Sivaganga,portal_locality_assignment_not_cadastral_verified,,individual_advertisement_not_locality_or_district_benchmark,"Asking price only; seller, title, availability, legal use and transaction price not verified."
TN-ecc901a63a76,Sivaganga,Karaikudi,builder_floor,built_property,4000,advertised_total_divided_by_source_area,4000,4000000,1000,sqft,1000,super_area,0,asking_price,advertised_not_independently_verified,consistent_within_rounding_tolerance,,Magicbricks,S024,https://www.magicbricks.com/property-for-sale-in-sivaganga-pppfs,2026-09-27,,sivaganga,Sivaganga,portal_locality_assignment_not_cadastral_verified,,individual_advertisement_not_locality_or_district_benchmark,"Asking price only; seller, title, availability, legal use and transaction price not verified."
TN-af35d104559a,Sivaganga,Manamadurai Main Road,commercial_land,land,229.58,advertised_total_divided_by_source_area,230,7700000,33540,sqft,33540,plot_area,0.1844,asking_price,advertised_not_independently_verified,consistent_within_rounding_tolerance,,Magicbricks,S100,https://www.magicbricks.com/commercial-property-for-sale-in-sivaganga-pppfs,2026-09-27,,sivaganga,Sivaganga,portal_locality_assignment_not_cadastral_verified,,individual_advertisement_not_locality_or_district_benchmark,"Asking price only; seller, title, availability, legal use and transaction price not verified."
TN-70463a72fa55,Sivaganga,"Ram Nagar, Devakottai",commercial_land,land,2295.95,advertised_total_divided_by_source_area,2296,20000000,8711,sqft,8711,plot_area,0.0023,asking_price,advertised_not_independently_verified,consistent_within_rounding_tolerance,,Magicbricks,S100,https://www.magicbricks.com/commercial-property-for-sale-in-sivaganga-pppfs,2026-09-27,,sivaganga,Sivaganga,portal_locality_assignment_not_cadastral_verified,,individual_advertisement_not_locality_or_district_benchmark,"Asking price only; seller, title, availability, legal use and transaction price not verified."
TN-8135b8d63dc8,Sivaganga,"Aranmanai Vaasal, Sivaganga",residential_plot,land,915.75,advertised_total_divided_by_source_area,915,2000000,2184,sqft,2184,plot_area,-0.082,asking_price,advertised_not_independently_verified,consistent_within_rounding_tolerance,,Housing.com,S142,https://housing.com/in/buy/sivaganga/plots-fid/,2026-09-27,,sivaganga,Sivaganga,portal_locality_assignment_not_cadastral_verified,,individual_advertisement_not_locality_or_district_benchmark,"Asking price only; seller, title, availability, legal use and transaction price not verified."
TN-cc4b9e3f951e,Sivaganga,"Kalanivasal Area, Karaikudi",residential_plot,land,1000,advertised_total_divided_by_source_area,1000,3000000,3000,sqft,3000,plot_area,0,asking_price,advertised_not_independently_verified,consistent_within_rounding_tolerance,,Housing.com,S142,https://housing.com/in/buy/sivaganga/plots-fid/,2026-09-27,,sivaganga,Sivaganga,portal_locality_assignment_not_cadastral_verified,,individual_advertisement_not_locality_or_district_benchmark,"Asking price only; seller, title, availability, legal use and transaction price not verified."
TN-9edf4c1b4311,Sivaganga,Kalayarkoil,residential_plot,land,3444.44,advertised_total_divided_by_source_area,3444,43400000,12600,sqft,12600,plot_area,-0.0129,asking_price,advertised_not_independently_verified,consistent_within_rounding_tolerance,,Magicbricks,S024,https://www.magicbricks.com/property-for-sale-in-sivaganga-pppfs,2026-09-27,,sivaganga,Sivaganga,portal_locality_assignment_not_cadastral_verified,,individual_advertisement_not_locality_or_district_benchmark,"Asking price only; seller, title, availability, legal use and transaction price not verified."
TN-707b9660c820,Sivaganga,Karaikudi,residential_plot,land,833.33,advertised_total_divided_by_source_area,833,1000000,1200,sqft,1200,plot_area,-0.04,asking_price,advertised_not_independently_verified,consistent_within_rounding_tolerance,,Magicbricks,S024,https://www.magicbricks.com/property-for-sale-in-sivaganga-pppfs,2026-09-27,,sivaganga,Sivaganga,portal_locality_assignment_not_cadastral_verified,,individual_advertisement_not_locality_or_district_benchmark,"Asking price only; seller, title, availability, legal use and transaction price not verified."
TN-2b67780c3ca6,Sivaganga,Madhagupatti,residential_plot,land,745.63,advertised_total_divided_by_source_area,746,5080000,6813,sqft,6813,plot_area,0.0492,asking_price,advertised_not_independently_verified,consistent_within_rounding_tolerance,,Magicbricks,S024,https://www.magicbricks.com/property-for-sale-in-sivaganga-pppfs,2026-09-27,,sivaganga,Sivaganga,portal_locality_assignment_not_cadastral_verified,,individual_advertisement_not_locality_or_district_benchmark,"Asking price only; seller, title, availability, legal use and transaction price not verified."
TN-f63bb0e0897b,Sivaganga,"Pandiyan Nagar, Karaikudi",residential_plot,land,1607.14,advertised_total_divided_by_source_area,1610,2250000,1400,sqft,1400,plot_area,0.1778,asking_price,advertised_not_independently_verified,consistent_within_rounding_tolerance,,Housing.com,S142,https://housing.com/in/buy/sivaganga/plots-fid/,2026-09-27,,sivaganga,Sivaganga,portal_locality_assignment_not_cadastral_verified,,individual_advertisement_not_locality_or_district_benchmark,"Asking price only; seller, title, availability, legal use and transaction price not verified."
TN-1a9fa9f6cae0,Sivaganga,"Rajaduraisingham, Sivaganga",residential_plot,land,1011.49,advertised_total_divided_by_source_area,1010,2200000,2175,sqft,2175,plot_area,-0.1477,asking_price,advertised_not_independently_verified,consistent_within_rounding_tolerance,,Housing.com,S142,https://housing.com/in/buy/sivaganga/plots-fid/,2026-09-27,,sivaganga,Sivaganga,portal_locality_assignment_not_cadastral_verified,,individual_advertisement_not_locality_or_district_benchmark,"Asking price only; seller, title, availability, legal use and transaction price not verified."
TN-a1237e994fec,Sivaganga,majeeth Road,residential_plot,land,3636.36,advertised_total_divided_by_source_area,3636,40000000,11000,sqft,11000,plot_area,-0.01,asking_price,advertised_not_independently_verified,consistent_within_rounding_tolerance,,Magicbricks,S024,https://www.magicbricks.com/property-for-sale-in-sivaganga-pppfs,2026-09-27,,sivaganga,Sivaganga,portal_locality_assignment_not_cadastral_verified,,individual_advertisement_not_locality_or_district_benchmark,"Asking price only; seller, title, availability, legal use and transaction price not verified."
TN-952edba7ba3a,Sivaganga,Singampunari,warehouse,built_property,2848.03,advertised_total_divided_by_source_area,2848,37500000,13167,sqft,13167,super_area,-0.001,asking_price,advertised_not_independently_verified,consistent_within_rounding_tolerance,,Magicbricks,S100,https://www.magicbricks.com/commercial-property-for-sale-in-sivaganga-pppfs,2026-09-27,,sivaganga,Sivaganga,portal_locality_assignment_not_cadastral_verified,,individual_advertisement_not_locality_or_district_benchmark,"Asking price only; seller, title, availability, legal use and transaction price not verified."
TN-bd42632259d9,Tenkasi,Tenkasi,agricultural_land,land,44.26,advertised_total_divided_by_source_area,44,81000000,1830000,sqft,1830000,plot_area,-0.5926,asking_price,advertised_not_independently_verified,consistent_within_rounding_tolerance,,Magicbricks,S063,https://www.magicbricks.com/agricultural-land-for-sale-in-tenkasi-pppfs,2026-09-27,,tenkasi,Tenkasi,portal_locality_assignment_not_cadastral_verified,,individual_advertisement_not_locality_or_district_benchmark,"Asking price only; seller, title, availability, legal use and transaction price not verified."
TN-aae846cc0c48,Tenkasi,Tenkasi,agricultural_land,land,80.35,advertised_total_divided_by_source_area,80,3500000,43560,sqft,43560,plot_area,-0.4343,asking_price,advertised_not_independently_verified,consistent_within_rounding_tolerance,,Magicbricks,S063,https://www.magicbricks.com/agricultural-land-for-sale-in-tenkasi-pppfs,2026-09-27,,tenkasi,Tenkasi,portal_locality_assignment_not_cadastral_verified,,individual_advertisement_not_locality_or_district_benchmark,"Asking price only; seller, title, availability, legal use and transaction price not verified."
TN-03a9d2f78252,Tenkasi,Tenkasi,agricultural_land,land,160.7,advertised_total_divided_by_source_area,161,14000000,87120,sqft,87120,plot_area,0.188,asking_price,advertised_not_independently_verified,consistent_within_rounding_tolerance,,Magicbricks,S068,https://www.magicbricks.com/agricultural-land-for-sale-in-tirunelveli-pppfs,2026-09-27,,tirunelveli,Tirunelveli,locality_reassigned_using_official_district_source,https://tenkasi.nic.in/tourist-place/coutrallam/,individual_advertisement_not_locality_or_district_benchmark,"Asking price only; seller, title, availability, legal use and transaction price not verified."
TN-1faace609262,Tenkasi,Tenkasi,agricultural_land,land,2066.67,advertised_total_divided_by_source_area,2066,27900000,13500,sqft,13500,plot_area,-0.0323,asking_price,advertised_not_independently_verified,consistent_within_rounding_tolerance,,Magicbricks,S063,https://www.magicbricks.com/agricultural-land-for-sale-in-tenkasi-pppfs,2026-09-27,,tenkasi,Tenkasi,portal_locality_assignment_not_cadastral_verified,,individual_advertisement_not_locality_or_district_benchmark,"Asking price only; seller, title, availability, legal use and transaction price not verified."
TN-bd5b23a14245,Tenkasi,In between Pavoorchatram to Alangulam,commercial_land,land,2368.8,advertised_total_divided_by_source_area,2369,65000000,27440,sqft,27440,plot_area,0.0082,asking_price,advertised_not_independently_verified,consistent_within_rounding_tolerance,,Magicbricks,S101,https://www.magicbricks.com/commercial-property-for-sale-in-tenkasi-pppfs,2026-09-27,,tenkasi,Tenkasi,portal_locality_assignment_not_cadastral_verified,,individual_advertisement_not_locality_or_district_benchmark,"Asking price only; seller, title, availability, legal use and transaction price not verified."
TN-4b5512cfb3e2,Tenkasi,Melagaram,commercial_land,land,36258.16,advertised_total_divided_by_source_area,36258,100000000,2758,sqft,2758,plot_area,-0.0004,asking_price,advertised_not_independently_verified,consistent_within_rounding_tolerance,,Magicbricks,S101,https://www.magicbricks.com/commercial-property-for-sale-in-tenkasi-pppfs,2026-09-27,,tenkasi,Tenkasi,portal_locality_assignment_not_cadastral_verified,,individual_advertisement_not_locality_or_district_benchmark,"Asking price only; seller, title, availability, legal use and transaction price not verified."
TN-db256e72d0e4,Tenkasi,mathalamparai,commercial_land,land,1415.46,advertised_total_divided_by_source_area,1416,18500000,13070,sqft,13070,plot_area,0.0385,asking_price,advertised_not_independently_verified,consistent_within_rounding_tolerance,,Magicbricks,S101,https://www.magicbricks.com/commercial-property-for-sale-in-tenkasi-pppfs,2026-09-27,,tenkasi,Tenkasi,portal_locality_assignment_not_cadastral_verified,,individual_advertisement_not_locality_or_district_benchmark,"Asking price only; seller, title, availability, legal use and transaction price not verified."
TN-33536ae08ed0,Tenkasi,Sengottai,independent_house,built_property,5000,advertised_total_divided_by_source_area,5000,20000000,4000,sqft,4000,super_area,0,asking_price,advertised_not_independently_verified,consistent_within_rounding_tolerance,,Magicbricks,S025,https://www.magicbricks.com/property-for-sale-in-tenkasi-pppfs,2026-09-27,,tenkasi,Tenkasi,portal_locality_assignment_not_cadastral_verified,,individual_advertisement_not_locality_or_district_benchmark,"Asking price only; seller, title, availability, legal use and transaction price not verified."
TN-6111d9ff8e17,Tenkasi,Ayikudy,residential_plot,land,583.33,advertised_total_divided_by_source_area,583,700000,1200,sqft,1200,plot_area,-0.0571,asking_price,advertised_not_independently_verified,consistent_within_rounding_tolerance,,Magicbricks,S025,https://www.magicbricks.com/property-for-sale-in-tenkasi-pppfs,2026-09-27,,tenkasi,Tenkasi,portal_locality_assignment_not_cadastral_verified,,individual_advertisement_not_locality_or_district_benchmark,"Asking price only; seller, title, availability, legal use and transaction price not verified."
TN-ae25ad96c168,Tenkasi,Ganapathy Nagar - Kuthukal Valasai,residential_plot,land,8000,advertised_total_divided_by_source_area,8000,16000000,2000,sqft,2000,plot_area,0,asking_price,advertised_not_independently_verified,consistent_within_rounding_tolerance,,Magicbricks,S025,https://www.magicbricks.com/property-for-sale-in-tenkasi-pppfs,2026-09-27,,tenkasi,Tenkasi,portal_locality_assignment_not_cadastral_verified,,individual_advertisement_not_locality_or_district_benchmark,"Asking price only; seller, title, availability, legal use and transaction price not verified."
TN-62a85cf542eb,Tenkasi,Kuthukalvalasai,residential_plot,land,3635.67,advertised_total_divided_by_source_area,3635,9500000,2613,sqft,2613,plot_area,-0.0184,asking_price,advertised_not_independently_verified,consistent_within_rounding_tolerance,,Magicbricks,S025,https://www.magicbricks.com/property-for-sale-in-tenkasi-pppfs,2026-09-27,,tenkasi,Tenkasi,portal_locality_assignment_not_cadastral_verified,,individual_advertisement_not_locality_or_district_benchmark,"Asking price only; seller, title, availability, legal use and transaction price not verified."
TN-a29e55352da9,Tenkasi,Melameignanapuram,residential_plot,land,1836.27,advertised_total_divided_by_source_area,1837,2400000,1307,sqft,1307,plot_area,0.04,asking_price,advertised_not_independently_verified,consistent_within_rounding_tolerance,,Magicbricks,S025,https://www.magicbricks.com/property-for-sale-in-tenkasi-pppfs,2026-09-27,,tenkasi,Tenkasi,portal_locality_assignment_not_cadastral_verified,,individual_advertisement_not_locality_or_district_benchmark,"Asking price only; seller, title, availability, legal use and transaction price not verified."
TN-9a0c48b64270,Tenkasi,Nannagaram,villa,built_property,11494.25,advertised_total_divided_by_source_area,11450,30000000,2610,sqft,2610,carpet_area,-0.385,asking_price,advertised_not_independently_verified,consistent_within_rounding_tolerance,,Magicbricks,S025,https://www.magicbricks.com/property-for-sale-in-tenkasi-pppfs,2026-09-27,,tenkasi,Tenkasi,portal_locality_assignment_not_cadastral_verified,,individual_advertisement_not_locality_or_district_benchmark,"Asking price only; seller, title, availability, legal use and transaction price not verified."
TN-8c2691e060bc,Thanjavur,Marungulam,agricultural_land,land,496.03,advertised_total_divided_by_source_area,496,17500000,35280,sqft,35280,plot_area,-0.0064,asking_price,advertised_not_independently_verified,consistent_within_rounding_tolerance,,Magicbricks,S064,https://www.magicbricks.com/agricultural-land-for-sale-in-thanjavur-pppfs,2026-09-27,,thanjavur,Thanjavur,portal_locality_assignment_not_cadastral_verified,,individual_advertisement_not_locality_or_district_benchmark,"Asking price only; seller, title, availability, legal use and transaction price not verified."
TN-8cf983a31b68,Thanjavur,Palliagraharam,agricultural_land,land,1434.86,advertised_total_divided_by_source_area,1435,15000000,10454,sqft,10454,plot_area,0.0099,asking_price,advertised_not_independently_verified,consistent_within_rounding_tolerance,,Magicbricks,S064,https://www.magicbricks.com/agricultural-land-for-sale-in-thanjavur-pppfs,2026-09-27,,thanjavur,Thanjavur,portal_locality_assignment_not_cadastral_verified,,individual_advertisement_not_locality_or_district_benchmark,"Asking price only; seller, title, availability, legal use and transaction price not verified."
TN-2b29b4bec642,Thanjavur,Thanjavur,agricultural_land,land,261.71,advertised_total_divided_by_source_area,262,11400000,43560,sqft,43560,plot_area,0.1116,asking_price,advertised_not_independently_verified,consistent_within_rounding_tolerance,,Magicbricks,S064,https://www.magicbricks.com/agricultural-land-for-sale-in-thanjavur-pppfs,2026-09-27,,thanjavur,Thanjavur,portal_locality_assignment_not_cadastral_verified,,individual_advertisement_not_locality_or_district_benchmark,"Asking price only; seller, title, availability, legal use and transaction price not verified."
TN-2e6021a03a83,Thanjavur,Thanjavur Road,agricultural_land,land,121.95,advertised_total_divided_by_source_area,122,42500000,348500,sqft,348500,plot_area,0.04,asking_price,advertised_not_independently_verified,consistent_within_rounding_tolerance,,Magicbricks,S064,https://www.magicbricks.com/agricultural-land-for-sale-in-thanjavur-pppfs,2026-09-27,,thanjavur,Thanjavur,portal_locality_assignment_not_cadastral_verified,,individual_advertisement_not_locality_or_district_benchmark,"Asking price only; seller, title, availability, legal use and transaction price not verified."
TN-0bc813178801,Thanjavur,Thanjavur Road,agricultural_land,land,781.25,advertised_total_divided_by_source_area,781,25000000,32000,sqft,32000,plot_area,-0.032,asking_price,advertised_not_independently_verified,consistent_within_rounding_tolerance,,Magicbricks,S064,https://www.magicbricks.com/agricultural-land-for-sale-in-thanjavur-pppfs,2026-09-27,,thanjavur,Thanjavur,portal_locality_assignment_not_cadastral_verified,,individual_advertisement_not_locality_or_district_benchmark,"Asking price only; seller, title, availability, legal use and transaction price not verified."
TN-4a6e3496f937,Thanjavur,Thirukkanur Patti,agricultural_land,land,200,advertised_total_divided_by_source_area,200,2000000,10000,sqft,10000,plot_area,0,asking_price,advertised_not_independently_verified,consistent_within_rounding_tolerance,,Magicbricks,S064,https://www.magicbricks.com/agricultural-land-for-sale-in-thanjavur-pppfs,2026-09-27,,thanjavur,Thanjavur,portal_locality_assignment_not_cadastral_verified,,individual_advertisement_not_locality_or_district_benchmark,"Asking price only; seller, title, availability, legal use and transaction price not verified."
TN-f2fa8a41270f,Thanjavur,"POOKARA STREET,KALLUKULAM ROAd",commercial_land,land,6500.66,advertised_total_divided_by_source_area,6501,99200000,15260,sqft,15260,plot_area,0.0053,asking_price,advertised_not_independently_verified,consistent_within_rounding_tolerance,,Magicbricks,S102,https://www.magicbricks.com/commercial-property-for-sale-in-thanjavur-pppfs,2026-09-27,,thanjavur,Thanjavur,portal_locality_assignment_not_cadastral_verified,,individual_advertisement_not_locality_or_district_benchmark,"Asking price only; seller, title, availability, legal use and transaction price not verified."
TN-240706b8a1a7,Thanjavur,Palliagraharam,commercial_land,land,3000,advertised_total_divided_by_source_area,3000,3000000,1000,sqft,1000,plot_area,0,asking_price,advertised_not_independently_verified,consistent_within_rounding_tolerance,,Magicbricks,S102,https://www.magicbricks.com/commercial-property-for-sale-in-thanjavur-pppfs,2026-09-27,,thanjavur,Thanjavur,portal_locality_assignment_not_cadastral_verified,,individual_advertisement_not_locality_or_district_benchmark,"Asking price only; seller, title, availability, legal use and transaction price not verified."
TN-8438e1f4e1f0,Thanjavur,TNHB,commercial_land,land,2433.09,advertised_total_divided_by_source_area,2433,10000000,4110,sqft,4110,plot_area,-0.0037,asking_price,advertised_not_independently_verified,consistent_within_rounding_tolerance,,Magicbricks,S102,https://www.magicbricks.com/commercial-property-for-sale-in-thanjavur-pppfs,2026-09-27,,thanjavur,Thanjavur,portal_locality_assignment_not_cadastral_verified,,individual_advertisement_not_locality_or_district_benchmark,"Asking price only; seller, title, availability, legal use and transaction price not verified."
TN-c2eb909744a3,Thanjavur,Thanjavur Road,commercial_land,land,17.59,advertised_total_divided_by_source_area,18,380000,21600,sqft,21600,plot_area,2.3158,asking_price,advertised_not_independently_verified,consistent_within_rounding_tolerance,,Magicbricks,S102,https://www.magicbricks.com/commercial-property-for-sale-in-thanjavur-pppfs,2026-09-27,,thanjavur,Thanjavur,portal_locality_assignment_not_cadastral_verified,,individual_advertisement_not_locality_or_district_benchmark,"Asking price only; seller, title, availability, legal use and transaction price not verified."
TN-9f4776d0de73,Thanjavur,Ganesh Nagar,commercial_retail,built_property,1041.67,advertised_total_divided_by_source_area,1042,2500000,2400,sqft,2400,super_area,0.032,asking_price,advertised_not_independently_verified,consistent_within_rounding_tolerance,,Magicbricks,S102,https://www.magicbricks.com/commercial-property-for-sale-in-thanjavur-pppfs,2026-09-27,,thanjavur,Thanjavur,portal_locality_assignment_not_cadastral_verified,,individual_advertisement_not_locality_or_district_benchmark,"Asking price only; seller, title, availability, legal use and transaction price not verified."
TN-b8014c477ad8,Thanjavur,Gnanam Nagar,residential_plot,land,4000,advertised_total_divided_by_source_area,4000,4200000,1050,sqft,1050,plot_area,0,asking_price,advertised_not_independently_verified,consistent_within_rounding_tolerance,,Magicbricks,S026,https://www.magicbricks.com/property-for-sale-in-thanjavur-pppfs,2026-09-27,,thanjavur,Thanjavur,portal_locality_assignment_not_cadastral_verified,,individual_advertisement_not_locality_or_district_benchmark,"Asking price only; seller, title, availability, legal use and transaction price not verified."
TN-9904d6592e51,Thanjavur,Sakkottai,residential_plot,land,1233.62,advertised_total_divided_by_source_area,1234,8000000,6485,sqft,6485,plot_area,0.0311,asking_price,advertised_not_independently_verified,consistent_within_rounding_tolerance,,Magicbricks,S026,https://www.magicbricks.com/property-for-sale-in-thanjavur-pppfs,2026-09-27,,thanjavur,Thanjavur,portal_locality_assignment_not_cadastral_verified,,individual_advertisement_not_locality_or_district_benchmark,"Asking price only; seller, title, availability, legal use and transaction price not verified."
TN-f37e34b872a9,Thanjavur,"Srinivasapuram, Balaganapathy Nagar",residential_plot,land,3500,advertised_total_divided_by_source_area,3500,5250000,1500,sqft,1500,plot_area,0,asking_price,advertised_not_independently_verified,consistent_within_rounding_tolerance,,Housing.com,S144,https://housing.com/in/buy/thanjavur/plots-fid/,2026-09-27,,thanjavur,Thanjavur,portal_locality_assignment_not_cadastral_verified,,individual_advertisement_not_locality_or_district_benchmark,"Asking price only; seller, title, availability, legal use and transaction price not verified."
TN-bda02a3b63a0,Thanjavur,"Srinivasapuram, Balaganapathy Nagar",residential_plot,land,3500,advertised_total_divided_by_source_area,3500,4725000,1350,sqft,1350,plot_area,0,asking_price,advertised_not_independently_verified,consistent_within_rounding_tolerance,,Housing.com,S144,https://housing.com/in/buy/thanjavur/plots-fid/,2026-09-27,,thanjavur,Thanjavur,portal_locality_assignment_not_cadastral_verified,,individual_advertisement_not_locality_or_district_benchmark,"Asking price only; seller, title, availability, legal use and transaction price not verified."
TN-21c895ff1d7d,Thanjavur,"Srinivasapuram, Balaganapathy Nagar",residential_plot,land,3500,advertised_total_divided_by_source_area,3500,2310000,660,sqft,660,plot_area,0,asking_price,advertised_not_independently_verified,consistent_within_rounding_tolerance,,Housing.com,S144,https://housing.com/in/buy/thanjavur/plots-fid/,2026-09-27,,thanjavur,Thanjavur,portal_locality_assignment_not_cadastral_verified,,individual_advertisement_not_locality_or_district_benchmark,"Asking price only; seller, title, availability, legal use and transaction price not verified."
TN-bc7abb39ec3f,Thanjavur,Thanjavur Road,residential_plot,land,9727.63,advertised_total_divided_by_source_area,9729,250000000,25700,sqft,25700,plot_area,0.0141,asking_price,advertised_not_independently_verified,consistent_within_rounding_tolerance,,Magicbricks,S026,https://www.magicbricks.com/property-for-sale-in-thanjavur-pppfs,2026-09-27,,thanjavur,Thanjavur,portal_locality_assignment_not_cadastral_verified,,individual_advertisement_not_locality_or_district_benchmark,"Asking price only; seller, title, availability, legal use and transaction price not verified."
TN-867f4ce66a35,Thanjavur,VOC Nagar,residential_plot,land,3750,advertised_total_divided_by_source_area,3750,2250000,600,sqft,600,plot_area,0,asking_price,advertised_not_independently_verified,consistent_within_rounding_tolerance,,Magicbricks,S026,https://www.magicbricks.com/property-for-sale-in-thanjavur-pppfs,2026-09-27,,thanjavur,Thanjavur,portal_locality_assignment_not_cadastral_verified,,individual_advertisement_not_locality_or_district_benchmark,"Asking price only; seller, title, availability, legal use and transaction price not verified."
TN-60027ade40f3,Thanjavur,"Vallam, Thanjavur",residential_plot,land,560,advertised_total_divided_by_source_area,560,504000,900,sqft,900,plot_area,0,asking_price,advertised_not_independently_verified,consistent_within_rounding_tolerance,,Housing.com,S144,https://housing.com/in/buy/thanjavur/plots-fid/,2026-09-27,,thanjavur,Thanjavur,portal_locality_assignment_not_cadastral_verified,,individual_advertisement_not_locality_or_district_benchmark,"Asking price only; seller, title, availability, legal use and transaction price not verified."
TN-92e7fa7cfcbd,Thanjavur,"Vallam, Thanjavur",residential_plot,land,860,advertised_total_divided_by_source_area,860,860000,1000,sqft,1000,plot_area,0,asking_price,advertised_not_independently_verified,consistent_within_rounding_tolerance,,Housing.com,S144,https://housing.com/in/buy/thanjavur/plots-fid/,2026-09-27,,thanjavur,Thanjavur,portal_locality_assignment_not_cadastral_verified,,individual_advertisement_not_locality_or_district_benchmark,"Asking price only; seller, title, availability, legal use and transaction price not verified."
TN-eac5ffb9139a,Thanjavur,"Vallam, Thanjavur",residential_plot,land,860,advertised_total_divided_by_source_area,860,1032000,1200,sqft,1200,plot_area,0,asking_price,advertised_not_independently_verified,consistent_within_rounding_tolerance,,Housing.com,S144,https://housing.com/in/buy/thanjavur/plots-fid/,2026-09-27,,thanjavur,Thanjavur,portal_locality_assignment_not_cadastral_verified,,individual_advertisement_not_locality_or_district_benchmark,"Asking price only; seller, title, availability, legal use and transaction price not verified."
TN-493a64563eff,Thanjavur,Vallampudur,residential_plot,land,1666.67,advertised_total_divided_by_source_area,1667,50000000,30000,sqft,30000,plot_area,0.02,asking_price,advertised_not_independently_verified,consistent_within_rounding_tolerance,,Magicbricks,S026,https://www.magicbricks.com/property-for-sale-in-thanjavur-pppfs,2026-09-27,,thanjavur,Thanjavur,portal_locality_assignment_not_cadastral_verified,,individual_advertisement_not_locality_or_district_benchmark,"Asking price only; seller, title, availability, legal use and transaction price not verified."
TN-cb3bc7638830,Theni,Allinagaram,agricultural_land,land,59.7,advertised_total_divided_by_source_area,60,2210000,37020,sqft,37020,plot_area,0.5068,asking_price,advertised_not_independently_verified,consistent_within_rounding_tolerance,,Magicbricks,S065,https://www.magicbricks.com/agricultural-land-for-sale-in-theni-pppfs,2026-09-27,,theni,Theni,portal_locality_assignment_not_cadastral_verified,,individual_advertisement_not_locality_or_district_benchmark,"Asking price only; seller, title, availability, legal use and transaction price not verified."
TN-51ce3dd05509,Theni,Andippatti,agricultural_land,land,344.45,advertised_total_divided_by_source_area,344,7950000,23080,sqft,23080,plot_area,-0.1318,asking_price,advertised_not_independently_verified,consistent_within_rounding_tolerance,,Magicbricks,S065,https://www.magicbricks.com/agricultural-land-for-sale-in-theni-pppfs,2026-09-27,,theni,Theni,portal_locality_assignment_not_cadastral_verified,,individual_advertisement_not_locality_or_district_benchmark,"Asking price only; seller, title, availability, legal use and transaction price not verified."
TN-6a6ba127663a,Theni,Cumbum,agricultural_land,land,60.63,advertised_total_divided_by_source_area,61,140000000,2309000,sqft,2309000,plot_area,0.6064,asking_price,advertised_not_independently_verified,consistent_within_rounding_tolerance,,Magicbricks,S065,https://www.magicbricks.com/agricultural-land-for-sale-in-theni-pppfs,2026-09-27,,theni,Theni,portal_locality_assignment_not_cadastral_verified,,individual_advertisement_not_locality_or_district_benchmark,"Asking price only; seller, title, availability, legal use and transaction price not verified."
TN-7f0a5b765784,Theni,Periyakulam,agricultural_land,land,229.6,advertised_total_divided_by_source_area,230,24200000,105400,sqft,105400,plot_area,0.1736,asking_price,advertised_not_independently_verified,consistent_within_rounding_tolerance,,Magicbricks,S065,https://www.magicbricks.com/agricultural-land-for-sale-in-theni-pppfs,2026-09-27,,theni,Theni,portal_locality_assignment_not_cadastral_verified,,individual_advertisement_not_locality_or_district_benchmark,"Asking price only; seller, title, availability, legal use and transaction price not verified."
TN-e168e6650f1d,Theni,Theni,agricultural_land,land,31.89,advertised_total_divided_by_source_area,32,50000000,1568000,sqft,1568000,plot_area,0.352,asking_price,advertised_not_independently_verified,consistent_within_rounding_tolerance,,Magicbricks,S065,https://www.magicbricks.com/agricultural-land-for-sale-in-theni-pppfs,2026-09-27,,theni,Theni,portal_locality_assignment_not_cadastral_verified,,individual_advertisement_not_locality_or_district_benchmark,"Asking price only; seller, title, availability, legal use and transaction price not verified."
TN-cf433f37c63b,Theni,Cumbum,commercial_land,land,459.17,advertised_total_divided_by_source_area,459,14000000,30490,sqft,30490,plot_area,-0.0364,asking_price,advertised_not_independently_verified,consistent_within_rounding_tolerance,,Magicbricks,S103,https://www.magicbricks.com/commercial-property-for-sale-in-theni-pppfs,2026-09-27,,theni,Theni,portal_locality_assignment_not_cadastral_verified,,individual_advertisement_not_locality_or_district_benchmark,"Asking price only; seller, title, availability, legal use and transaction price not verified."
TN-fd4871394480,Theni,Lower Camp,commercial_land,land,26.4,advertised_total_divided_by_source_area,26,230000,8711,sqft,8711,plot_area,-1.5278,asking_price,advertised_not_independently_verified,consistent_within_rounding_tolerance,,Magicbricks,S103,https://www.magicbricks.com/commercial-property-for-sale-in-theni-pppfs,2026-09-27,,theni,Theni,portal_locality_assignment_not_cadastral_verified,,individual_advertisement_not_locality_or_district_benchmark,"Asking price only; seller, title, availability, legal use and transaction price not verified."
TN-a243673b28cc,Theni,Periyakulam,commercial_land,land,333.33,advertised_total_divided_by_source_area,333,15000000,45000,sqft,45000,plot_area,-0.1,asking_price,advertised_not_independently_verified,consistent_within_rounding_tolerance,,Magicbricks,S103,https://www.magicbricks.com/commercial-property-for-sale-in-theni-pppfs,2026-09-27,,theni,Theni,portal_locality_assignment_not_cadastral_verified,,individual_advertisement_not_locality_or_district_benchmark,"Asking price only; seller, title, availability, legal use and transaction price not verified."
TN-37d9f8e87982,Theni,bodinayakanoor,commercial_land,land,141.93,advertised_total_divided_by_source_area,142,3500000,24660,sqft,24660,plot_area,0.0491,asking_price,advertised_not_independently_verified,consistent_within_rounding_tolerance,,Magicbricks,S103,https://www.magicbricks.com/commercial-property-for-sale-in-theni-pppfs,2026-09-27,,theni,Theni,portal_locality_assignment_not_cadastral_verified,,individual_advertisement_not_locality_or_district_benchmark,"Asking price only; seller, title, availability, legal use and transaction price not verified."
TN-f2fe4c566ed9,Theni,Jangalpatti,industrial_building,built_property,3200,advertised_total_divided_by_source_area,3200,9600000,3000,sqft,3000,super_area,0,asking_price,advertised_not_independently_verified,consistent_within_rounding_tolerance,,Magicbricks,S103,https://www.magicbricks.com/commercial-property-for-sale-in-theni-pppfs,2026-09-27,,theni,Theni,portal_locality_assignment_not_cadastral_verified,,individual_advertisement_not_locality_or_district_benchmark,"Asking price only; seller, title, availability, legal use and transaction price not verified."
TN-d7aadba59f2b,Theni,"Allinagaram, Theni",residential_plot,land,2295.92,advertised_total_divided_by_source_area,2300,13500000,5880,sqft,5880,plot_area,0.1778,asking_price,advertised_not_independently_verified,consistent_within_rounding_tolerance,,Housing.com,S145,https://housing.com/in/buy/theni/plots-fid/,2026-09-27,,theni,Theni,portal_locality_assignment_not_cadastral_verified,,individual_advertisement_not_locality_or_district_benchmark,"Asking price only; seller, title, availability, legal use and transaction price not verified."
TN-2d2c9066ba23,Theni,Bodinayakanur,residential_plot,land,1111.11,advertised_total_divided_by_source_area,1111,2000000,1800,sqft,1800,plot_area,-0.01,asking_price,advertised_not_independently_verified,consistent_within_rounding_tolerance,,Magicbricks,S027,https://www.magicbricks.com/property-for-sale-in-theni-pppfs,2026-09-27,,theni,Theni,portal_locality_assignment_not_cadastral_verified,,individual_advertisement_not_locality_or_district_benchmark,"Asking price only; seller, title, availability, legal use and transaction price not verified."
TN-db504475b4fe,Theni,"Melachokkanathapuram, Theni",residential_plot,land,2560.82,advertised_total_divided_by_source_area,2560,6000000,2343,sqft,2343,plot_area,-0.032,asking_price,advertised_not_independently_verified,consistent_within_rounding_tolerance,,Housing.com,S145,https://housing.com/in/buy/theni/plots-fid/,2026-09-27,,theni,Theni,portal_locality_assignment_not_cadastral_verified,,individual_advertisement_not_locality_or_district_benchmark,"Asking price only; seller, title, availability, legal use and transaction price not verified."
TN-d9850b9881ec,Theni,Palani Chettipatti,residential_plot,land,3086.42,advertised_total_divided_by_source_area,3086,1500000,486,sqft,486,plot_area,-0.0136,asking_price,advertised_not_independently_verified,consistent_within_rounding_tolerance,,Magicbricks,S027,https://www.magicbricks.com/property-for-sale-in-theni-pppfs,2026-09-27,,theni,Theni,portal_locality_assignment_not_cadastral_verified,,individual_advertisement_not_locality_or_district_benchmark,"Asking price only; seller, title, availability, legal use and transaction price not verified."
TN-1015a0c6383b,Theni,Periyakulam,residential_plot,land,802.86,advertised_total_divided_by_source_area,803,58400000,72740,sqft,72740,plot_area,0.0175,asking_price,advertised_not_independently_verified,consistent_within_rounding_tolerance,,Magicbricks,S027,https://www.magicbricks.com/property-for-sale-in-theni-pppfs,2026-09-27,,theni,Theni,portal_locality_assignment_not_cadastral_verified,,individual_advertisement_not_locality_or_district_benchmark,"Asking price only; seller, title, availability, legal use and transaction price not verified."
TN-11c91d7c0a3c,Theni,Periyakulam,residential_plot,land,1035.71,advertised_total_divided_by_source_area,1036,1450000,1400,sqft,1400,plot_area,0.0276,asking_price,advertised_not_independently_verified,consistent_within_rounding_tolerance,,Magicbricks,S027,https://www.magicbricks.com/property-for-sale-in-theni-pppfs,2026-09-27,,theni,Theni,portal_locality_assignment_not_cadastral_verified,,individual_advertisement_not_locality_or_district_benchmark,"Asking price only; seller, title, availability, legal use and transaction price not verified."
TN-e2b130db2fa2,Theni,"Periyakulam, Theni",residential_plot,land,595.83,advertised_total_divided_by_source_area,595,715000,1200,sqft,1200,plot_area,-0.1399,asking_price,advertised_not_independently_verified,consistent_within_rounding_tolerance,,Housing.com,S145,https://housing.com/in/buy/theni/plots-fid/,2026-09-27,,theni,Theni,portal_locality_assignment_not_cadastral_verified,,individual_advertisement_not_locality_or_district_benchmark,"Asking price only; seller, title, availability, legal use and transaction price not verified."
TN-9ed92117bc74,Theni,"Periyakulam, Theni",residential_plot,land,3575.76,advertised_total_divided_by_source_area,3580,5900000,1650,sqft,1650,plot_area,0.1186,asking_price,advertised_not_independently_verified,consistent_within_rounding_tolerance,,Housing.com,S145,https://housing.com/in/buy/theni/plots-fid/,2026-09-27,,theni,Theni,portal_locality_assignment_not_cadastral_verified,,individual_advertisement_not_locality_or_district_benchmark,"Asking price only; seller, title, availability, legal use and transaction price not verified."
TN-5dfb735ac140,Theni,"Unjampatty, Theni",residential_plot,land,1255.81,advertised_total_divided_by_source_area,1250,2700000,2150,sqft,2150,plot_area,-0.463,asking_price,advertised_not_independently_verified,consistent_within_rounding_tolerance,,Housing.com,S145,https://housing.com/in/buy/theni/plots-fid/,2026-09-27,,theni,Theni,portal_locality_assignment_not_cadastral_verified,,individual_advertisement_not_locality_or_district_benchmark,"Asking price only; seller, title, availability, legal use and transaction price not verified."
TN-36dd7714d72a,Theni,"Uthamapalayam, Theni",residential_plot,land,1309.09,advertised_total_divided_by_source_area,1310,1800000,1375,sqft,1375,plot_area,0.0694,asking_price,advertised_not_independently_verified,consistent_within_rounding_tolerance,,Housing.com,S145,https://housing.com/in/buy/theni/plots-fid/,2026-09-27,,theni,Theni,portal_locality_assignment_not_cadastral_verified,,individual_advertisement_not_locality_or_district_benchmark,"Asking price only; seller, title, availability, legal use and transaction price not verified."
TN-136c7c342838,Theni,Bodinayakanur,villa,built_property,5454.55,advertised_total_divided_by_source_area,5455,12000000,2200,sqft,2200,super_area,0.0083,asking_price,advertised_not_independently_verified,consistent_within_rounding_tolerance,,Magicbricks,S027,https://www.magicbricks.com/property-for-sale-in-theni-pppfs,2026-09-27,,theni,Theni,portal_locality_assignment_not_cadastral_verified,,individual_advertisement_not_locality_or_district_benchmark,"Asking price only; seller, title, availability, legal use and transaction price not verified."
TN-48fe6a7d7502,Thoothukudi,Thoothukudi,agricultural_land,land,25.25,advertised_total_divided_by_source_area,25,11000000,435600,sqft,435600,plot_area,-1,asking_price,advertised_not_independently_verified,consistent_within_rounding_tolerance,,Magicbricks,S066,https://www.magicbricks.com/agricultural-land-for-sale-in-thoothukudi-pppfs,2026-09-27,,thoothukudi,Thoothukudi,portal_locality_assignment_not_cadastral_verified,,individual_advertisement_not_locality_or_district_benchmark,"Asking price only; seller, title, availability, legal use and transaction price not verified."
TN-b59fcaf89981,Thoothukudi,Thoothukudi,agricultural_land,land,160.7,advertised_total_divided_by_source_area,161,140000000,871200,sqft,871200,plot_area,0.188,asking_price,advertised_not_independently_verified,consistent_within_rounding_tolerance,,Magicbricks,S066,https://www.magicbricks.com/agricultural-land-for-sale-in-thoothukudi-pppfs,2026-09-27,,thoothukudi,Thoothukudi,portal_locality_assignment_not_cadastral_verified,,individual_advertisement_not_locality_or_district_benchmark,"Asking price only; seller, title, availability, legal use and transaction price not verified."
TN-d1df09c182c3,Thoothukudi,Muthiahpuram,commercial_office,built_property,580,advertised_total_divided_by_source_area,580,2900000,5000,sqft,5000,super_area,0,asking_price,advertised_not_independently_verified,consistent_within_rounding_tolerance,,Magicbricks,S104,https://www.magicbricks.com/commercial-property-for-sale-in-thoothukudi-pppfs,2026-09-27,,thoothukudi,Thoothukudi,portal_locality_assignment_not_cadastral_verified,,individual_advertisement_not_locality_or_district_benchmark,"Asking price only; seller, title, availability, legal use and transaction price not verified."
TN-7a7e949eb394,Thoothukudi,"Kadalaikara Street, Kovilpatti",independent_house,built_property,4538.46,advertised_total_divided_by_source_area,4538,5900000,1300,sqft,1300,super_area,-0.0102,asking_price,advertised_not_independently_verified,consistent_within_rounding_tolerance,,Magicbricks,S028,https://www.magicbricks.com/property-for-sale-in-thoothukudi-pppfs,2026-09-27,,thoothukudi,Thoothukudi,portal_locality_assignment_not_cadastral_verified,,individual_advertisement_not_locality_or_district_benchmark,"Asking price only; seller, title, availability, legal use and transaction price not verified."
TN-610ce83fb99d,Thoothukudi,"Ayyanadaippu, Thoothukudi",residential_plot,land,2166.67,advertised_total_divided_by_source_area,2170,325000,150,sqft,150,plot_area,0.1538,asking_price,advertised_not_independently_verified,consistent_within_rounding_tolerance,,Housing.com,S146,https://housing.com/in/buy/thoothukudi/plots-fid/,2026-09-27,,thoothukudi,Thoothukudi,portal_locality_assignment_not_cadastral_verified,,individual_advertisement_not_locality_or_district_benchmark,"Asking price only; seller, title, availability, legal use and transaction price not verified."
TN-f8e3d7d8cc81,Thoothukudi,Kovilpatti,residential_plot,land,1397.21,advertised_total_divided_by_source_area,1398,14000000,10020,sqft,10020,plot_area,0.0569,asking_price,advertised_not_independently_verified,consistent_within_rounding_tolerance,,Magicbricks,S028,https://www.magicbricks.com/property-for-sale-in-thoothukudi-pppfs,2026-09-27,,thoothukudi,Thoothukudi,portal_locality_assignment_not_cadastral_verified,,individual_advertisement_not_locality_or_district_benchmark,"Asking price only; seller, title, availability, legal use and transaction price not verified."
TN-99c379c78b57,Thoothukudi,"Kovilpatti, Thoothukudi",residential_plot,land,2129.03,advertised_total_divided_by_source_area,2130,4950000,2325,sqft,2325,plot_area,0.0455,asking_price,advertised_not_independently_verified,consistent_within_rounding_tolerance,,Housing.com,S146,https://housing.com/in/buy/thoothukudi/plots-fid/,2026-09-27,,thoothukudi,Thoothukudi,portal_locality_assignment_not_cadastral_verified,,individual_advertisement_not_locality_or_district_benchmark,"Asking price only; seller, title, availability, legal use and transaction price not verified."
TN-65956f4130e0,Thoothukudi,Maravanmadam,residential_plot,land,1147.84,advertised_total_divided_by_source_area,1148,2500000,2178,sqft,2178,plot_area,0.0138,asking_price,advertised_not_independently_verified,consistent_within_rounding_tolerance,,Magicbricks,S028,https://www.magicbricks.com/property-for-sale-in-thoothukudi-pppfs,2026-09-27,,thoothukudi,Thoothukudi,portal_locality_assignment_not_cadastral_verified,,individual_advertisement_not_locality_or_district_benchmark,"Asking price only; seller, title, availability, legal use and transaction price not verified."
TN-1742dc69f027,Thoothukudi,"Sinnamani Nagar, Thoothukudi",residential_plot,land,5740.53,advertised_total_divided_by_source_area,5740,20000000,3484,sqft,3484,plot_area,-0.0092,asking_price,advertised_not_independently_verified,consistent_within_rounding_tolerance,,Housing.com,S146,https://housing.com/in/buy/thoothukudi/plots-fid/,2026-09-27,,thoothukudi,Thoothukudi,portal_locality_assignment_not_cadastral_verified,,individual_advertisement_not_locality_or_district_benchmark,"Asking price only; seller, title, availability, legal use and transaction price not verified."
TN-7468924a0cb0,Thoothukudi,Thoothukudi,residential_plot,land,1291.25,advertised_total_divided_by_source_area,1291,450000000,348500,sqft,348500,plot_area,-0.0192,asking_price,advertised_not_independently_verified,consistent_within_rounding_tolerance,,Magicbricks,S028,https://www.magicbricks.com/property-for-sale-in-thoothukudi-pppfs,2026-09-27,,thoothukudi,Thoothukudi,portal_locality_assignment_not_cadastral_verified,,individual_advertisement_not_locality_or_district_benchmark,"Asking price only; seller, title, availability, legal use and transaction price not verified."
TN-350e31f882ec,Thoothukudi,"Tiruchendur, Thoothukudi",residential_plot,land,870,advertised_total_divided_by_source_area,870,870000,1000,sqft,1000,plot_area,0,asking_price,advertised_not_independently_verified,consistent_within_rounding_tolerance,,Housing.com,S146,https://housing.com/in/buy/thoothukudi/plots-fid/,2026-09-27,,thoothukudi,Thoothukudi,portal_locality_assignment_not_cadastral_verified,,individual_advertisement_not_locality_or_district_benchmark,"Asking price only; seller, title, availability, legal use and transaction price not verified."
TN-00526d1ac341,Thoothukudi,"Tiruchendur, Thoothukudi",residential_plot,land,876.92,advertised_total_divided_by_source_area,876,1140000,1300,sqft,1300,plot_area,-0.1053,asking_price,advertised_not_independently_verified,consistent_within_rounding_tolerance,,Housing.com,S146,https://housing.com/in/buy/thoothukudi/plots-fid/,2026-09-27,,thoothukudi,Thoothukudi,portal_locality_assignment_not_cadastral_verified,,individual_advertisement_not_locality_or_district_benchmark,"Asking price only; seller, title, availability, legal use and transaction price not verified."
TN-86eb651d2425,Thoothukudi,"Tiruchendur, Thoothukudi",residential_plot,land,880,advertised_total_divided_by_source_area,880,1232000,1400,sqft,1400,plot_area,0,asking_price,advertised_not_independently_verified,consistent_within_rounding_tolerance,,Housing.com,S146,https://housing.com/in/buy/thoothukudi/plots-fid/,2026-09-27,,thoothukudi,Thoothukudi,portal_locality_assignment_not_cadastral_verified,,individual_advertisement_not_locality_or_district_benchmark,"Asking price only; seller, title, availability, legal use and transaction price not verified."
TN-c2c664fba460,Thoothukudi,Vasavappapuram,residential_plot,land,28.06,advertised_total_divided_by_source_area,28,22000000,784100,sqft,784100,plot_area,-0.2055,asking_price,advertised_not_independently_verified,consistent_within_rounding_tolerance,,Magicbricks,S028,https://www.magicbricks.com/property-for-sale-in-thoothukudi-pppfs,2026-09-27,,thoothukudi,Thoothukudi,portal_locality_assignment_not_cadastral_verified,,individual_advertisement_not_locality_or_district_benchmark,"Asking price only; seller, title, availability, legal use and transaction price not verified."
TN-eeace8a510e4,Thoothukudi,Muthukrishna Nagar,villa,built_property,5188.68,advertised_total_divided_by_source_area,5189,5500000,1060,sqft,1060,super_area,0.0062,asking_price,advertised_not_independently_verified,consistent_within_rounding_tolerance,,Magicbricks,S028,https://www.magicbricks.com/property-for-sale-in-thoothukudi-pppfs,2026-09-27,,thoothukudi,Thoothukudi,portal_locality_assignment_not_cadastral_verified,,individual_advertisement_not_locality_or_district_benchmark,"Asking price only; seller, title, availability, legal use and transaction price not verified."
TN-e1e721dafaa8,Tiruchirappalli,Anna Nagar,agricultural_land,land,459.14,advertised_total_divided_by_source_area,459,40000000,87120,sqft,87120,plot_area,-0.0298,asking_price,advertised_not_independently_verified,consistent_within_rounding_tolerance,,Magicbricks,S067,https://www.magicbricks.com/agricultural-land-for-sale-in-trichy-pppfs,2026-09-27,,trichy,Tiruchirappalli,portal_locality_assignment_not_cadastral_verified,,individual_advertisement_not_locality_or_district_benchmark,"Asking price only; seller, title, availability, legal use and transaction price not verified."
TN-bf05f037eccc,Tiruchirappalli,Manachanallur,agricultural_land,land,459.14,advertised_total_divided_by_source_area,459,20000000,43560,sqft,43560,plot_area,-0.0298,asking_price,advertised_not_independently_verified,consistent_within_rounding_tolerance,,Magicbricks,S067,https://www.magicbricks.com/agricultural-land-for-sale-in-trichy-pppfs,2026-09-27,,trichy,Tiruchirappalli,portal_locality_assignment_not_cadastral_verified,,individual_advertisement_not_locality_or_district_benchmark,"Asking price only; seller, title, availability, legal use and transaction price not verified."
TN-65e6805a9053,Tiruchirappalli,Musiri,agricultural_land,land,57.41,advertised_total_divided_by_source_area,57,10000000,174200,sqft,174200,plot_area,-0.706,asking_price,advertised_not_independently_verified,consistent_within_rounding_tolerance,,Magicbricks,S067,https://www.magicbricks.com/agricultural-land-for-sale-in-trichy-pppfs,2026-09-27,,trichy,Tiruchirappalli,portal_locality_assignment_not_cadastral_verified,,individual_advertisement_not_locality_or_district_benchmark,"Asking price only; seller, title, availability, legal use and transaction price not verified."
TN-c70d25ade841,Tiruchirappalli,Musiri,agricultural_land,land,229.57,advertised_total_divided_by_source_area,230,5000000,21780,sqft,21780,plot_area,0.188,asking_price,advertised_not_independently_verified,consistent_within_rounding_tolerance,,Magicbricks,S067,https://www.magicbricks.com/agricultural-land-for-sale-in-trichy-pppfs,2026-09-27,,trichy,Tiruchirappalli,portal_locality_assignment_not_cadastral_verified,,individual_advertisement_not_locality_or_district_benchmark,"Asking price only; seller, title, availability, legal use and transaction price not verified."
TN-9f4b7d30913d,Tiruchirappalli,Thudaiyur,agricultural_land,land,149.25,advertised_total_divided_by_source_area,149,65000000,435500,sqft,435500,plot_area,-0.17,asking_price,advertised_not_independently_verified,consistent_within_rounding_tolerance,,Magicbricks,S067,https://www.magicbricks.com/agricultural-land-for-sale-in-trichy-pppfs,2026-09-27,,trichy,Tiruchirappalli,portal_locality_assignment_not_cadastral_verified,,individual_advertisement_not_locality_or_district_benchmark,"Asking price only; seller, title, availability, legal use and transaction price not verified."
TN-1736dcf14334,Tiruchirappalli,Karumandabam,independent_house,built_property,4807.69,advertised_total_divided_by_source_area,4808,12500000,2600,sqft,2600,super_area,0.0064,asking_price,advertised_not_independently_verified,consistent_within_rounding_tolerance,,Magicbricks,S029,https://www.magicbricks.com/property-for-sale-in-trichy-pppfs,2026-09-27,,trichy,Tiruchirappalli,portal_locality_assignment_not_cadastral_verified,,individual_advertisement_not_locality_or_district_benchmark,"Asking price only; seller, title, availability, legal use and transaction price not verified."
TN-d2757c072bf7,Tiruchirappalli,Srinivasa Nagar,independent_house,built_property,16875,advertised_total_divided_by_source_area,16875,27000000,1600,sqft,1600,super_area,0,asking_price,advertised_not_independently_verified,consistent_within_rounding_tolerance,,Magicbricks,S029,https://www.magicbricks.com/property-for-sale-in-trichy-pppfs,2026-09-27,,trichy,Tiruchirappalli,portal_locality_assignment_not_cadastral_verified,,individual_advertisement_not_locality_or_district_benchmark,"Asking price only; seller, title, availability, legal use and transaction price not verified."
TN-08ce022f8e01,Tiruchirappalli,Navalpattu,industrial_building,built_property,1700.68,advertised_total_divided_by_source_area,1701,7500000,4410,sqft,4410,super_area,0.0188,asking_price,advertised_not_independently_verified,consistent_within_rounding_tolerance,,Magicbricks,S105,https://www.magicbricks.com/commercial-property-for-sale-in-trichy-pppfs,2026-09-27,,trichy,Tiruchirappalli,portal_locality_assignment_not_cadastral_verified,,individual_advertisement_not_locality_or_district_benchmark,"Asking price only; seller, title, availability, legal use and transaction price not verified."
TN-e66680c7de6e,Tiruchirappalli,Kambarasampettai,residential_plot,land,333.33,advertised_total_divided_by_source_area,333,4500000,13500,sqft,13500,plot_area,-0.1,asking_price,advertised_not_independently_verified,consistent_within_rounding_tolerance,,Magicbricks,S029,https://www.magicbricks.com/property-for-sale-in-trichy-pppfs,2026-09-27,,trichy,Tiruchirappalli,portal_locality_assignment_not_cadastral_verified,,individual_advertisement_not_locality_or_district_benchmark,"Asking price only; seller, title, availability, legal use and transaction price not verified."
TN-8344d11135d3,Tiruchirappalli,"Konalai, Tiruchirappalli",residential_plot,land,599.17,advertised_total_divided_by_source_area,599,719000,1200,sqft,1200,plot_area,-0.0278,asking_price,advertised_not_independently_verified,consistent_within_rounding_tolerance,,Housing.com,S147,https://housing.com/in/buy/tiruchirappalli/plots-fid/,2026-09-27,,tiruchirappalli,Tiruchirappalli,portal_locality_assignment_not_cadastral_verified,,individual_advertisement_not_locality_or_district_benchmark,"Asking price only; seller, title, availability, legal use and transaction price not verified."
TN-d09726db6659,Tiruchirappalli,"Nagamangalam, Tiruchirappalli",residential_plot,land,1250,advertised_total_divided_by_source_area,1250,1500000,1200,sqft,1200,plot_area,0,asking_price,advertised_not_independently_verified,consistent_within_rounding_tolerance,,Housing.com,S147,https://housing.com/in/buy/tiruchirappalli/plots-fid/,2026-09-27,,tiruchirappalli,Tiruchirappalli,portal_locality_assignment_not_cadastral_verified,,individual_advertisement_not_locality_or_district_benchmark,"Asking price only; seller, title, availability, legal use and transaction price not verified."
TN-4a8c45a9c989,Tiruchirappalli,"Navalurkottapattu, Tiruchirappalli",residential_plot,land,990,advertised_total_divided_by_source_area,990,990000,1000,sqft,1000,plot_area,0,asking_price,advertised_not_independently_verified,consistent_within_rounding_tolerance,,Housing.com,S147,https://housing.com/in/buy/tiruchirappalli/plots-fid/,2026-09-27,,tiruchirappalli,Tiruchirappalli,portal_locality_assignment_not_cadastral_verified,,individual_advertisement_not_locality_or_district_benchmark,"Asking price only; seller, title, availability, legal use and transaction price not verified."
TN-9d8a41aac734,Tiruchirappalli,"Puthur, Tiruchirappalli",residential_plot,land,12997.64,advertised_total_divided_by_source_area,13000,71500000,5501,sqft,5501,plot_area,0.0182,asking_price,advertised_not_independently_verified,consistent_within_rounding_tolerance,,Housing.com,S147,https://housing.com/in/buy/tiruchirappalli/plots-fid/,2026-09-27,,tiruchirappalli,Tiruchirappalli,portal_locality_assignment_not_cadastral_verified,,individual_advertisement_not_locality_or_district_benchmark,"Asking price only; seller, title, availability, legal use and transaction price not verified."
TN-df097d326d9b,Tirunelveli,Mundradaippu,agricultural_land,land,162.61,advertised_total_divided_by_source_area,163,8500000,52272,sqft,52272,plot_area,0.2392,asking_price,advertised_not_independently_verified,consistent_within_rounding_tolerance,,Magicbricks,S068,https://www.magicbricks.com/agricultural-land-for-sale-in-tirunelveli-pppfs,2026-09-27,,tirunelveli,Tirunelveli,portal_locality_assignment_not_cadastral_verified,,individual_advertisement_not_locality_or_district_benchmark,"Asking price only; seller, title, availability, legal use and transaction price not verified."
TN-a26c63efe7b0,Tirunelveli,Panangudi,agricultural_land,land,137.75,advertised_total_divided_by_source_area,138,42000000,304900,sqft,304900,plot_area,0.1814,asking_price,advertised_not_independently_verified,consistent_within_rounding_tolerance,,Magicbricks,S068,https://www.magicbricks.com/agricultural-land-for-sale-in-tirunelveli-pppfs,2026-09-27,,tirunelveli,Tirunelveli,portal_locality_assignment_not_cadastral_verified,,individual_advertisement_not_locality_or_district_benchmark,"Asking price only; seller, title, availability, legal use and transaction price not verified."
TN-e6537798cd61,Tirunelveli,Radhapuram,agricultural_land,land,137.74,advertised_total_divided_by_source_area,138,30000000,217800,sqft,217800,plot_area,0.188,asking_price,advertised_not_independently_verified,consistent_within_rounding_tolerance,,Magicbricks,S068,https://www.magicbricks.com/agricultural-land-for-sale-in-tirunelveli-pppfs,2026-09-27,,tirunelveli,Tirunelveli,portal_locality_assignment_not_cadastral_verified,,individual_advertisement_not_locality_or_district_benchmark,"Asking price only; seller, title, availability, legal use and transaction price not verified."
TN-f4b4f9a33ccc,Tirunelveli,Tirunelveli,agricultural_land,land,114.79,advertised_total_divided_by_source_area,115,60000000,522700,sqft,522700,plot_area,0.1842,asking_price,advertised_not_independently_verified,consistent_within_rounding_tolerance,,Magicbricks,S068,https://www.magicbricks.com/agricultural-land-for-sale-in-tirunelveli-pppfs,2026-09-27,,tirunelveli,Tirunelveli,portal_locality_assignment_not_cadastral_verified,,individual_advertisement_not_locality_or_district_benchmark,"Asking price only; seller, title, availability, legal use and transaction price not verified."
TN-c04cd0f34f4c,Tirunelveli,Vickramasingapuram,agricultural_land,land,459.07,advertised_total_divided_by_source_area,459,60000000,130700,sqft,130700,plot_area,-0.0145,asking_price,advertised_not_independently_verified,consistent_within_rounding_tolerance,,Magicbricks,S068,https://www.magicbricks.com/agricultural-land-for-sale-in-tirunelveli-pppfs,2026-09-27,,tirunelveli,Tirunelveli,portal_locality_assignment_not_cadastral_verified,,individual_advertisement_not_locality_or_district_benchmark,"Asking price only; seller, title, availability, legal use and transaction price not verified."
TN-37d94c7b757d,Tirunelveli,Pettai,commercial_retail,built_property,2083.33,advertised_total_divided_by_source_area,2083,700000,336,sqft,336,super_area,-0.016,asking_price,advertised_not_independently_verified,consistent_within_rounding_tolerance,,Magicbricks,S106,https://www.magicbricks.com/commercial-property-for-sale-in-tirunelveli-pppfs,2026-09-27,,tirunelveli,Tirunelveli,portal_locality_assignment_not_cadastral_verified,,individual_advertisement_not_locality_or_district_benchmark,"Asking price only; seller, title, availability, legal use and transaction price not verified."
TN-a91bdda3cf8b,Tirunelveli,Suthamalli,independent_house,built_property,4250,advertised_total_divided_by_source_area,4250,5100000,1200,sqft,1200,super_area,0,asking_price,advertised_not_independently_verified,consistent_within_rounding_tolerance,,Magicbricks,S030,https://www.magicbricks.com/property-for-sale-in-tirunelveli-pppfs,2026-09-27,,tirunelveli,Tirunelveli,portal_locality_assignment_not_cadastral_verified,,individual_advertisement_not_locality_or_district_benchmark,"Asking price only; seller, title, availability, legal use and transaction price not verified."
TN-a3ebb8fceaf0,Tirunelveli,"Caussanelpuram, Tirunelveli",residential_plot,land,1250,advertised_total_divided_by_source_area,1250,3000000,2400,sqft,2400,plot_area,0,asking_price,advertised_not_independently_verified,consistent_within_rounding_tolerance,,Housing.com,S148,https://housing.com/in/buy/tirunelveli/plots-fid/,2026-09-27,,tirunelveli,Tirunelveli,portal_locality_assignment_not_cadastral_verified,,individual_advertisement_not_locality_or_district_benchmark,"Asking price only; seller, title, availability, legal use and transaction price not verified."
TN-fcacca9c6b15,Tirunelveli,Chettikulam,residential_plot,land,1606.84,advertised_total_divided_by_source_area,1607,7700000,4792,sqft,4792,plot_area,0.0097,asking_price,advertised_not_independently_verified,consistent_within_rounding_tolerance,,Magicbricks,S030,https://www.magicbricks.com/property-for-sale-in-tirunelveli-pppfs,2026-09-27,,tirunelveli,Tirunelveli,portal_locality_assignment_not_cadastral_verified,,individual_advertisement_not_locality_or_district_benchmark,"Asking price only; seller, title, availability, legal use and transaction price not verified."
TN-59dac9e4e5b7,Tirunelveli,"KTC Nagar, Tirunelveli",residential_plot,land,1263.25,advertised_total_divided_by_source_area,1260,2217000,1755,sqft,1755,plot_area,-0.2571,asking_price,advertised_not_independently_verified,consistent_within_rounding_tolerance,,Housing.com,S148,https://housing.com/in/buy/tirunelveli/plots-fid/,2026-09-27,,tirunelveli,Tirunelveli,portal_locality_assignment_not_cadastral_verified,,individual_advertisement_not_locality_or_district_benchmark,"Asking price only; seller, title, availability, legal use and transaction price not verified."
TN-94047d752919,Tirunelveli,"Karpaga Vinayagar Nagar, NGO Colony",residential_plot,land,5739.33,advertised_total_divided_by_source_area,5740,55000000,9583,sqft,9583,plot_area,0.0117,asking_price,advertised_not_independently_verified,consistent_within_rounding_tolerance,,Housing.com,S148,https://housing.com/in/buy/tirunelveli/plots-fid/,2026-09-27,,tirunelveli,Tirunelveli,portal_locality_assignment_not_cadastral_verified,,individual_advertisement_not_locality_or_district_benchmark,"Asking price only; seller, title, availability, legal use and transaction price not verified."
TN-7a537f75f7c4,Tirunelveli,"Kurichikulam, Tirunelveli",residential_plot,land,800,advertised_total_divided_by_source_area,800,800000,1000,sqft,1000,plot_area,0,asking_price,advertised_not_independently_verified,consistent_within_rounding_tolerance,,Housing.com,S148,https://housing.com/in/buy/tirunelveli/plots-fid/,2026-09-27,,tirunelveli,Tirunelveli,portal_locality_assignment_not_cadastral_verified,,individual_advertisement_not_locality_or_district_benchmark,"Asking price only; seller, title, availability, legal use and transaction price not verified."
TN-70483f40f7f4,Tirunelveli,Palayamkottai,residential_plot,land,918.35,advertised_total_divided_by_source_area,918,6400000,6969,sqft,6969,plot_area,-0.0384,asking_price,advertised_not_independently_verified,consistent_within_rounding_tolerance,,Magicbricks,S030,https://www.magicbricks.com/property-for-sale-in-tirunelveli-pppfs,2026-09-27,,tirunelveli,Tirunelveli,portal_locality_assignment_not_cadastral_verified,,individual_advertisement_not_locality_or_district_benchmark,"Asking price only; seller, title, availability, legal use and transaction price not verified."
TN-558bf2d24009,Tirunelveli,"Palayamkottai, Tirunelveli",residential_plot,land,10389.61,advertised_total_divided_by_source_area,10340,10400000,1001,sqft,1001,plot_area,-0.4775,asking_price,advertised_not_independently_verified,consistent_within_rounding_tolerance,,Housing.com,S148,https://housing.com/in/buy/tirunelveli/plots-fid/,2026-09-27,,tirunelveli,Tirunelveli,portal_locality_assignment_not_cadastral_verified,,individual_advertisement_not_locality_or_district_benchmark,"Asking price only; seller, title, availability, legal use and transaction price not verified."
TN-810d19ca6837,Tirunelveli,"Reddiarpatti, Tirunelveli",residential_plot,land,459.14,advertised_total_divided_by_source_area,459,25000000,54450,sqft,54450,plot_area,-0.0298,asking_price,advertised_not_independently_verified,consistent_within_rounding_tolerance,,Housing.com,S148,https://housing.com/in/buy/tirunelveli/plots-fid/,2026-09-27,,tirunelveli,Tirunelveli,portal_locality_assignment_not_cadastral_verified,,individual_advertisement_not_locality_or_district_benchmark,"Asking price only; seller, title, availability, legal use and transaction price not verified."
TN-bdcf7f915889,Tirunelveli,Reddiyarpatti,residential_plot,land,519.48,advertised_total_divided_by_source_area,519,1000000,1925,sqft,1925,plot_area,-0.0925,asking_price,advertised_not_independently_verified,consistent_within_rounding_tolerance,,Magicbricks,S030,https://www.magicbricks.com/property-for-sale-in-tirunelveli-pppfs,2026-09-27,,tirunelveli,Tirunelveli,portal_locality_assignment_not_cadastral_verified,,individual_advertisement_not_locality_or_district_benchmark,"Asking price only; seller, title, availability, legal use and transaction price not verified."
TN-45f1e730f81b,Tirunelveli,Thachanallur,residential_plot,land,2735.63,advertised_total_divided_by_source_area,2736,3570000,1305,sqft,1305,plot_area,0.0134,asking_price,advertised_not_independently_verified,consistent_within_rounding_tolerance,,Magicbricks,S030,https://www.magicbricks.com/property-for-sale-in-tirunelveli-pppfs,2026-09-27,,tirunelveli,Tirunelveli,portal_locality_assignment_not_cadastral_verified,,individual_advertisement_not_locality_or_district_benchmark,"Asking price only; seller, title, availability, legal use and transaction price not verified."
TN-1dccb67e20f4,Tirupathur,Ambur,agricultural_land,land,20.65,advertised_total_divided_by_source_area,21,60000000,2906000,sqft,2906000,plot_area,1.71,asking_price,advertised_not_independently_verified,consistent_within_rounding_tolerance,,Magicbricks,S069,https://www.magicbricks.com/agricultural-land-for-sale-in-tirupattur-pppfs,2026-09-27,,tirupattur,Tirupathur,portal_locality_assignment_not_cadastral_verified,,individual_advertisement_not_locality_or_district_benchmark,"Asking price only; seller, title, availability, legal use and transaction price not verified."
TN-6796c97baaeb,Tirupathur,Ambur,agricultural_land,land,112.47,advertised_total_divided_by_source_area,112,29400000,261400,sqft,261400,plot_area,-0.419,asking_price,advertised_not_independently_verified,consistent_within_rounding_tolerance,,Magicbricks,S069,https://www.magicbricks.com/agricultural-land-for-sale-in-tirupattur-pppfs,2026-09-27,,tirupattur,Tirupathur,portal_locality_assignment_not_cadastral_verified,,individual_advertisement_not_locality_or_district_benchmark,"Asking price only; seller, title, availability, legal use and transaction price not verified."
TN-5ebdca60753c,Tirupathur,Ambur,agricultural_land,land,126.24,advertised_total_divided_by_source_area,126,16500000,130700,sqft,130700,plot_area,-0.1927,asking_price,advertised_not_independently_verified,consistent_within_rounding_tolerance,,Magicbricks,S069,https://www.magicbricks.com/agricultural-land-for-sale-in-tirupattur-pppfs,2026-09-27,,tirupattur,Tirupathur,portal_locality_assignment_not_cadastral_verified,,individual_advertisement_not_locality_or_district_benchmark,"Asking price only; seller, title, availability, legal use and transaction price not verified."
TN-2f066fc6d3f2,Tirupathur,Adiyur,commercial_land,land,654.03,advertised_total_divided_by_source_area,654,13800000,21100,sqft,21100,plot_area,-0.0043,asking_price,advertised_not_independently_verified,consistent_within_rounding_tolerance,,Magicbricks,S107,https://www.magicbricks.com/commercial-property-for-sale-in-tirupattur-pppfs,2026-09-27,,tirupattur,Tirupathur,portal_locality_assignment_not_cadastral_verified,,individual_advertisement_not_locality_or_district_benchmark,"Asking price only; seller, title, availability, legal use and transaction price not verified."
TN-1847ace10684,Tirupathur,Ambur,commercial_land,land,631.46,advertised_total_divided_by_source_area,631,110000000,174200,sqft,174200,plot_area,-0.0725,asking_price,advertised_not_independently_verified,consistent_within_rounding_tolerance,,Magicbricks,S107,https://www.magicbricks.com/commercial-property-for-sale-in-tirupattur-pppfs,2026-09-27,,tirupattur,Tirupathur,portal_locality_assignment_not_cadastral_verified,,individual_advertisement_not_locality_or_district_benchmark,"Asking price only; seller, title, availability, legal use and transaction price not verified."
TN-c9268e22f2b4,Tirupathur,Ambur,commercial_land,land,1500,advertised_total_divided_by_source_area,1500,45000000,30000,sqft,30000,plot_area,0,asking_price,advertised_not_independently_verified,consistent_within_rounding_tolerance,,Magicbricks,S112,https://www.magicbricks.com/commercial-property-for-sale-in-vellore-pppfs,2026-09-27,,vellore,Vellore,locality_reassigned_using_official_district_source,https://tirupathur.nic.in/,individual_advertisement_not_locality_or_district_benchmark,"Asking price only; seller, title, availability, legal use and transaction price not verified."
TN-1387f69b5eb3,Tirupathur,Jolarpettia,commercial_land,land,8707.12,advertised_total_divided_by_source_area,8707,9900000,1137,sqft,1137,plot_area,-0.0014,asking_price,advertised_not_independently_verified,consistent_within_rounding_tolerance,,Magicbricks,S107,https://www.magicbricks.com/commercial-property-for-sale-in-tirupattur-pppfs,2026-09-27,,tirupattur,Tirupathur,portal_locality_assignment_not_cadastral_verified,,individual_advertisement_not_locality_or_district_benchmark,"Asking price only; seller, title, availability, legal use and transaction price not verified."
TN-2d6375fd9eb0,Tirupathur,"Ponneri, Near Yelagiri, Tirupattur- Vaniyambadi Road",commercial_land,land,127.31,advertised_total_divided_by_source_area,127,1100000,8640,sqft,8640,plot_area,-0.2473,asking_price,advertised_not_independently_verified,consistent_within_rounding_tolerance,,Magicbricks,S107,https://www.magicbricks.com/commercial-property-for-sale-in-tirupattur-pppfs,2026-09-27,,tirupattur,Tirupathur,portal_locality_assignment_not_cadastral_verified,,individual_advertisement_not_locality_or_district_benchmark,"Asking price only; seller, title, availability, legal use and transaction price not verified."
TN-06062ee81da7,Tirupathur,Venglapuram,commercial_land,land,648.75,advertised_total_divided_by_source_area,649,29700000,45780,sqft,45780,plot_area,0.0378,asking_price,advertised_not_independently_verified,consistent_within_rounding_tolerance,,Magicbricks,S107,https://www.magicbricks.com/commercial-property-for-sale-in-tirupattur-pppfs,2026-09-27,,tirupattur,Tirupathur,portal_locality_assignment_not_cadastral_verified,,individual_advertisement_not_locality_or_district_benchmark,"Asking price only; seller, title, availability, legal use and transaction price not verified."
TN-a3daba73bafb,Tirupathur,Jolarpet,commercial_retail,built_property,4555.56,advertised_total_divided_by_source_area,4556,8200000,1800,sqft,1800,carpet_area,0.0098,asking_price,advertised_not_independently_verified,consistent_within_rounding_tolerance,,Magicbricks,S107,https://www.magicbricks.com/commercial-property-for-sale-in-tirupattur-pppfs,2026-09-27,,tirupattur,Tirupathur,portal_locality_assignment_not_cadastral_verified,,individual_advertisement_not_locality_or_district_benchmark,"Asking price only; seller, title, availability, legal use and transaction price not verified."
TN-6ca8425020c6,Tirupathur,Kamaraj Nagar,independent_house,built_property,7727.27,advertised_total_divided_by_source_area,7727,8500000,1100,sqft,1100,super_area,-0.0035,asking_price,advertised_not_independently_verified,consistent_within_rounding_tolerance,,Magicbricks,S031,https://www.magicbricks.com/property-for-sale-in-tirupattur-pppfs,2026-09-27,,tirupattur,Tirupathur,portal_locality_assignment_not_cadastral_verified,,individual_advertisement_not_locality_or_district_benchmark,"Asking price only; seller, title, availability, legal use and transaction price not verified."
TN-c0e7ec7480c5,Tirupathur,Ambur,residential_plot,land,568.05,advertised_total_divided_by_source_area,568,5000000,8802,sqft,8802,plot_area,-0.0093,asking_price,advertised_not_independently_verified,consistent_within_rounding_tolerance,,Magicbricks,S031,https://www.magicbricks.com/property-for-sale-in-tirupattur-pppfs,2026-09-27,,tirupattur,Tirupathur,portal_locality_assignment_not_cadastral_verified,,individual_advertisement_not_locality_or_district_benchmark,"Asking price only; seller, title, availability, legal use and transaction price not verified."
TN-6bed4d0892a4,Tirupathur,Bangalore main road,residential_plot,land,229.57,advertised_total_divided_by_source_area,230,50000000,217800,sqft,217800,plot_area,0.188,asking_price,advertised_not_independently_verified,consistent_within_rounding_tolerance,,Magicbricks,S031,https://www.magicbricks.com/property-for-sale-in-tirupattur-pppfs,2026-09-27,,tirupattur,Tirupathur,portal_locality_assignment_not_cadastral_verified,,individual_advertisement_not_locality_or_district_benchmark,"Asking price only; seller, title, availability, legal use and transaction price not verified."
TN-c60c4777417d,Tirupathur,Jolarpet,residential_plot,land,388.89,advertised_total_divided_by_source_area,389,8400000,21600,sqft,21600,plot_area,0.0286,asking_price,advertised_not_independently_verified,consistent_within_rounding_tolerance,,Magicbricks,S031,https://www.magicbricks.com/property-for-sale-in-tirupattur-pppfs,2026-09-27,,tirupattur,Tirupathur,portal_locality_assignment_not_cadastral_verified,,individual_advertisement_not_locality_or_district_benchmark,"Asking price only; seller, title, availability, legal use and transaction price not verified."
TN-b9b6399f9dbe,Tirupathur,Natrampalli,residential_plot,land,1538.46,advertised_total_divided_by_source_area,1538,1500000,975,sqft,975,plot_area,-0.03,asking_price,advertised_not_independently_verified,consistent_within_rounding_tolerance,,Magicbricks,S031,https://www.magicbricks.com/property-for-sale-in-tirupattur-pppfs,2026-09-27,,tirupattur,Tirupathur,portal_locality_assignment_not_cadastral_verified,,individual_advertisement_not_locality_or_district_benchmark,"Asking price only; seller, title, availability, legal use and transaction price not verified."
TN-51cb7f5fbfc1,Tirupathur,Thuthipattu,residential_plot,land,1380,advertised_total_divided_by_source_area,1375,1380000,1000,sqft,1000,plot_area,-0.3623,asking_price,advertised_not_independently_verified,consistent_within_rounding_tolerance,,Magicbricks,S036,https://www.magicbricks.com/property-for-sale-in-vellore-pppfs,2026-09-27,,vellore,Vellore,locality_reassigned_using_official_district_source,https://tirupathur.nic.in/,individual_advertisement_not_locality_or_district_benchmark,"Asking price only; seller, title, availability, legal use and transaction price not verified."
TN-a4636f7304ab,Tirupathur,Yelagiri,villa,built_property,9090.91,advertised_total_divided_by_source_area,9091,10000000,1100,sqft,1100,super_area,0.001,asking_price,advertised_not_independently_verified,consistent_within_rounding_tolerance,,Magicbricks,S031,https://www.magicbricks.com/property-for-sale-in-tirupattur-pppfs,2026-09-27,,tirupattur,Tirupathur,portal_locality_assignment_not_cadastral_verified,,individual_advertisement_not_locality_or_district_benchmark,"Asking price only; seller, title, availability, legal use and transaction price not verified."
TN-278f93d90521,Tiruppur,Avinashi,agricultural_land,land,13.88,advertised_total_divided_by_source_area,14,19500000,1405000,sqft,1405000,plot_area,0.8718,asking_price,advertised_not_independently_verified,consistent_within_rounding_tolerance,,Magicbricks,S070,https://www.magicbricks.com/agricultural-land-for-sale-in-tirupur-pppfs,2026-09-27,,tirupur,Tiruppur,portal_locality_assignment_not_cadastral_verified,,individual_advertisement_not_locality_or_district_benchmark,"Asking price only; seller, title, availability, legal use and transaction price not verified."
TN-3eddd37cce9d,Tiruppur,Kangayam Road,agricultural_land,land,124.36,advertised_total_divided_by_source_area,124,195000000,1568000,sqft,1568000,plot_area,-0.2913,asking_price,advertised_not_independently_verified,consistent_within_rounding_tolerance,,Magicbricks,S070,https://www.magicbricks.com/agricultural-land-for-sale-in-tirupur-pppfs,2026-09-27,,tirupur,Tiruppur,portal_locality_assignment_not_cadastral_verified,,individual_advertisement_not_locality_or_district_benchmark,"Asking price only; seller, title, availability, legal use and transaction price not verified."
TN-b6bbe4b0eddc,Tiruppur,PN Road,agricultural_land,land,169.13,advertised_total_divided_by_source_area,169,40000000,236500,sqft,236500,plot_area,-0.0788,asking_price,advertised_not_independently_verified,consistent_within_rounding_tolerance,,Magicbricks,S070,https://www.magicbricks.com/agricultural-land-for-sale-in-tirupur-pppfs,2026-09-27,,tirupur,Tiruppur,portal_locality_assignment_not_cadastral_verified,,individual_advertisement_not_locality_or_district_benchmark,"Asking price only; seller, title, availability, legal use and transaction price not verified."
TN-3ac0cd668f8b,Tiruppur,Palladam,agricultural_land,land,1147.84,advertised_total_divided_by_source_area,1148,25000000,21780,sqft,21780,plot_area,0.0138,asking_price,advertised_not_independently_verified,consistent_within_rounding_tolerance,,Magicbricks,S070,https://www.magicbricks.com/agricultural-land-for-sale-in-tirupur-pppfs,2026-09-27,,tirupur,Tiruppur,portal_locality_assignment_not_cadastral_verified,,individual_advertisement_not_locality_or_district_benchmark,"Asking price only; seller, title, availability, legal use and transaction price not verified."
TN-cb54fb7dfc12,Tiruppur,Pongalur,agricultural_land,land,81.55,advertised_total_divided_by_source_area,82,16000000,196200,sqft,196200,plot_area,0.5525,asking_price,advertised_not_independently_verified,consistent_within_rounding_tolerance,,Magicbricks,S070,https://www.magicbricks.com/agricultural-land-for-sale-in-tirupur-pppfs,2026-09-27,,tirupur,Tiruppur,portal_locality_assignment_not_cadastral_verified,,individual_advertisement_not_locality_or_district_benchmark,"Asking price only; seller, title, availability, legal use and transaction price not verified."
TN-a0932872857f,Tiruppur,Kangayam Road,builder_floor,built_property,4882.81,advertised_total_divided_by_source_area,4883,5000000,1024,sqft,1024,super_area,0.0038,asking_price,advertised_not_independently_verified,consistent_within_rounding_tolerance,,Magicbricks,S032,https://www.magicbricks.com/property-for-sale-in-tirupur-pppfs,2026-09-27,,tirupur,Tiruppur,portal_locality_assignment_not_cadastral_verified,,individual_advertisement_not_locality_or_district_benchmark,"Asking price only; seller, title, availability, legal use and transaction price not verified."
TN-b9cffa9617fe,Tiruppur,Kangayam Road,commercial_land,land,714.29,advertised_total_divided_by_source_area,714,40000000,56000,sqft,56000,plot_area,-0.04,asking_price,advertised_not_independently_verified,consistent_within_rounding_tolerance,,Magicbricks,S108,https://www.magicbricks.com/commercial-property-for-sale-in-tirupur-pppfs,2026-09-27,,tirupur,Tiruppur,portal_locality_assignment_not_cadastral_verified,,individual_advertisement_not_locality_or_district_benchmark,"Asking price only; seller, title, availability, legal use and transaction price not verified."
TN-3fd389afd7f7,Tiruppur,Kumarnathapuram,independent_house,built_property,12307.69,advertised_total_divided_by_source_area,12308,32000000,2600,sqft,2600,built_area,0.0025,asking_price,advertised_not_independently_verified,consistent_within_rounding_tolerance,,Magicbricks,S032,https://www.magicbricks.com/property-for-sale-in-tirupur-pppfs,2026-09-27,,tirupur,Tiruppur,portal_locality_assignment_not_cadastral_verified,,individual_advertisement_not_locality_or_district_benchmark,"Asking price only; seller, title, availability, legal use and transaction price not verified."
TN-675fc494c45c,Tiruppur,Palladam Road,industrial_building,built_property,4615.38,advertised_total_divided_by_source_area,4615,60000000,13000,sqft,13000,super_area,-0.0083,asking_price,advertised_not_independently_verified,consistent_within_rounding_tolerance,,Magicbricks,S108,https://www.magicbricks.com/commercial-property-for-sale-in-tirupur-pppfs,2026-09-27,,tirupur,Tiruppur,portal_locality_assignment_not_cadastral_verified,,individual_advertisement_not_locality_or_district_benchmark,"Asking price only; seller, title, availability, legal use and transaction price not verified."
TN-ebc482b79686,Tiruppur,Tirupur,industrial_land,land,1844.03,advertised_total_divided_by_source_area,1844,9600000,5206,sqft,5206,plot_area,-0.0014,asking_price,advertised_not_independently_verified,consistent_within_rounding_tolerance,,Magicbricks,S108,https://www.magicbricks.com/commercial-property-for-sale-in-tirupur-pppfs,2026-09-27,,tirupur,Tiruppur,portal_locality_assignment_not_cadastral_verified,,individual_advertisement_not_locality_or_district_benchmark,"Asking price only; seller, title, availability, legal use and transaction price not verified."
TN-6737bb566d8a,Tiruppur,"Avinashi Taluk, Tiruppur",residential_plot,land,521.31,advertised_total_divided_by_source_area,521,746000,1431,sqft,1431,plot_area,-0.0602,asking_price,advertised_not_independently_verified,consistent_within_rounding_tolerance,,Housing.com,S157,https://housing.com/in/buy/tiruppur/plots-fid/,2026-09-27,,tiruppur,Tiruppur,portal_locality_assignment_not_cadastral_verified,,individual_advertisement_not_locality_or_district_benchmark,"Asking price only; seller, title, availability, legal use and transaction price not verified."
TN-226cf85202dc,Tiruppur,Jai Nagar,residential_plot,land,3462.75,advertised_total_divided_by_source_area,3463,16500000,4765,sqft,4765,plot_area,0.0072,asking_price,advertised_not_independently_verified,consistent_within_rounding_tolerance,,Magicbricks,S032,https://www.magicbricks.com/property-for-sale-in-tirupur-pppfs,2026-09-27,,tirupur,Tiruppur,portal_locality_assignment_not_cadastral_verified,,individual_advertisement_not_locality_or_district_benchmark,"Asking price only; seller, title, availability, legal use and transaction price not verified."
TN-edde72839f90,Tiruppur,Jai Nagar,residential_plot,land,3833.33,advertised_total_divided_by_source_area,3833,4600000,1200,sqft,1200,plot_area,-0.0087,asking_price,advertised_not_independently_verified,consistent_within_rounding_tolerance,,Magicbricks,S032,https://www.magicbricks.com/property-for-sale-in-tirupur-pppfs,2026-09-27,,tirupur,Tiruppur,portal_locality_assignment_not_cadastral_verified,,individual_advertisement_not_locality_or_district_benchmark,"Asking price only; seller, title, availability, legal use and transaction price not verified."
TN-19537ff34a05,Tiruppur,"Mukkonam, Tiruppur",residential_plot,land,1206.9,advertised_total_divided_by_source_area,1210,525000,435,sqft,435,plot_area,0.2571,asking_price,advertised_not_independently_verified,consistent_within_rounding_tolerance,,Housing.com,S157,https://housing.com/in/buy/tiruppur/plots-fid/,2026-09-27,,tiruppur,Tiruppur,portal_locality_assignment_not_cadastral_verified,,individual_advertisement_not_locality_or_district_benchmark,"Asking price only; seller, title, availability, legal use and transaction price not verified."
TN-91fc901d423b,Tiruppur,PN Road,residential_plot,land,2092.31,advertised_total_divided_by_source_area,2092,2720000,1300,sqft,1300,plot_area,-0.0147,asking_price,advertised_not_independently_verified,consistent_within_rounding_tolerance,,Magicbricks,S032,https://www.magicbricks.com/property-for-sale-in-tirupur-pppfs,2026-09-27,,tirupur,Tiruppur,portal_locality_assignment_not_cadastral_verified,,individual_advertisement_not_locality_or_district_benchmark,"Asking price only; seller, title, availability, legal use and transaction price not verified."
TN-4b401b89be14,Tiruppur,"Palladam, Tiruppur",residential_plot,land,862.07,advertised_total_divided_by_source_area,862,800000,928,sqft,928,plot_area,-0.008,asking_price,advertised_not_independently_verified,consistent_within_rounding_tolerance,,Housing.com,S157,https://housing.com/in/buy/tiruppur/plots-fid/,2026-09-27,,tiruppur,Tiruppur,portal_locality_assignment_not_cadastral_verified,,individual_advertisement_not_locality_or_district_benchmark,"Asking price only; seller, title, availability, legal use and transaction price not verified."
TN-cd21ad2e9970,Tiruppur,"Palladam, Tiruppur",residential_plot,land,1834.49,advertised_total_divided_by_source_area,1830,1585000,864,sqft,864,plot_area,-0.2448,asking_price,advertised_not_independently_verified,consistent_within_rounding_tolerance,,Housing.com,S157,https://housing.com/in/buy/tiruppur/plots-fid/,2026-09-27,,tiruppur,Tiruppur,portal_locality_assignment_not_cadastral_verified,,individual_advertisement_not_locality_or_district_benchmark,"Asking price only; seller, title, availability, legal use and transaction price not verified."
TN-2948a19e5878,Tiruppur,"Palladam, Tiruppur",residential_plot,land,1951.43,advertised_total_divided_by_source_area,1950,1366000,700,sqft,700,plot_area,-0.0732,asking_price,advertised_not_independently_verified,consistent_within_rounding_tolerance,,Housing.com,S157,https://housing.com/in/buy/tiruppur/plots-fid/,2026-09-27,,tiruppur,Tiruppur,portal_locality_assignment_not_cadastral_verified,,individual_advertisement_not_locality_or_district_benchmark,"Asking price only; seller, title, availability, legal use and transaction price not verified."
TN-366c85e20c89,Tiruppur,"Peruntholuvu, Tiruppur",residential_plot,land,331.03,advertised_total_divided_by_source_area,331,1200000,3625,sqft,3625,plot_area,-0.0104,asking_price,advertised_not_independently_verified,consistent_within_rounding_tolerance,,Housing.com,S157,https://housing.com/in/buy/tiruppur/plots-fid/,2026-09-27,,tiruppur,Tiruppur,portal_locality_assignment_not_cadastral_verified,,individual_advertisement_not_locality_or_district_benchmark,"Asking price only; seller, title, availability, legal use and transaction price not verified."
TN-b1fa13250378,Tiruppur,Vanjipalayam,villa,built_property,2475.25,advertised_total_divided_by_source_area,2475,4500000,1818,sqft,1818,super_area,-0.01,asking_price,advertised_not_independently_verified,consistent_within_rounding_tolerance,,Magicbricks,S032,https://www.magicbricks.com/property-for-sale-in-tirupur-pppfs,2026-09-27,,tirupur,Tiruppur,portal_locality_assignment_not_cadastral_verified,,individual_advertisement_not_locality_or_district_benchmark,"Asking price only; seller, title, availability, legal use and transaction price not verified."
TN-a30f61167085,Tiruppur,Mangalam,warehouse,built_property,1343.82,advertised_total_divided_by_source_area,1344,120000000,89298,sqft,89298,super_area,0.0138,asking_price,advertised_not_independently_verified,consistent_within_rounding_tolerance,,Magicbricks,S108,https://www.magicbricks.com/commercial-property-for-sale-in-tirupur-pppfs,2026-09-27,,tirupur,Tiruppur,portal_locality_assignment_not_cadastral_verified,,individual_advertisement_not_locality_or_district_benchmark,"Asking price only; seller, title, availability, legal use and transaction price not verified."
TN-0c8ac268483d,Tiruvallur,Peria Palayam,agricultural_land,land,237.18,advertised_total_divided_by_source_area,237,31000000,130700,sqft,130700,plot_area,-0.0777,asking_price,advertised_not_independently_verified,consistent_within_rounding_tolerance,,Magicbricks,S071,https://www.magicbricks.com/agricultural-land-for-sale-in-thiruvallur-pppfs,2026-09-27,,thiruvallur,Tiruvallur,portal_locality_assignment_not_cadastral_verified,,individual_advertisement_not_locality_or_district_benchmark,"Asking price only; seller, title, availability, legal use and transaction price not verified."
TN-20893d295bf2,Tiruvallur,Thiruvallur,agricultural_land,land,45.91,advertised_total_divided_by_source_area,46,36000000,784100,sqft,784100,plot_area,0.1906,asking_price,advertised_not_independently_verified,consistent_within_rounding_tolerance,,Magicbricks,S071,https://www.magicbricks.com/agricultural-land-for-sale-in-thiruvallur-pppfs,2026-09-27,,thiruvallur,Tiruvallur,portal_locality_assignment_not_cadastral_verified,,individual_advertisement_not_locality_or_district_benchmark,"Asking price only; seller, title, availability, legal use and transaction price not verified."
TN-a5d9e2595ebe,Tiruvallur,Thiruvallur,agricultural_land,land,229.57,advertised_total_divided_by_source_area,230,30000000,130680,sqft,130680,plot_area,0.188,asking_price,advertised_not_independently_verified,consistent_within_rounding_tolerance,,Magicbricks,S071,https://www.magicbricks.com/agricultural-land-for-sale-in-thiruvallur-pppfs,2026-09-27,,thiruvallur,Tiruvallur,portal_locality_assignment_not_cadastral_verified,,individual_advertisement_not_locality_or_district_benchmark,"Asking price only; seller, title, availability, legal use and transaction price not verified."
TN-3afa6df1e488,Tiruvallur,Thiruvallur,agricultural_land,land,367.31,advertised_total_divided_by_source_area,367,240000000,653400,sqft,653400,plot_area,-0.0843,asking_price,advertised_not_independently_verified,consistent_within_rounding_tolerance,,Magicbricks,S071,https://www.magicbricks.com/agricultural-land-for-sale-in-thiruvallur-pppfs,2026-09-27,,thiruvallur,Tiruvallur,portal_locality_assignment_not_cadastral_verified,,individual_advertisement_not_locality_or_district_benchmark,"Asking price only; seller, title, availability, legal use and transaction price not verified."
TN-3c3707921e68,Tiruvallur,Thiruvallur,agricultural_land,land,462.18,advertised_total_divided_by_source_area,462,49500000,107100,sqft,107100,plot_area,-0.04,asking_price,advertised_not_independently_verified,consistent_within_rounding_tolerance,,Magicbricks,S071,https://www.magicbricks.com/agricultural-land-for-sale-in-thiruvallur-pppfs,2026-09-27,,thiruvallur,Tiruvallur,portal_locality_assignment_not_cadastral_verified,,individual_advertisement_not_locality_or_district_benchmark,"Asking price only; seller, title, availability, legal use and transaction price not verified."
TN-3d96dc5c5ca9,Tiruvallur,Vengal,agricultural_land,land,500,advertised_total_divided_by_source_area,500,6760000,13520,sqft,13520,plot_area,0,asking_price,advertised_not_independently_verified,consistent_within_rounding_tolerance,,Magicbricks,S071,https://www.magicbricks.com/agricultural-land-for-sale-in-thiruvallur-pppfs,2026-09-27,,thiruvallur,Tiruvallur,portal_locality_assignment_not_cadastral_verified,,individual_advertisement_not_locality_or_district_benchmark,"Asking price only; seller, title, availability, legal use and transaction price not verified."
TN-783d90044d6b,Tiruvallur,Kadambattur,industrial_building,built_property,1400,advertised_total_divided_by_source_area,1400,2100000,1500,sqft,1500,super_area,0,asking_price,advertised_not_independently_verified,consistent_within_rounding_tolerance,,Magicbricks,S109,https://www.magicbricks.com/commercial-property-for-sale-in-thiruvallur-pppfs,2026-09-27,,thiruvallur,Tiruvallur,portal_locality_assignment_not_cadastral_verified,,individual_advertisement_not_locality_or_district_benchmark,"Asking price only; seller, title, availability, legal use and transaction price not verified."
TN-1e1c6c8318c2,Tiruvallur,"Chinnaekkadu, Ikkadu",residential_plot,land,2500,advertised_total_divided_by_source_area,2500,1500000,600,sqft,600,plot_area,0,asking_price,advertised_not_independently_verified,consistent_within_rounding_tolerance,,Housing.com,S158,https://housing.com/in/buy/chennai/thiruvallur-gid/plots-fid/,2026-09-27,,thiruvallur,Tiruvallur,portal_locality_assignment_not_cadastral_verified,,individual_advertisement_not_locality_or_district_benchmark,"Asking price only; seller, title, availability, legal use and transaction price not verified."
TN-e831e5c64de2,Tiruvallur,"Chinnaekkadu, Thiruvallur",residential_plot,land,811.11,advertised_total_divided_by_source_area,811,1460000,1800,sqft,1800,plot_area,-0.0137,asking_price,advertised_not_independently_verified,consistent_within_rounding_tolerance,,Housing.com,S158,https://housing.com/in/buy/chennai/thiruvallur-gid/plots-fid/,2026-09-27,,thiruvallur,Tiruvallur,portal_locality_assignment_not_cadastral_verified,,individual_advertisement_not_locality_or_district_benchmark,"Asking price only; seller, title, availability, legal use and transaction price not verified."
TN-806f5e53984d,Tiruvallur,"Chinnaekkadu, Thiruvallur",residential_plot,land,1599.46,advertised_total_divided_by_source_area,1600,1182000,739,sqft,739,plot_area,0.0338,asking_price,advertised_not_independently_verified,consistent_within_rounding_tolerance,,Housing.com,S158,https://housing.com/in/buy/chennai/thiruvallur-gid/plots-fid/,2026-09-27,,thiruvallur,Tiruvallur,portal_locality_assignment_not_cadastral_verified,,individual_advertisement_not_locality_or_district_benchmark,"Asking price only; seller, title, availability, legal use and transaction price not verified."
TN-9502e9c59725,Tiruvallur,"Chinnaekkadu, Thiruvallur",residential_plot,land,2399.17,advertised_total_divided_by_source_area,2400,2879000,1200,sqft,1200,plot_area,0.0347,asking_price,advertised_not_independently_verified,consistent_within_rounding_tolerance,,Housing.com,S158,https://housing.com/in/buy/chennai/thiruvallur-gid/plots-fid/,2026-09-27,,thiruvallur,Tiruvallur,portal_locality_assignment_not_cadastral_verified,,individual_advertisement_not_locality_or_district_benchmark,"Asking price only; seller, title, availability, legal use and transaction price not verified."
TN-6dcadb7935d3,Tiruvallur,"Chinnaekkadu, Thiruvallur",residential_plot,land,4199.5,advertised_total_divided_by_source_area,4200,3368000,802,sqft,802,plot_area,0.0119,asking_price,advertised_not_independently_verified,consistent_within_rounding_tolerance,,Housing.com,S158,https://housing.com/in/buy/chennai/thiruvallur-gid/plots-fid/,2026-09-27,,thiruvallur,Tiruvallur,portal_locality_assignment_not_cadastral_verified,,individual_advertisement_not_locality_or_district_benchmark,"Asking price only; seller, title, availability, legal use and transaction price not verified."
TN-1513e5691f62,Tiruvallur,"Chinnaekkadu, Thiruvallur",residential_plot,land,4200,advertised_total_divided_by_source_area,4200,4494000,1070,sqft,1070,plot_area,0,asking_price,advertised_not_independently_verified,consistent_within_rounding_tolerance,,Housing.com,S158,https://housing.com/in/buy/chennai/thiruvallur-gid/plots-fid/,2026-09-27,,thiruvallur,Tiruvallur,portal_locality_assignment_not_cadastral_verified,,individual_advertisement_not_locality_or_district_benchmark,"Asking price only; seller, title, availability, legal use and transaction price not verified."
TN-84ea524fa2f1,Tiruvallur,Guruvoyal,residential_plot,land,1101.1,advertised_total_divided_by_source_area,1101,2200000,1998,sqft,1998,plot_area,-0.0092,asking_price,advertised_not_independently_verified,consistent_within_rounding_tolerance,,Magicbricks,S033,https://www.magicbricks.com/property-for-sale-in-thiruvallur-pppfs,2026-09-27,,thiruvallur,Tiruvallur,portal_locality_assignment_not_cadastral_verified,,individual_advertisement_not_locality_or_district_benchmark,"Asking price only; seller, title, availability, legal use and transaction price not verified."
TN-f3345fe15ab5,Tiruvallur,Kamaraj Nagar Avadi,residential_plot,land,6458.33,advertised_total_divided_by_source_area,6458,15500000,2400,sqft,2400,plot_area,-0.0052,asking_price,advertised_not_independently_verified,consistent_within_rounding_tolerance,,Magicbricks,S003,https://www.magicbricks.com/property-for-sale-in-chennai-pppfs,2026-09-27,,chennai,Chennai,locality_reassigned_using_official_district_source,https://tiruvallur.nic.in/directory/avadi/,individual_advertisement_not_locality_or_district_benchmark,"Asking price only; seller, title, availability, legal use and transaction price not verified."
TN-ece371305c67,Tiruvallur,Nungambakam,residential_plot,land,1250,advertised_total_divided_by_source_area,1250,2750000,2200,sqft,2200,plot_area,0,asking_price,advertised_not_independently_verified,consistent_within_rounding_tolerance,,Magicbricks,S033,https://www.magicbricks.com/property-for-sale-in-thiruvallur-pppfs,2026-09-27,,thiruvallur,Tiruvallur,portal_locality_assignment_not_cadastral_verified,,individual_advertisement_not_locality_or_district_benchmark,"Asking price only; seller, title, availability, legal use and transaction price not verified."
TN-6086660ffc79,Tiruvallur,Siruvapuri Sri Balasubrahmanyam temple,residential_plot,land,1996.67,advertised_total_divided_by_source_area,1997,4800000,2404,sqft,2404,plot_area,0.0164,asking_price,advertised_not_independently_verified,consistent_within_rounding_tolerance,,Magicbricks,S033,https://www.magicbricks.com/property-for-sale-in-thiruvallur-pppfs,2026-09-27,,thiruvallur,Tiruvallur,portal_locality_assignment_not_cadastral_verified,,individual_advertisement_not_locality_or_district_benchmark,"Asking price only; seller, title, availability, legal use and transaction price not verified."
TN-37f4f36f4317,Tiruvallur,Venkateshwara Nager,residential_plot,land,5000,advertised_total_divided_by_source_area,5000,30000000,6000,sqft,6000,plot_area,0,asking_price,advertised_not_independently_verified,consistent_within_rounding_tolerance,,Magicbricks,S033,https://www.magicbricks.com/property-for-sale-in-thiruvallur-pppfs,2026-09-27,,thiruvallur,Tiruvallur,portal_locality_assignment_not_cadastral_verified,,individual_advertisement_not_locality_or_district_benchmark,"Asking price only; seller, title, availability, legal use and transaction price not verified."
TN-1869519eaf5a,Tiruvallur,Venugopal Puram Village,villa,built_property,533.33,advertised_total_divided_by_source_area,533,800000,1500,sqft,1500,built_area,-0.0625,asking_price,advertised_not_independently_verified,consistent_within_rounding_tolerance,,Magicbricks,S109,https://www.magicbricks.com/commercial-property-for-sale-in-thiruvallur-pppfs,2026-09-27,,thiruvallur,Tiruvallur,portal_locality_assignment_not_cadastral_verified,,individual_advertisement_not_locality_or_district_benchmark,"Asking price only; seller, title, availability, legal use and transaction price not verified."
TN-00424e525397,Tiruvallur,Ikkadu,warehouse,built_property,6125.95,advertised_total_divided_by_source_area,6126,100000000,16324,sqft,16324,super_area,0.0008,asking_price,advertised_not_independently_verified,consistent_within_rounding_tolerance,,Magicbricks,S109,https://www.magicbricks.com/commercial-property-for-sale-in-thiruvallur-pppfs,2026-09-27,,thiruvallur,Tiruvallur,portal_locality_assignment_not_cadastral_verified,,individual_advertisement_not_locality_or_district_benchmark,"Asking price only; seller, title, availability, legal use and transaction price not verified."
TN-67b69597b81d,Tiruvannamalai,Adi Annamalai,agricultural_land,land,1628.73,advertised_total_divided_by_source_area,1629,83000000,50960,sqft,50960,plot_area,0.0167,asking_price,advertised_not_independently_verified,consistent_within_rounding_tolerance,,Magicbricks,S072,https://www.magicbricks.com/agricultural-land-for-sale-in-tiruvannamalai-pppfs,2026-09-27,,tiruvannamalai,Tiruvannamalai,portal_locality_assignment_not_cadastral_verified,,individual_advertisement_not_locality_or_district_benchmark,"Asking price only; seller, title, availability, legal use and transaction price not verified."
TN-2b9be7a8ae6f,Tiruvannamalai,Dusi,agricultural_land,land,340.46,advertised_total_divided_by_source_area,342,25800000,75780,sqft,75780,plot_area,0.4526,asking_price,advertised_not_independently_verified,consistent_within_rounding_tolerance,,Magicbricks,S072,https://www.magicbricks.com/agricultural-land-for-sale-in-tiruvannamalai-pppfs,2026-09-27,,tiruvannamalai,Tiruvannamalai,portal_locality_assignment_not_cadastral_verified,,individual_advertisement_not_locality_or_district_benchmark,"Asking price only; seller, title, availability, legal use and transaction price not verified."
TN-a1d7c3ee05f0,Tiruvannamalai,Polur,agricultural_land,land,50.51,advertised_total_divided_by_source_area,51,22000000,435600,sqft,435600,plot_area,0.98,asking_price,advertised_not_independently_verified,consistent_within_rounding_tolerance,,Magicbricks,S072,https://www.magicbricks.com/agricultural-land-for-sale-in-tiruvannamalai-pppfs,2026-09-27,,tiruvannamalai,Tiruvannamalai,portal_locality_assignment_not_cadastral_verified,,individual_advertisement_not_locality_or_district_benchmark,"Asking price only; seller, title, availability, legal use and transaction price not verified."
TN-8c309662633f,Tiruvannamalai,Polur,agricultural_land,land,2897.15,advertised_total_divided_by_source_area,2897,48000000,16568,sqft,16568,plot_area,-0.0052,asking_price,advertised_not_independently_verified,consistent_within_rounding_tolerance,,Magicbricks,S072,https://www.magicbricks.com/agricultural-land-for-sale-in-tiruvannamalai-pppfs,2026-09-27,,tiruvannamalai,Tiruvannamalai,portal_locality_assignment_not_cadastral_verified,,individual_advertisement_not_locality_or_district_benchmark,"Asking price only; seller, title, availability, legal use and transaction price not verified."
TN-9cc926f8f23b,Tiruvannamalai,Arani,commercial_land,land,11493.33,advertised_total_divided_by_source_area,11500,43100000,3750,sqft,3750,plot_area,0.058,asking_price,advertised_not_independently_verified,consistent_within_rounding_tolerance,,Magicbricks,S110,https://www.magicbricks.com/commercial-property-for-sale-in-tiruvannamalai-pppfs,2026-09-27,,tiruvannamalai,Tiruvannamalai,portal_locality_assignment_not_cadastral_verified,,individual_advertisement_not_locality_or_district_benchmark,"Asking price only; seller, title, availability, legal use and transaction price not verified."
TN-1951ec4aa53e,Tiruvannamalai,Girivalam Road,commercial_retail,built_property,10000,advertised_total_divided_by_source_area,10000,91500000,9150,sqft,9150,super_area,0,asking_price,advertised_not_independently_verified,consistent_within_rounding_tolerance,,Magicbricks,S110,https://www.magicbricks.com/commercial-property-for-sale-in-tiruvannamalai-pppfs,2026-09-27,,tiruvannamalai,Tiruvannamalai,portal_locality_assignment_not_cadastral_verified,,individual_advertisement_not_locality_or_district_benchmark,"Asking price only; seller, title, availability, legal use and transaction price not verified."
TN-16f9272cc685,Tiruvannamalai,Athiyandal,independent_house,built_property,7000,advertised_total_divided_by_source_area,7000,5600000,800,sqft,800,super_area,0,asking_price,advertised_not_independently_verified,consistent_within_rounding_tolerance,,Magicbricks,S034,https://www.magicbricks.com/property-for-sale-in-tiruvannamalai-pppfs,2026-09-27,,tiruvannamalai,Tiruvannamalai,portal_locality_assignment_not_cadastral_verified,,individual_advertisement_not_locality_or_district_benchmark,"Asking price only; seller, title, availability, legal use and transaction price not verified."
TN-da51cda52348,Tiruvannamalai,Deepam Nagar,independent_house,built_property,7080.61,advertised_total_divided_by_source_area,7081,13000000,1836,sqft,1836,super_area,0.0055,asking_price,advertised_not_independently_verified,consistent_within_rounding_tolerance,,Magicbricks,S034,https://www.magicbricks.com/property-for-sale-in-tiruvannamalai-pppfs,2026-09-27,,tiruvannamalai,Tiruvannamalai,portal_locality_assignment_not_cadastral_verified,,individual_advertisement_not_locality_or_district_benchmark,"Asking price only; seller, title, availability, legal use and transaction price not verified."
TN-224e6ef14551,Tiruvannamalai,"Ilavarasi nagar ,Iyampalayam , Tiruvannamalai",industrial_land,land,1250,advertised_total_divided_by_source_area,1250,1500000,1200,sqft,1200,plot_area,0,asking_price,advertised_not_independently_verified,consistent_within_rounding_tolerance,,Magicbricks,S110,https://www.magicbricks.com/commercial-property-for-sale-in-tiruvannamalai-pppfs,2026-09-27,,tiruvannamalai,Tiruvannamalai,portal_locality_assignment_not_cadastral_verified,,individual_advertisement_not_locality_or_district_benchmark,"Asking price only; seller, title, availability, legal use and transaction price not verified."
TN-eb5daf293588,Tiruvannamalai,"Alanthangal, Tiruvannamalai",residential_plot,land,238.1,advertised_total_divided_by_source_area,238,2500000,10500,sqft,10500,plot_area,-0.04,asking_price,advertised_not_independently_verified,consistent_within_rounding_tolerance,,Housing.com,S152,https://housing.com/in/buy/tiruvannamalai/plots-fid/,2026-09-27,,tiruvannamalai,Tiruvannamalai,portal_locality_assignment_not_cadastral_verified,,individual_advertisement_not_locality_or_district_benchmark,"Asking price only; seller, title, availability, legal use and transaction price not verified."
TN-901f013905fc,Tiruvannamalai,Anapirandan,residential_plot,land,2589.74,advertised_total_divided_by_source_area,2600,20200000,7800,sqft,7800,plot_area,0.396,asking_price,advertised_not_independently_verified,consistent_within_rounding_tolerance,,Magicbricks,S034,https://www.magicbricks.com/property-for-sale-in-tiruvannamalai-pppfs,2026-09-27,,tiruvannamalai,Tiruvannamalai,portal_locality_assignment_not_cadastral_verified,,individual_advertisement_not_locality_or_district_benchmark,"Asking price only; seller, title, availability, legal use and transaction price not verified."
TN-f70d7f422781,Tiruvannamalai,Kilnachipattu,residential_plot,land,3500,advertised_total_divided_by_source_area,3500,3500000,1000,sqft,1000,plot_area,0,asking_price,advertised_not_independently_verified,consistent_within_rounding_tolerance,,Magicbricks,S034,https://www.magicbricks.com/property-for-sale-in-tiruvannamalai-pppfs,2026-09-27,,tiruvannamalai,Tiruvannamalai,portal_locality_assignment_not_cadastral_verified,,individual_advertisement_not_locality_or_district_benchmark,"Asking price only; seller, title, availability, legal use and transaction price not verified."
TN-88239fb019a6,Tiruvannamalai,"Kilnathur, Tiruvannamalai",residential_plot,land,2014.65,advertised_total_divided_by_source_area,2010,2200000,1092,sqft,1092,plot_area,-0.2309,asking_price,advertised_not_independently_verified,consistent_within_rounding_tolerance,,Housing.com,S152,https://housing.com/in/buy/tiruvannamalai/plots-fid/,2026-09-27,,tiruvannamalai,Tiruvannamalai,portal_locality_assignment_not_cadastral_verified,,individual_advertisement_not_locality_or_district_benchmark,"Asking price only; seller, title, availability, legal use and transaction price not verified."
TN-83d30d6c1475,Tiruvannamalai,"Kodiyalam, Tiruvannamalai",residential_plot,land,850,advertised_total_divided_by_source_area,850,1275000,1500,sqft,1500,plot_area,0,asking_price,advertised_not_independently_verified,consistent_within_rounding_tolerance,,Housing.com,S152,https://housing.com/in/buy/tiruvannamalai/plots-fid/,2026-09-27,,tiruvannamalai,Tiruvannamalai,portal_locality_assignment_not_cadastral_verified,,individual_advertisement_not_locality_or_district_benchmark,"Asking price only; seller, title, availability, legal use and transaction price not verified."
TN-7f4395be6690,Tiruvannamalai,"Mamandur, Tiruvannamalai",residential_plot,land,1350.3,advertised_total_divided_by_source_area,1350,1114000,825,sqft,825,plot_area,-0.0224,asking_price,advertised_not_independently_verified,consistent_within_rounding_tolerance,,Housing.com,S152,https://housing.com/in/buy/tiruvannamalai/plots-fid/,2026-09-27,,tiruvannamalai,Tiruvannamalai,portal_locality_assignment_not_cadastral_verified,,individual_advertisement_not_locality_or_district_benchmark,"Asking price only; seller, title, availability, legal use and transaction price not verified."
TN-a067a96854f9,Tiruvannamalai,"Melathikkan, Tiruvannamalai",residential_plot,land,2000,advertised_total_divided_by_source_area,2000,2300000,1150,sqft,1150,plot_area,0,asking_price,advertised_not_independently_verified,consistent_within_rounding_tolerance,,Housing.com,S152,https://housing.com/in/buy/tiruvannamalai/plots-fid/,2026-09-27,,tiruvannamalai,Tiruvannamalai,portal_locality_assignment_not_cadastral_verified,,individual_advertisement_not_locality_or_district_benchmark,"Asking price only; seller, title, availability, legal use and transaction price not verified."
TN-a624ba443ff6,Tiruvannamalai,"Thellar, Tiruvannamalai",residential_plot,land,850,advertised_total_divided_by_source_area,850,765000,900,sqft,900,plot_area,0,asking_price,advertised_not_independently_verified,consistent_within_rounding_tolerance,,Housing.com,S152,https://housing.com/in/buy/tiruvannamalai/plots-fid/,2026-09-27,,tiruvannamalai,Tiruvannamalai,portal_locality_assignment_not_cadastral_verified,,individual_advertisement_not_locality_or_district_benchmark,"Asking price only; seller, title, availability, legal use and transaction price not verified."
TN-f531923d5637,Tiruvannamalai,Pandithapattu,warehouse,built_property,4222.22,advertised_total_divided_by_source_area,4222,19000000,4500,sqft,4500,super_area,-0.0053,asking_price,advertised_not_independently_verified,consistent_within_rounding_tolerance,,Magicbricks,S110,https://www.magicbricks.com/commercial-property-for-sale-in-tiruvannamalai-pppfs,2026-09-27,,tiruvannamalai,Tiruvannamalai,portal_locality_assignment_not_cadastral_verified,,individual_advertisement_not_locality_or_district_benchmark,"Asking price only; seller, title, availability, legal use and transaction price not verified."
TN-a41a9c1b8ca3,Tiruvarur,Mannargudi,agricultural_land,land,117.48,advertised_total_divided_by_source_area,117,9000000,76608,sqft,76608,plot_area,-0.4096,asking_price,advertised_not_independently_verified,consistent_within_rounding_tolerance,,Magicbricks,S073,https://www.magicbricks.com/agricultural-land-for-sale-in-thiruvarur-pppfs,2026-09-27,,thiruvarur,Tiruvarur,portal_locality_assignment_not_cadastral_verified,,individual_advertisement_not_locality_or_district_benchmark,"Asking price only; seller, title, availability, legal use and transaction price not verified."
TN-4364596d94d3,Tiruvarur,Theradi,agricultural_land,land,135.45,advertised_total_divided_by_source_area,135,11800000,87120,sqft,87120,plot_area,-0.3288,asking_price,advertised_not_independently_verified,consistent_within_rounding_tolerance,,Magicbricks,S073,https://www.magicbricks.com/agricultural-land-for-sale-in-thiruvarur-pppfs,2026-09-27,,thiruvarur,Tiruvarur,portal_locality_assignment_not_cadastral_verified,,individual_advertisement_not_locality_or_district_benchmark,"Asking price only; seller, title, availability, legal use and transaction price not verified."
TN-7efd45811662,Tiruvarur,Thiruvarur,agricultural_land,land,42.08,advertised_total_divided_by_source_area,42,11000000,261400,sqft,261400,plot_area,-0.1927,asking_price,advertised_not_independently_verified,consistent_within_rounding_tolerance,,Magicbricks,S073,https://www.magicbricks.com/agricultural-land-for-sale-in-thiruvarur-pppfs,2026-09-27,,thiruvarur,Tiruvarur,portal_locality_assignment_not_cadastral_verified,,individual_advertisement_not_locality_or_district_benchmark,"Asking price only; seller, title, availability, legal use and transaction price not verified."
TN-ed0b1e60eff2,Tiruvarur,Thiruvarur,agricultural_land,land,48.56,advertised_total_divided_by_source_area,49,27500000,566300,sqft,566300,plot_area,0.9044,asking_price,advertised_not_independently_verified,consistent_within_rounding_tolerance,,Magicbricks,S073,https://www.magicbricks.com/agricultural-land-for-sale-in-thiruvarur-pppfs,2026-09-27,,thiruvarur,Tiruvarur,portal_locality_assignment_not_cadastral_verified,,individual_advertisement_not_locality_or_district_benchmark,"Asking price only; seller, title, availability, legal use and transaction price not verified."
TN-878ebfd1a822,Tiruvarur,Thiruvarur,agricultural_land,land,1000,advertised_total_divided_by_source_area,1000,80000000,80000,sqft,80000,plot_area,0,asking_price,advertised_not_independently_verified,consistent_within_rounding_tolerance,,Magicbricks,S073,https://www.magicbricks.com/agricultural-land-for-sale-in-thiruvarur-pppfs,2026-09-27,,thiruvarur,Tiruvarur,portal_locality_assignment_not_cadastral_verified,,individual_advertisement_not_locality_or_district_benchmark,"Asking price only; seller, title, availability, legal use and transaction price not verified."
TN-9ecad04b4569,Tiruvarur,Mannargudi,apartment,built_property,1600.13,advertised_total_divided_by_source_area,1600,9620000,6012,sqft,6012,super_area,-0.0083,asking_price,advertised_not_independently_verified,consistent_within_rounding_tolerance,,Magicbricks,S035,https://www.magicbricks.com/property-for-sale-in-thiruvarur-pppfs,2026-09-27,,thiruvarur,Tiruvarur,portal_locality_assignment_not_cadastral_verified,,individual_advertisement_not_locality_or_district_benchmark,"Asking price only; seller, title, availability, legal use and transaction price not verified."
TN-5352daa4e564,Tiruvarur,Mannargudi,commercial_land,land,6451.61,advertised_total_divided_by_source_area,6500,10000000,1550,sqft,1550,plot_area,0.75,asking_price,advertised_not_independently_verified,consistent_within_rounding_tolerance,,Magicbricks,S111,https://www.magicbricks.com/commercial-property-for-sale-in-thiruvarur-pppfs,2026-09-27,,thiruvarur,Tiruvarur,portal_locality_assignment_not_cadastral_verified,,individual_advertisement_not_locality_or_district_benchmark,"Asking price only; seller, title, availability, legal use and transaction price not verified."
TN-7028ae55497d,Tiruvarur,vijayapuram,commercial_land,land,909.09,advertised_total_divided_by_source_area,909,10000000,11000,sqft,11000,plot_area,-0.01,asking_price,advertised_not_independently_verified,consistent_within_rounding_tolerance,,Magicbricks,S111,https://www.magicbricks.com/commercial-property-for-sale-in-thiruvarur-pppfs,2026-09-27,,thiruvarur,Tiruvarur,portal_locality_assignment_not_cadastral_verified,,individual_advertisement_not_locality_or_district_benchmark,"Asking price only; seller, title, availability, legal use and transaction price not verified."
TN-0d5898237b3b,Tiruvarur,Madappuram,independent_house,built_property,3003.41,advertised_total_divided_by_source_area,3003,4400000,1465,sqft,1465,super_area,-0.0138,asking_price,advertised_not_independently_verified,consistent_within_rounding_tolerance,,Magicbricks,S035,https://www.magicbricks.com/property-for-sale-in-thiruvarur-pppfs,2026-09-27,,thiruvarur,Tiruvarur,portal_locality_assignment_not_cadastral_verified,,individual_advertisement_not_locality_or_district_benchmark,"Asking price only; seller, title, availability, legal use and transaction price not verified."
TN-0c643909b596,Tiruvarur,Adiyakkamangalam,residential_plot,land,1049.87,advertised_total_divided_by_source_area,1050,2000000,1905,sqft,1905,plot_area,0.0125,asking_price,advertised_not_independently_verified,consistent_within_rounding_tolerance,,Magicbricks,S035,https://www.magicbricks.com/property-for-sale-in-thiruvarur-pppfs,2026-09-27,,thiruvarur,Tiruvarur,portal_locality_assignment_not_cadastral_verified,,individual_advertisement_not_locality_or_district_benchmark,"Asking price only; seller, title, availability, legal use and transaction price not verified."
TN-4f35f08e3a90,Tiruvarur,Radhakrishnan Nagar,residential_plot,land,141.61,advertised_total_divided_by_source_area,142,3250000,22950,sqft,22950,plot_area,0.2738,asking_price,advertised_not_independently_verified,consistent_within_rounding_tolerance,,Magicbricks,S035,https://www.magicbricks.com/property-for-sale-in-thiruvarur-pppfs,2026-09-27,,thiruvarur,Tiruvarur,portal_locality_assignment_not_cadastral_verified,,individual_advertisement_not_locality_or_district_benchmark,"Asking price only; seller, title, availability, legal use and transaction price not verified."
TN-7bf8d8de30d6,Tiruvarur,Thandalai,residential_plot,land,796.32,advertised_total_divided_by_source_area,796,9000000,11302,sqft,11302,plot_area,-0.0401,asking_price,advertised_not_independently_verified,consistent_within_rounding_tolerance,,Magicbricks,S035,https://www.magicbricks.com/property-for-sale-in-thiruvarur-pppfs,2026-09-27,,thiruvarur,Tiruvarur,portal_locality_assignment_not_cadastral_verified,,individual_advertisement_not_locality_or_district_benchmark,"Asking price only; seller, title, availability, legal use and transaction price not verified."
TN-4545019a8261,Vellore,Katpadi Extension,agricultural_land,land,1377.73,advertised_total_divided_by_source_area,1377,240000000,174200,sqft,174200,plot_area,-0.0527,asking_price,advertised_not_independently_verified,consistent_within_rounding_tolerance,,Magicbricks,S074,https://www.magicbricks.com/agricultural-land-for-sale-in-vellore-pppfs,2026-09-27,,vellore,Vellore,portal_locality_assignment_not_cadastral_verified,,individual_advertisement_not_locality_or_district_benchmark,"Asking price only; seller, title, availability, legal use and transaction price not verified."
TN-8e954351e006,Vellore,Vellore,agricultural_land,land,168.95,advertised_total_divided_by_source_area,169,11700000,69250,sqft,69250,plot_area,0.0278,asking_price,advertised_not_independently_verified,consistent_within_rounding_tolerance,,Magicbricks,S074,https://www.magicbricks.com/agricultural-land-for-sale-in-vellore-pppfs,2026-09-27,,vellore,Vellore,portal_locality_assignment_not_cadastral_verified,,individual_advertisement_not_locality_or_district_benchmark,"Asking price only; seller, title, availability, legal use and transaction price not verified."
TN-0a95faecc2e2,Vellore,Vellore,agricultural_land,land,191.28,advertised_total_divided_by_source_area,191,25000000,130700,sqft,130700,plot_area,-0.1452,asking_price,advertised_not_independently_verified,consistent_within_rounding_tolerance,,Magicbricks,S074,https://www.magicbricks.com/agricultural-land-for-sale-in-vellore-pppfs,2026-09-27,,vellore,Vellore,portal_locality_assignment_not_cadastral_verified,,individual_advertisement_not_locality_or_district_benchmark,"Asking price only; seller, title, availability, legal use and transaction price not verified."
TN-c289e2ae380f,Vellore,Vellore,agricultural_land,land,275.55,advertised_total_divided_by_source_area,276,12000000,43550,sqft,43550,plot_area,0.165,asking_price,advertised_not_independently_verified,consistent_within_rounding_tolerance,,Magicbricks,S074,https://www.magicbricks.com/agricultural-land-for-sale-in-vellore-pppfs,2026-09-27,,vellore,Vellore,portal_locality_assignment_not_cadastral_verified,,individual_advertisement_not_locality_or_district_benchmark,"Asking price only; seller, title, availability, legal use and transaction price not verified."
TN-be857aad1560,Vellore,Gudiyatham,commercial_office,built_property,3597.68,advertised_total_divided_by_source_area,3598,9300000,2585,sqft,2585,super_area,0.0089,asking_price,advertised_not_independently_verified,consistent_within_rounding_tolerance,,Magicbricks,S112,https://www.magicbricks.com/commercial-property-for-sale-in-vellore-pppfs,2026-09-27,,vellore,Vellore,portal_locality_assignment_not_cadastral_verified,,individual_advertisement_not_locality_or_district_benchmark,"Asking price only; seller, title, availability, legal use and transaction price not verified."
TN-1b060830d14f,Vellore,Gudiyatham,industrial_land,land,625,advertised_total_divided_by_source_area,625,17500000,28000,sqft,28000,plot_area,0,asking_price,advertised_not_independently_verified,consistent_within_rounding_tolerance,,Magicbricks,S112,https://www.magicbricks.com/commercial-property-for-sale-in-vellore-pppfs,2026-09-27,,vellore,Vellore,portal_locality_assignment_not_cadastral_verified,,individual_advertisement_not_locality_or_district_benchmark,"Asking price only; seller, title, availability, legal use and transaction price not verified."
TN-ea8242ef2c8a,Vellore,Ariyur,residential_plot,land,194.44,advertised_total_divided_by_source_area,194,1400000,7200,sqft,7200,plot_area,-0.2286,asking_price,advertised_not_independently_verified,consistent_within_rounding_tolerance,,Magicbricks,S036,https://www.magicbricks.com/property-for-sale-in-vellore-pppfs,2026-09-27,,vellore,Vellore,portal_locality_assignment_not_cadastral_verified,,individual_advertisement_not_locality_or_district_benchmark,"Asking price only; seller, title, availability, legal use and transaction price not verified."
TN-4804babb0503,Vellore,"Katpadi, Vellore",residential_plot,land,1306.95,advertised_total_divided_by_source_area,1310,1899000,1453,sqft,1453,plot_area,0.2333,asking_price,advertised_not_independently_verified,consistent_within_rounding_tolerance,,Housing.com,S154,https://housing.com/in/buy/vellore/plots-fid/,2026-09-27,,vellore,Vellore,portal_locality_assignment_not_cadastral_verified,,individual_advertisement_not_locality_or_district_benchmark,"Asking price only; seller, title, availability, legal use and transaction price not verified."
TN-e94d91a484e5,Vellore,"Katpadi, Vellore",residential_plot,land,1944.44,advertised_total_divided_by_source_area,1940,3500000,1800,sqft,1800,plot_area,-0.2286,asking_price,advertised_not_independently_verified,consistent_within_rounding_tolerance,,Housing.com,S154,https://housing.com/in/buy/vellore/plots-fid/,2026-09-27,,vellore,Vellore,portal_locality_assignment_not_cadastral_verified,,individual_advertisement_not_locality_or_district_benchmark,"Asking price only; seller, title, availability, legal use and transaction price not verified."
TN-9b5ee3f4b795,Vellore,"Katpadi, Vellore",residential_plot,land,2850,advertised_total_divided_by_source_area,2850,2850000,1000,sqft,1000,plot_area,0,asking_price,advertised_not_independently_verified,consistent_within_rounding_tolerance,,Housing.com,S154,https://housing.com/in/buy/vellore/plots-fid/,2026-09-27,,vellore,Vellore,portal_locality_assignment_not_cadastral_verified,,individual_advertisement_not_locality_or_district_benchmark,"Asking price only; seller, title, availability, legal use and transaction price not verified."
TN-cafb36e72ee1,Vellore,"Katpadi, Vellore",residential_plot,land,2998.33,advertised_total_divided_by_source_area,3000,3598000,1200,sqft,1200,plot_area,0.0556,asking_price,advertised_not_independently_verified,consistent_within_rounding_tolerance,,Housing.com,S154,https://housing.com/in/buy/vellore/plots-fid/,2026-09-27,,vellore,Vellore,portal_locality_assignment_not_cadastral_verified,,individual_advertisement_not_locality_or_district_benchmark,"Asking price only; seller, title, availability, legal use and transaction price not verified."
TN-ea1bfd4659d8,Vellore,"Katpadi, Vellore",residential_plot,land,3000,advertised_total_divided_by_source_area,3000,3000000,1000,sqft,1000,plot_area,0,asking_price,advertised_not_independently_verified,consistent_within_rounding_tolerance,,Housing.com,S154,https://housing.com/in/buy/vellore/plots-fid/,2026-09-27,,vellore,Vellore,portal_locality_assignment_not_cadastral_verified,,individual_advertisement_not_locality_or_district_benchmark,"Asking price only; seller, title, availability, legal use and transaction price not verified."
TN-c48fc0467d2d,Vellore,"Katpadi, Vellore",residential_plot,land,3000,advertised_total_divided_by_source_area,3000,4500000,1500,sqft,1500,plot_area,0,asking_price,advertised_not_independently_verified,consistent_within_rounding_tolerance,,Housing.com,S154,https://housing.com/in/buy/vellore/plots-fid/,2026-09-27,,vellore,Vellore,portal_locality_assignment_not_cadastral_verified,,individual_advertisement_not_locality_or_district_benchmark,"Asking price only; seller, title, availability, legal use and transaction price not verified."
TN-161c39757240,Vellore,Kagithapatarai,warehouse,built_property,3333.33,advertised_total_divided_by_source_area,3333,8000000,2400,sqft,2400,super_area,-0.01,asking_price,advertised_not_independently_verified,consistent_within_rounding_tolerance,,Magicbricks,S112,https://www.magicbricks.com/commercial-property-for-sale-in-vellore-pppfs,2026-09-27,,vellore,Vellore,portal_locality_assignment_not_cadastral_verified,,individual_advertisement_not_locality_or_district_benchmark,"Asking price only; seller, title, availability, legal use and transaction price not verified."
TN-4862b5cb01db,Viluppuram,Viluppuram,agricultural_land,land,58.82,advertised_total_divided_by_source_area,59,20500000,348500,sqft,348500,plot_area,0.3,asking_price,advertised_not_independently_verified,consistent_within_rounding_tolerance,,Magicbricks,S161,https://www.magicbricks.com/agricultural-land-for-sale-in-viluppuram-pppfs,2026-09-27,,viluppuram,Viluppuram,portal_locality_assignment_not_cadastral_verified,,individual_advertisement_not_locality_or_district_benchmark,"Asking price only; seller, title, availability, legal use and transaction price not verified."
TN-5723eef2c7f0,Viluppuram,Viluppuram,agricultural_land,land,849,advertised_total_divided_by_source_area,849,8490000,10000,sqft,10000,plot_area,0,asking_price,advertised_not_independently_verified,consistent_within_rounding_tolerance,,Magicbricks,S161,https://www.magicbricks.com/agricultural-land-for-sale-in-viluppuram-pppfs,2026-09-27,,viluppuram,Viluppuram,portal_locality_assignment_not_cadastral_verified,,individual_advertisement_not_locality_or_district_benchmark,"Asking price only; seller, title, availability, legal use and transaction price not verified."
TN-516822892fca,Viluppuram,Salamedu,commercial_land,land,2993.59,advertised_total_divided_by_source_area,3000,16800000,5612,sqft,5612,plot_area,0.2143,asking_price,advertised_not_independently_verified,consistent_within_rounding_tolerance,,Magicbricks,S113,https://www.magicbricks.com/commercial-property-for-sale-in-viluppuram-pppfs,2026-09-27,,viluppuram,Viluppuram,portal_locality_assignment_not_cadastral_verified,,individual_advertisement_not_locality_or_district_benchmark,"Asking price only; seller, title, availability, legal use and transaction price not verified."
TN-d4e75ac53d81,Viluppuram,Tindivanam,commercial_land,land,153.02,advertised_total_divided_by_source_area,153,40000000,261400,sqft,261400,plot_area,-0.0145,asking_price,advertised_not_independently_verified,consistent_within_rounding_tolerance,,Magicbricks,S113,https://www.magicbricks.com/commercial-property-for-sale-in-viluppuram-pppfs,2026-09-27,,viluppuram,Viluppuram,portal_locality_assignment_not_cadastral_verified,,individual_advertisement_not_locality_or_district_benchmark,"Asking price only; seller, title, availability, legal use and transaction price not verified."
TN-5f6209a88a79,Viluppuram,Valudureddi,commercial_land,land,4155.84,advertised_total_divided_by_source_area,4156,32000000,7700,sqft,7700,plot_area,0.0038,asking_price,advertised_not_independently_verified,consistent_within_rounding_tolerance,,Magicbricks,S113,https://www.magicbricks.com/commercial-property-for-sale-in-viluppuram-pppfs,2026-09-27,,viluppuram,Viluppuram,portal_locality_assignment_not_cadastral_verified,,individual_advertisement_not_locality_or_district_benchmark,"Asking price only; seller, title, availability, legal use and transaction price not verified."
TN-1e4f1ccf4aad,Viluppuram,Viluppuram,commercial_office,built_property,11666.67,advertised_total_divided_by_source_area,11667,105000000,9000,sqft,9000,super_area,0.0029,asking_price,advertised_not_independently_verified,consistent_within_rounding_tolerance,,Magicbricks,S113,https://www.magicbricks.com/commercial-property-for-sale-in-viluppuram-pppfs,2026-09-27,,viluppuram,Viluppuram,portal_locality_assignment_not_cadastral_verified,,individual_advertisement_not_locality_or_district_benchmark,"Asking price only; seller, title, availability, legal use and transaction price not verified."
TN-b8766cd1e1b6,Viluppuram,East Pondy Road,commercial_retail,built_property,12121.21,advertised_total_divided_by_source_area,12121,40000000,3300,sqft,3300,super_area,-0.0018,asking_price,advertised_not_independently_verified,consistent_within_rounding_tolerance,,Magicbricks,S113,https://www.magicbricks.com/commercial-property-for-sale-in-viluppuram-pppfs,2026-09-27,,viluppuram,Viluppuram,portal_locality_assignment_not_cadastral_verified,,individual_advertisement_not_locality_or_district_benchmark,"Asking price only; seller, title, availability, legal use and transaction price not verified."
TN-f988c8fe961b,Viluppuram,Vikravandi,industrial_land,land,382.26,advertised_total_divided_by_source_area,382,25000000,65400,sqft,65400,plot_area,-0.0688,asking_price,advertised_not_independently_verified,consistent_within_rounding_tolerance,,Magicbricks,S113,https://www.magicbricks.com/commercial-property-for-sale-in-viluppuram-pppfs,2026-09-27,,viluppuram,Viluppuram,portal_locality_assignment_not_cadastral_verified,,individual_advertisement_not_locality_or_district_benchmark,"Asking price only; seller, title, availability, legal use and transaction price not verified."
TN-ae832ebe9310,Viluppuram,East Shanmugapuram Colony,residential_plot,land,5000,advertised_total_divided_by_source_area,5000,5000000,1000,sqft,1000,plot_area,0,asking_price,advertised_not_independently_verified,consistent_within_rounding_tolerance,,Magicbricks,S116,https://www.magicbricks.com/property-for-sale-in-viluppuram-pppfs,2026-09-27,,viluppuram,Viluppuram,portal_locality_assignment_not_cadastral_verified,,individual_advertisement_not_locality_or_district_benchmark,"Asking price only; seller, title, availability, legal use and transaction price not verified."
TN-7417ab2e1deb,Viluppuram,"Irumbai, Viluppuram",residential_plot,land,2000,advertised_total_divided_by_source_area,2000,18000000,9000,sqft,9000,plot_area,0,asking_price,advertised_not_independently_verified,consistent_within_rounding_tolerance,,Housing.com,S155,https://housing.com/in/buy/viluppuram/plots-fid/,2026-09-27,,viluppuram,Viluppuram,portal_locality_assignment_not_cadastral_verified,,individual_advertisement_not_locality_or_district_benchmark,"Asking price only; seller, title, availability, legal use and transaction price not verified."
TN-bc7004f48564,Viluppuram,Marakkanam,residential_plot,land,2260.33,advertised_total_divided_by_source_area,2260,2900000,1283,sqft,1283,plot_area,-0.0145,asking_price,advertised_not_independently_verified,consistent_within_rounding_tolerance,,Magicbricks,S116,https://www.magicbricks.com/property-for-sale-in-viluppuram-pppfs,2026-09-27,,viluppuram,Viluppuram,portal_locality_assignment_not_cadastral_verified,,individual_advertisement_not_locality_or_district_benchmark,"Asking price only; seller, title, availability, legal use and transaction price not verified."
TN-9e0755734200,Viluppuram,"Marakkanam, Viluppuram",residential_plot,land,2500,advertised_total_divided_by_source_area,2500,3750000,1500,sqft,1500,plot_area,0,asking_price,advertised_not_independently_verified,consistent_within_rounding_tolerance,,Housing.com,S155,https://housing.com/in/buy/viluppuram/plots-fid/,2026-09-27,,viluppuram,Viluppuram,portal_locality_assignment_not_cadastral_verified,,individual_advertisement_not_locality_or_district_benchmark,"Asking price only; seller, title, availability, legal use and transaction price not verified."
TN-644ba5bb08b4,Viluppuram,Tindivanam,residential_plot,land,350,advertised_total_divided_by_source_area,350,700000,2000,sqft,2000,plot_area,0,asking_price,advertised_not_independently_verified,consistent_within_rounding_tolerance,,Magicbricks,S116,https://www.magicbricks.com/property-for-sale-in-viluppuram-pppfs,2026-09-27,,viluppuram,Viluppuram,portal_locality_assignment_not_cadastral_verified,,individual_advertisement_not_locality_or_district_benchmark,"Asking price only; seller, title, availability, legal use and transaction price not verified."
TN-44695d731147,Viluppuram,Tindivanam,residential_plot,land,1103.24,advertised_total_divided_by_source_area,1100,1090000,988,sqft,988,plot_area,-0.2936,asking_price,advertised_not_independently_verified,consistent_within_rounding_tolerance,,Magicbricks,S116,https://www.magicbricks.com/property-for-sale-in-viluppuram-pppfs,2026-09-27,,viluppuram,Viluppuram,portal_locality_assignment_not_cadastral_verified,,individual_advertisement_not_locality_or_district_benchmark,"Asking price only; seller, title, availability, legal use and transaction price not verified."
TN-ecf744e5ab78,Viluppuram,"Vanur, Viluppuram",residential_plot,land,750,advertised_total_divided_by_source_area,750,7500000,10000,sqft,10000,plot_area,0,asking_price,advertised_not_independently_verified,consistent_within_rounding_tolerance,,Housing.com,S155,https://housing.com/in/buy/viluppuram/plots-fid/,2026-09-27,,viluppuram,Viluppuram,portal_locality_assignment_not_cadastral_verified,,individual_advertisement_not_locality_or_district_benchmark,"Asking price only; seller, title, availability, legal use and transaction price not verified."
TN-33859cbdf873,Viluppuram,"Vanur, Viluppuram",residential_plot,land,1000,advertised_total_divided_by_source_area,1000,5000000,5000,sqft,5000,plot_area,0,asking_price,advertised_not_independently_verified,consistent_within_rounding_tolerance,,Housing.com,S155,https://housing.com/in/buy/viluppuram/plots-fid/,2026-09-27,,viluppuram,Viluppuram,portal_locality_assignment_not_cadastral_verified,,individual_advertisement_not_locality_or_district_benchmark,"Asking price only; seller, title, availability, legal use and transaction price not verified."
TN-4931ed0ea4ea,Viluppuram,Marakkanam,villa,built_property,6590.91,advertised_total_divided_by_source_area,6591,5800000,880,sqft,880,carpet_area,0.0014,asking_price,advertised_not_independently_verified,consistent_within_rounding_tolerance,,Magicbricks,S116,https://www.magicbricks.com/property-for-sale-in-viluppuram-pppfs,2026-09-27,,viluppuram,Viluppuram,portal_locality_assignment_not_cadastral_verified,,individual_advertisement_not_locality_or_district_benchmark,"Asking price only; seller, title, availability, legal use and transaction price not verified."
TN-b07c27ca86df,Virudhunagar,Aruppukkottai,agricultural_land,land,27.55,advertised_total_divided_by_source_area,28,6000000,217800,sqft,217800,plot_area,1.64,asking_price,advertised_not_independently_verified,consistent_within_rounding_tolerance,,Magicbricks,S076,https://www.magicbricks.com/agricultural-land-for-sale-in-virudhunagar-pppfs,2026-09-27,,virudhunagar,Virudhunagar,portal_locality_assignment_not_cadastral_verified,,individual_advertisement_not_locality_or_district_benchmark,"Asking price only; seller, title, availability, legal use and transaction price not verified."
TN-6603e9f163b2,Virudhunagar,Aruppukkottai,agricultural_land,land,650.32,advertised_total_divided_by_source_area,650,35000000,53820,sqft,53820,plot_area,-0.0486,asking_price,advertised_not_independently_verified,consistent_within_rounding_tolerance,,Magicbricks,S076,https://www.magicbricks.com/agricultural-land-for-sale-in-virudhunagar-pppfs,2026-09-27,,virudhunagar,Virudhunagar,portal_locality_assignment_not_cadastral_verified,,individual_advertisement_not_locality_or_district_benchmark,"Asking price only; seller, title, availability, legal use and transaction price not verified."
TN-f368f7d00a5c,Virudhunagar,Sattur,agricultural_land,land,18.98,advertised_total_divided_by_source_area,19,4300000,226512,sqft,226512,plot_area,0.0867,asking_price,advertised_not_independently_verified,consistent_within_rounding_tolerance,,Magicbricks,S076,https://www.magicbricks.com/agricultural-land-for-sale-in-virudhunagar-pppfs,2026-09-27,,virudhunagar,Virudhunagar,portal_locality_assignment_not_cadastral_verified,,individual_advertisement_not_locality_or_district_benchmark,"Asking price only; seller, title, availability, legal use and transaction price not verified."
TN-e3de076df98e,Virudhunagar,Sattur,agricultural_land,land,44.27,advertised_total_divided_by_source_area,44,27000000,609900,sqft,609900,plot_area,-0.6089,asking_price,advertised_not_independently_verified,consistent_within_rounding_tolerance,,Magicbricks,S076,https://www.magicbricks.com/agricultural-land-for-sale-in-virudhunagar-pppfs,2026-09-27,,virudhunagar,Virudhunagar,portal_locality_assignment_not_cadastral_verified,,individual_advertisement_not_locality_or_district_benchmark,"Asking price only; seller, title, availability, legal use and transaction price not verified."
TN-7689b04a8f31,Virudhunagar,Sattur,agricultural_land,land,63.13,advertised_total_divided_by_source_area,63,5500000,87120,sqft,87120,plot_area,-0.208,asking_price,advertised_not_independently_verified,consistent_within_rounding_tolerance,,Magicbricks,S076,https://www.magicbricks.com/agricultural-land-for-sale-in-virudhunagar-pppfs,2026-09-27,,virudhunagar,Virudhunagar,portal_locality_assignment_not_cadastral_verified,,individual_advertisement_not_locality_or_district_benchmark,"Asking price only; seller, title, availability, legal use and transaction price not verified."
TN-15c823235f6c,Virudhunagar,Virudhunagar,agricultural_land,land,40.51,advertised_total_divided_by_source_area,41,6000000,148100,sqft,148100,plot_area,1.2017,asking_price,advertised_not_independently_verified,consistent_within_rounding_tolerance,,Magicbricks,S076,https://www.magicbricks.com/agricultural-land-for-sale-in-virudhunagar-pppfs,2026-09-27,,virudhunagar,Virudhunagar,portal_locality_assignment_not_cadastral_verified,,individual_advertisement_not_locality_or_district_benchmark,"Asking price only; seller, title, availability, legal use and transaction price not verified."
TN-ca1633ea05fa,Virudhunagar,Rajapalayam,commercial_land,land,918.3,advertised_total_divided_by_source_area,918,27200000,29620,sqft,29620,plot_area,-0.0325,asking_price,advertised_not_independently_verified,consistent_within_rounding_tolerance,,Magicbricks,S114,https://www.magicbricks.com/commercial-property-for-sale-in-virudhunagar-pppfs,2026-09-27,,virudhunagar,Virudhunagar,portal_locality_assignment_not_cadastral_verified,,individual_advertisement_not_locality_or_district_benchmark,"Asking price only; seller, title, availability, legal use and transaction price not verified."
TN-0f76e151f4e0,Virudhunagar,Sattur,commercial_land,land,327.99,advertised_total_divided_by_source_area,328,9000000,27440,sqft,27440,plot_area,0.0036,asking_price,advertised_not_independently_verified,consistent_within_rounding_tolerance,,Magicbricks,S114,https://www.magicbricks.com/commercial-property-for-sale-in-virudhunagar-pppfs,2026-09-27,,virudhunagar,Virudhunagar,portal_locality_assignment_not_cadastral_verified,,individual_advertisement_not_locality_or_district_benchmark,"Asking price only; seller, title, availability, legal use and transaction price not verified."
TN-f20c6c299c50,Virudhunagar,Virudhunagar Main Road,commercial_land,land,594.73,advertised_total_divided_by_source_area,595,7000000,11770,sqft,11770,plot_area,0.045,asking_price,advertised_not_independently_verified,consistent_within_rounding_tolerance,,Magicbricks,S114,https://www.magicbricks.com/commercial-property-for-sale-in-virudhunagar-pppfs,2026-09-27,,virudhunagar,Virudhunagar,portal_locality_assignment_not_cadastral_verified,,individual_advertisement_not_locality_or_district_benchmark,"Asking price only; seller, title, availability, legal use and transaction price not verified."
TN-3a57cf0254ee,Virudhunagar,Rajapalayam,independent_house,built_property,5683.84,advertised_total_divided_by_source_area,5684,3200000,563,sqft,563,super_area,0.0029,asking_price,advertised_not_independently_verified,consistent_within_rounding_tolerance,,Magicbricks,S038,https://www.magicbricks.com/property-for-sale-in-virudhunagar-pppfs,2026-09-27,,virudhunagar,Virudhunagar,portal_locality_assignment_not_cadastral_verified,,individual_advertisement_not_locality_or_district_benchmark,"Asking price only; seller, title, availability, legal use and transaction price not verified."
TN-f4eb38d53d11,Virudhunagar,Sattur,independent_house,built_property,2276.42,advertised_total_divided_by_source_area,2276,4200000,1845,sqft,1845,super_area,-0.0186,asking_price,advertised_not_independently_verified,consistent_within_rounding_tolerance,,Magicbricks,S038,https://www.magicbricks.com/property-for-sale-in-virudhunagar-pppfs,2026-09-27,,virudhunagar,Virudhunagar,portal_locality_assignment_not_cadastral_verified,,individual_advertisement_not_locality_or_district_benchmark,"Asking price only; seller, title, availability, legal use and transaction price not verified."
TN-e4b7b8e0e564,Virudhunagar,Aruppukkottai,industrial_land,land,41.67,advertised_total_divided_by_source_area,42,300000,7200,sqft,7200,plot_area,0.8,asking_price,advertised_not_independently_verified,consistent_within_rounding_tolerance,,Magicbricks,S114,https://www.magicbricks.com/commercial-property-for-sale-in-virudhunagar-pppfs,2026-09-27,,virudhunagar,Virudhunagar,portal_locality_assignment_not_cadastral_verified,,individual_advertisement_not_locality_or_district_benchmark,"Asking price only; seller, title, availability, legal use and transaction price not verified."
TN-557a351b6b51,Virudhunagar,Aruppukkottai,residential_plot,land,3387.85,advertised_total_divided_by_source_area,3388,2900000,856,sqft,856,plot_area,0.0044,asking_price,advertised_not_independently_verified,consistent_within_rounding_tolerance,,Magicbricks,S038,https://www.magicbricks.com/property-for-sale-in-virudhunagar-pppfs,2026-09-27,,virudhunagar,Virudhunagar,portal_locality_assignment_not_cadastral_verified,,individual_advertisement_not_locality_or_district_benchmark,"Asking price only; seller, title, availability, legal use and transaction price not verified."
TN-b4f604ee3bd8,Virudhunagar,"Aruppukkottai, Virudhunagar",residential_plot,land,812.5,advertised_total_divided_by_source_area,812,1300000,1600,sqft,1600,plot_area,-0.0615,asking_price,advertised_not_independently_verified,consistent_within_rounding_tolerance,,Housing.com,S156,https://housing.com/in/buy/virudhunagar/plots-fid/,2026-09-27,,virudhunagar,Virudhunagar,portal_locality_assignment_not_cadastral_verified,,individual_advertisement_not_locality_or_district_benchmark,"Asking price only; seller, title, availability, legal use and transaction price not verified."
TN-3751a6bb2574,Virudhunagar,"Aruppukkottai, Virudhunagar",residential_plot,land,1481.48,advertised_total_divided_by_source_area,1480,2000000,1350,sqft,1350,plot_area,-0.1,asking_price,advertised_not_independently_verified,consistent_within_rounding_tolerance,,Housing.com,S156,https://housing.com/in/buy/virudhunagar/plots-fid/,2026-09-27,,virudhunagar,Virudhunagar,portal_locality_assignment_not_cadastral_verified,,individual_advertisement_not_locality_or_district_benchmark,"Asking price only; seller, title, availability, legal use and transaction price not verified."
TN-80be08781e36,Virudhunagar,"Aruppukkottai, Virudhunagar",residential_plot,land,11007.19,advertised_total_divided_by_source_area,11000,30600000,2780,sqft,2780,plot_area,-0.0654,asking_price,advertised_not_independently_verified,consistent_within_rounding_tolerance,,Housing.com,S156,https://housing.com/in/buy/virudhunagar/plots-fid/,2026-09-27,,virudhunagar,Virudhunagar,portal_locality_assignment_not_cadastral_verified,,individual_advertisement_not_locality_or_district_benchmark,"Asking price only; seller, title, availability, legal use and transaction price not verified."
TN-2d1a8579a794,Virudhunagar,Kooraikundu,residential_plot,land,1190.48,advertised_total_divided_by_source_area,1190,4000000,3360,sqft,3360,plot_area,-0.04,asking_price,advertised_not_independently_verified,consistent_within_rounding_tolerance,,Magicbricks,S038,https://www.magicbricks.com/property-for-sale-in-virudhunagar-pppfs,2026-09-27,,virudhunagar,Virudhunagar,portal_locality_assignment_not_cadastral_verified,,individual_advertisement_not_locality_or_district_benchmark,"Asking price only; seller, title, availability, legal use and transaction price not verified."
TN-fb515ce6e952,Virudhunagar,"Sattur, Virudhunagar",residential_plot,land,1166.67,advertised_total_divided_by_source_area,1170,1400000,1200,sqft,1200,plot_area,0.2857,asking_price,advertised_not_independently_verified,consistent_within_rounding_tolerance,,Housing.com,S156,https://housing.com/in/buy/virudhunagar/plots-fid/,2026-09-27,,virudhunagar,Virudhunagar,portal_locality_assignment_not_cadastral_verified,,individual_advertisement_not_locality_or_district_benchmark,"Asking price only; seller, title, availability, legal use and transaction price not verified."
TN-ee16a1f690c9,Virudhunagar,"Sivagami Puram, Virudhunagar",residential_plot,land,1388.89,advertised_total_divided_by_source_area,1390,2500000,1800,sqft,1800,plot_area,0.08,asking_price,advertised_not_independently_verified,consistent_within_rounding_tolerance,,Housing.com,S156,https://housing.com/in/buy/virudhunagar/plots-fid/,2026-09-27,,virudhunagar,Virudhunagar,portal_locality_assignment_not_cadastral_verified,,individual_advertisement_not_locality_or_district_benchmark,"Asking price only; seller, title, availability, legal use and transaction price not verified."
TN-4dc80c831a6f,Virudhunagar,"Thiruthangal, Sivakasi",residential_plot,land,777.78,advertised_total_divided_by_source_area,777,4200000,5400,sqft,5400,plot_area,-0.1,asking_price,advertised_not_independently_verified,consistent_within_rounding_tolerance,,Housing.com,S156,https://housing.com/in/buy/virudhunagar/plots-fid/,2026-09-27,,virudhunagar,Virudhunagar,portal_locality_assignment_not_cadastral_verified,,individual_advertisement_not_locality_or_district_benchmark,"Asking price only; seller, title, availability, legal use and transaction price not verified."
TN-e8f6b01e4238,Virudhunagar,Virudhunagar Main Road,residential_plot,land,3592.81,advertised_total_divided_by_source_area,3593,6000000,1670,sqft,1670,plot_area,0.0052,asking_price,advertised_not_independently_verified,consistent_within_rounding_tolerance,,Magicbricks,S038,https://www.magicbricks.com/property-for-sale-in-virudhunagar-pppfs,2026-09-27,,virudhunagar,Virudhunagar,portal_locality_assignment_not_cadastral_verified,,individual_advertisement_not_locality_or_district_benchmark,"Asking price only; seller, title, availability, legal use and transaction price not verified."
